tipo_cliente,metodo_pago,dispositivo,estado_red,region_fiscal,envio
Nuevo,Tarjeta,Movil,Buena,LATAM,Economico
Nuevo,Tarjeta,Movil,Buena,LATAM,Estandar
Nuevo,Tarjeta,Movil,Buena,LATAM,Express
Nuevo,Tarjeta,Movil,Buena,LATAM,Pickup
Nuevo,Tarjeta,Movil,Buena,EU,Economico
Nuevo,Tarjeta,Movil,Buena,EU,Estandar
Nuevo,Tarjeta,Movil,Buena,EU,Express
Nuevo,Tarjeta,Movil,Buena,EU,Pickup
Nuevo,Tarjeta,Movil,Buena,US,Economico
Nuevo,Tarjeta,Movil,Buena,US,Estandar
Nuevo,Tarjeta,Movil,Buena,US,Express
Nuevo,Tarjeta,Movil,Buena,US,Pickup
Nuevo,Tarjeta,Movil,Buena,APAC,Economico
Nuevo,Tarjeta,Movil,Buena,APAC,Estandar
Nuevo,Tarjeta,Movil,Buena,APAC,Express
Nuevo,Tarjeta,Movil,Buena,APAC,Pickup
Nuevo,Tarjeta,Movil,Media,LATAM,Economico
Nuevo,Tarjeta,Movil,Media,LATAM,Estandar
Nuevo,Tarjeta,Movil,Media,LATAM,Express
Nuevo,Tarjeta,Movil,Media,LATAM,Pickup
Nuevo,Tarjeta,Movil,Media,EU,Economico
Nuevo,Tarjeta,Movil,Media,EU,Estandar
Nuevo,Tarjeta,Movil,Media,EU,Express
Nuevo,Tarjeta,Movil,Media,EU,Pickup
Nuevo,Tarjeta,Movil,Media,US,Economico
Nuevo,Tarjeta,Movil,Media,US,Estandar
Nuevo,Tarjeta,Movil,Media,US,Express
Nuevo,Tarjeta,Movil,Media,US,Pickup
Nuevo,Tarjeta,Movil,Media,APAC,Economico
Nuevo,Tarjeta,Movil,Media,APAC,Estandar
Nuevo,Tarjeta,Movil,Media,APAC,Express
Nuevo,Tarjeta,Movil,Media,APAC,Pickup
Nuevo,Tarjeta,Movil,Lenta,LATAM,Economico
Nuevo,Tarjeta,Movil,Lenta,LATAM,Estandar
Nuevo,Tarjeta,Movil,Lenta,LATAM,Express
Nuevo,Tarjeta,Movil,Lenta,LATAM,Pickup
Nuevo,Tarjeta,Movil,Lenta,EU,Economico
Nuevo,Tarjeta,Movil,Lenta,EU,Estandar
Nuevo,Tarjeta,Movil,Lenta,EU,Express
Nuevo,Tarjeta,Movil,Lenta,EU,Pickup
Nuevo,Tarjeta,Movil,Lenta,US,Economico
Nuevo,Tarjeta,Movil,Lenta,US,Estandar
Nuevo,Tarjeta,Movil,Lenta,US,Express
Nuevo,Tarjeta,Movil,Lenta,US,Pickup
Nuevo,Tarjeta,Movil,Lenta,APAC,Economico
Nuevo,Tarjeta,Movil,Lenta,APAC,Estandar
Nuevo,Tarjeta,Movil,Lenta,APAC,Express
Nuevo,Tarjeta,Movil,Lenta,APAC,Pickup
Nuevo,Tarjeta,Movil,Intermitente,LATAM,Economico
Nuevo,Tarjeta,Movil,Intermitente,LATAM,Estandar
Nuevo,Tarjeta,Movil,Intermitente,LATAM,Express
Nuevo,Tarjeta,Movil,Intermitente,LATAM,Pickup
Nuevo,Tarjeta,Movil,Intermitente,EU,Economico
Nuevo,Tarjeta,Movil,Intermitente,EU,Estandar
Nuevo,Tarjeta,Movil,Intermitente,EU,Express
Nuevo,Tarjeta,Movil,Intermitente,EU,Pickup
Nuevo,Tarjeta,Movil,Intermitente,US,Economico
Nuevo,Tarjeta,Movil,Intermitente,US,Estandar
Nuevo,Tarjeta,Movil,Intermitente,US,Express
Nuevo,Tarjeta,Movil,Intermitente,US,Pickup
Nuevo,Tarjeta,Movil,Intermitente,APAC,Economico
Nuevo,Tarjeta,Movil,Intermitente,APAC,Estandar
Nuevo,Tarjeta,Movil,Intermitente,APAC,Express
Nuevo,Tarjeta,Movil,Intermitente,APAC,Pickup
Nuevo,Tarjeta,Movil,SinConexion,LATAM,Economico
Nuevo,Tarjeta,Movil,SinConexion,LATAM,Estandar
Nuevo,Tarjeta,Movil,SinConexion,LATAM,Express
Nuevo,Tarjeta,Movil,SinConexion,LATAM,Pickup
Nuevo,Tarjeta,Movil,SinConexion,EU,Economico
Nuevo,Tarjeta,Movil,SinConexion,EU,Estandar
Nuevo,Tarjeta,Movil,SinConexion,EU,Express
Nuevo,Tarjeta,Movil,SinConexion,EU,Pickup
Nuevo,Tarjeta,Movil,SinConexion,US,Economico
Nuevo,Tarjeta,Movil,SinConexion,US,Estandar
Nuevo,Tarjeta,Movil,SinConexion,US,Express
Nuevo,Tarjeta,Movil,SinConexion,US,Pickup
Nuevo,Tarjeta,Movil,SinConexion,APAC,Economico
Nuevo,Tarjeta,Movil,SinConexion,APAC,Estandar
Nuevo,Tarjeta,Movil,SinConexion,APAC,Express
Nuevo,Tarjeta,Movil,SinConexion,APAC,Pickup
Nuevo,Tarjeta,Desktop,Buena,LATAM,Economico
Nuevo,Tarjeta,Desktop,Buena,LATAM,Estandar
Nuevo,Tarjeta,Desktop,Buena,LATAM,Express
Nuevo,Tarjeta,Desktop,Buena,LATAM,Pickup
Nuevo,Tarjeta,Desktop,Buena,EU,Economico
Nuevo,Tarjeta,Desktop,Buena,EU,Estandar
Nuevo,Tarjeta,Desktop,Buena,EU,Express
Nuevo,Tarjeta,Desktop,Buena,EU,Pickup
Nuevo,Tarjeta,Desktop,Buena,US,Economico
Nuevo,Tarjeta,Desktop,Buena,US,Estandar
Nuevo,Tarjeta,Desktop,Buena,US,Express
Nuevo,Tarjeta,Desktop,Buena,US,Pickup
Nuevo,Tarjeta,Desktop,Buena,APAC,Economico
Nuevo,Tarjeta,Desktop,Buena,APAC,Estandar
Nuevo,Tarjeta,Desktop,Buena,APAC,Express
Nuevo,Tarjeta,Desktop,Buena,APAC,Pickup
Nuevo,Tarjeta,Desktop,Media,LATAM,Economico
Nuevo,Tarjeta,Desktop,Media,LATAM,Estandar
Nuevo,Tarjeta,Desktop,Media,LATAM,Express
Nuevo,Tarjeta,Desktop,Media,LATAM,Pickup
Nuevo,Tarjeta,Desktop,Media,EU,Economico
Nuevo,Tarjeta,Desktop,Media,EU,Estandar
Nuevo,Tarjeta,Desktop,Media,EU,Express
Nuevo,Tarjeta,Desktop,Media,EU,Pickup
Nuevo,Tarjeta,Desktop,Media,US,Economico
Nuevo,Tarjeta,Desktop,Media,US,Estandar
Nuevo,Tarjeta,Desktop,Media,US,Express
Nuevo,Tarjeta,Desktop,Media,US,Pickup
Nuevo,Tarjeta,Desktop,Media,APAC,Economico
Nuevo,Tarjeta,Desktop,Media,APAC,Estandar
Nuevo,Tarjeta,Desktop,Media,APAC,Express
Nuevo,Tarjeta,Desktop,Media,APAC,Pickup
Nuevo,Tarjeta,Desktop,Lenta,LATAM,Economico
Nuevo,Tarjeta,Desktop,Lenta,LATAM,Estandar
Nuevo,Tarjeta,Desktop,Lenta,LATAM,Express
Nuevo,Tarjeta,Desktop,Lenta,LATAM,Pickup
Nuevo,Tarjeta,Desktop,Lenta,EU,Economico
Nuevo,Tarjeta,Desktop,Lenta,EU,Estandar
Nuevo,Tarjeta,Desktop,Lenta,EU,Express
Nuevo,Tarjeta,Desktop,Lenta,EU,Pickup
Nuevo,Tarjeta,Desktop,Lenta,US,Economico
Nuevo,Tarjeta,Desktop,Lenta,US,Estandar
Nuevo,Tarjeta,Desktop,Lenta,US,Express
Nuevo,Tarjeta,Desktop,Lenta,US,Pickup
Nuevo,Tarjeta,Desktop,Lenta,APAC,Economico
Nuevo,Tarjeta,Desktop,Lenta,APAC,Estandar
Nuevo,Tarjeta,Desktop,Lenta,APAC,Express
Nuevo,Tarjeta,Desktop,Lenta,APAC,Pickup
Nuevo,Tarjeta,Desktop,Intermitente,LATAM,Economico
Nuevo,Tarjeta,Desktop,Intermitente,LATAM,Estandar
Nuevo,Tarjeta,Desktop,Intermitente,LATAM,Express
Nuevo,Tarjeta,Desktop,Intermitente,LATAM,Pickup
Nuevo,Tarjeta,Desktop,Intermitente,EU,Economico
Nuevo,Tarjeta,Desktop,Intermitente,EU,Estandar
Nuevo,Tarjeta,Desktop,Intermitente,EU,Express
Nuevo,Tarjeta,Desktop,Intermitente,EU,Pickup
Nuevo,Tarjeta,Desktop,Intermitente,US,Economico
Nuevo,Tarjeta,Desktop,Intermitente,US,Estandar
Nuevo,Tarjeta,Desktop,Intermitente,US,Express
Nuevo,Tarjeta,Desktop,Intermitente,US,Pickup
Nuevo,Tarjeta,Desktop,Intermitente,APAC,Economico
Nuevo,Tarjeta,Desktop,Intermitente,APAC,Estandar
Nuevo,Tarjeta,Desktop,Intermitente,APAC,Express
Nuevo,Tarjeta,Desktop,Intermitente,APAC,Pickup
Nuevo,Tarjeta,Desktop,SinConexion,LATAM,Economico
Nuevo,Tarjeta,Desktop,SinConexion,LATAM,Estandar
Nuevo,Tarjeta,Desktop,SinConexion,LATAM,Express
Nuevo,Tarjeta,Desktop,SinConexion,LATAM,Pickup
Nuevo,Tarjeta,Desktop,SinConexion,EU,Economico
Nuevo,Tarjeta,Desktop,SinConexion,EU,Estandar
Nuevo,Tarjeta,Desktop,SinConexion,EU,Express
Nuevo,Tarjeta,Desktop,SinConexion,EU,Pickup
Nuevo,Tarjeta,Desktop,SinConexion,US,Economico
Nuevo,Tarjeta,Desktop,SinConexion,US,Estandar
Nuevo,Tarjeta,Desktop,SinConexion,US,Express
Nuevo,Tarjeta,Desktop,SinConexion,US,Pickup
Nuevo,Tarjeta,Desktop,SinConexion,APAC,Economico
Nuevo,Tarjeta,Desktop,SinConexion,APAC,Estandar
Nuevo,Tarjeta,Desktop,SinConexion,APAC,Express
Nuevo,Tarjeta,Desktop,SinConexion,APAC,Pickup
Nuevo,Tarjeta,Tableta,Buena,LATAM,Economico
Nuevo,Tarjeta,Tableta,Buena,LATAM,Estandar
Nuevo,Tarjeta,Tableta,Buena,LATAM,Express
Nuevo,Tarjeta,Tableta,Buena,LATAM,Pickup
Nuevo,Tarjeta,Tableta,Buena,EU,Economico
Nuevo,Tarjeta,Tableta,Buena,EU,Estandar
Nuevo,Tarjeta,Tableta,Buena,EU,Express
Nuevo,Tarjeta,Tableta,Buena,EU,Pickup
Nuevo,Tarjeta,Tableta,Buena,US,Economico
Nuevo,Tarjeta,Tableta,Buena,US,Estandar
Nuevo,Tarjeta,Tableta,Buena,US,Express
Nuevo,Tarjeta,Tableta,Buena,US,Pickup
Nuevo,Tarjeta,Tableta,Buena,APAC,Economico
Nuevo,Tarjeta,Tableta,Buena,APAC,Estandar
Nuevo,Tarjeta,Tableta,Buena,APAC,Express
Nuevo,Tarjeta,Tableta,Buena,APAC,Pickup
Nuevo,Tarjeta,Tableta,Media,LATAM,Economico
Nuevo,Tarjeta,Tableta,Media,LATAM,Estandar
Nuevo,Tarjeta,Tableta,Media,LATAM,Express
Nuevo,Tarjeta,Tableta,Media,LATAM,Pickup
Nuevo,Tarjeta,Tableta,Media,EU,Economico
Nuevo,Tarjeta,Tableta,Media,EU,Estandar
Nuevo,Tarjeta,Tableta,Media,EU,Express
Nuevo,Tarjeta,Tableta,Media,EU,Pickup
Nuevo,Tarjeta,Tableta,Media,US,Economico
Nuevo,Tarjeta,Tableta,Media,US,Estandar
Nuevo,Tarjeta,Tableta,Media,US,Express
Nuevo,Tarjeta,Tableta,Media,US,Pickup
Nuevo,Tarjeta,Tableta,Media,APAC,Economico
Nuevo,Tarjeta,Tableta,Media,APAC,Estandar
Nuevo,Tarjeta,Tableta,Media,APAC,Express
Nuevo,Tarjeta,Tableta,Media,APAC,Pickup
Nuevo,Tarjeta,Tableta,Lenta,LATAM,Economico
Nuevo,Tarjeta,Tableta,Lenta,LATAM,Estandar
Nuevo,Tarjeta,Tableta,Lenta,LATAM,Express
Nuevo,Tarjeta,Tableta,Lenta,LATAM,Pickup
Nuevo,Tarjeta,Tableta,Lenta,EU,Economico
Nuevo,Tarjeta,Tableta,Lenta,EU,Estandar
Nuevo,Tarjeta,Tableta,Lenta,EU,Express
Nuevo,Tarjeta,Tableta,Lenta,EU,Pickup
Nuevo,Tarjeta,Tableta,Lenta,US,Economico
Nuevo,Tarjeta,Tableta,Lenta,US,Estandar
Nuevo,Tarjeta,Tableta,Lenta,US,Express
Nuevo,Tarjeta,Tableta,Lenta,US,Pickup
Nuevo,Tarjeta,Tableta,Lenta,APAC,Economico
Nuevo,Tarjeta,Tableta,Lenta,APAC,Estandar
Nuevo,Tarjeta,Tableta,Lenta,APAC,Express
Nuevo,Tarjeta,Tableta,Lenta,APAC,Pickup
Nuevo,Tarjeta,Tableta,Intermitente,LATAM,Economico
Nuevo,Tarjeta,Tableta,Intermitente,LATAM,Estandar
Nuevo,Tarjeta,Tableta,Intermitente,LATAM,Express
Nuevo,Tarjeta,Tableta,Intermitente,LATAM,Pickup
Nuevo,Tarjeta,Tableta,Intermitente,EU,Economico
Nuevo,Tarjeta,Tableta,Intermitente,EU,Estandar
Nuevo,Tarjeta,Tableta,Intermitente,EU,Express
Nuevo,Tarjeta,Tableta,Intermitente,EU,Pickup
Nuevo,Tarjeta,Tableta,Intermitente,US,Economico
Nuevo,Tarjeta,Tableta,Intermitente,US,Estandar
Nuevo,Tarjeta,Tableta,Intermitente,US,Express
Nuevo,Tarjeta,Tableta,Intermitente,US,Pickup
Nuevo,Tarjeta,Tableta,Intermitente,APAC,Economico
Nuevo,Tarjeta,Tableta,Intermitente,APAC,Estandar
Nuevo,Tarjeta,Tableta,Intermitente,APAC,Express
Nuevo,Tarjeta,Tableta,Intermitente,APAC,Pickup
Nuevo,Tarjeta,Tableta,SinConexion,LATAM,Economico
Nuevo,Tarjeta,Tableta,SinConexion,LATAM,Estandar
Nuevo,Tarjeta,Tableta,SinConexion,LATAM,Express
Nuevo,Tarjeta,Tableta,SinConexion,LATAM,Pickup
Nuevo,Tarjeta,Tableta,SinConexion,EU,Economico
Nuevo,Tarjeta,Tableta,SinConexion,EU,Estandar
Nuevo,Tarjeta,Tableta,SinConexion,EU,Express
Nuevo,Tarjeta,Tableta,SinConexion,EU,Pickup
Nuevo,Tarjeta,Tableta,SinConexion,US,Economico
Nuevo,Tarjeta,Tableta,SinConexion,US,Estandar
Nuevo,Tarjeta,Tableta,SinConexion,US,Express
Nuevo,Tarjeta,Tableta,SinConexion,US,Pickup
Nuevo,Tarjeta,Tableta,SinConexion,APAC,Economico
Nuevo,Tarjeta,Tableta,SinConexion,APAC,Estandar
Nuevo,Tarjeta,Tableta,SinConexion,APAC,Express
Nuevo,Tarjeta,Tableta,SinConexion,APAC,Pickup
Nuevo,Tarjeta,SmartTV,Buena,LATAM,Economico
Nuevo,Tarjeta,SmartTV,Buena,LATAM,Estandar
Nuevo,Tarjeta,SmartTV,Buena,LATAM,Express
Nuevo,Tarjeta,SmartTV,Buena,LATAM,Pickup
Nuevo,Tarjeta,SmartTV,Buena,EU,Economico
Nuevo,Tarjeta,SmartTV,Buena,EU,Estandar
Nuevo,Tarjeta,SmartTV,Buena,EU,Express
Nuevo,Tarjeta,SmartTV,Buena,EU,Pickup
Nuevo,Tarjeta,SmartTV,Buena,US,Economico
Nuevo,Tarjeta,SmartTV,Buena,US,Estandar
Nuevo,Tarjeta,SmartTV,Buena,US,Express
Nuevo,Tarjeta,SmartTV,Buena,US,Pickup
Nuevo,Tarjeta,SmartTV,Buena,APAC,Economico
Nuevo,Tarjeta,SmartTV,Buena,APAC,Estandar
Nuevo,Tarjeta,SmartTV,Buena,APAC,Express
Nuevo,Tarjeta,SmartTV,Buena,APAC,Pickup
Nuevo,Tarjeta,SmartTV,Media,LATAM,Economico
Nuevo,Tarjeta,SmartTV,Media,LATAM,Estandar
Nuevo,Tarjeta,SmartTV,Media,LATAM,Express
Nuevo,Tarjeta,SmartTV,Media,LATAM,Pickup
Nuevo,Tarjeta,SmartTV,Media,EU,Economico
Nuevo,Tarjeta,SmartTV,Media,EU,Estandar
Nuevo,Tarjeta,SmartTV,Media,EU,Express
Nuevo,Tarjeta,SmartTV,Media,EU,Pickup
Nuevo,Tarjeta,SmartTV,Media,US,Economico
Nuevo,Tarjeta,SmartTV,Media,US,Estandar
Nuevo,Tarjeta,SmartTV,Media,US,Express
Nuevo,Tarjeta,SmartTV,Media,US,Pickup
Nuevo,Tarjeta,SmartTV,Media,APAC,Economico
Nuevo,Tarjeta,SmartTV,Media,APAC,Estandar
Nuevo,Tarjeta,SmartTV,Media,APAC,Express
Nuevo,Tarjeta,SmartTV,Media,APAC,Pickup
Nuevo,Tarjeta,SmartTV,Lenta,LATAM,Economico
Nuevo,Tarjeta,SmartTV,Lenta,LATAM,Estandar
Nuevo,Tarjeta,SmartTV,Lenta,LATAM,Express
Nuevo,Tarjeta,SmartTV,Lenta,LATAM,Pickup
Nuevo,Tarjeta,SmartTV,Lenta,EU,Economico
Nuevo,Tarjeta,SmartTV,Lenta,EU,Estandar
Nuevo,Tarjeta,SmartTV,Lenta,EU,Express
Nuevo,Tarjeta,SmartTV,Lenta,EU,Pickup
Nuevo,Tarjeta,SmartTV,Lenta,US,Economico
Nuevo,Tarjeta,SmartTV,Lenta,US,Estandar
Nuevo,Tarjeta,SmartTV,Lenta,US,Express
Nuevo,Tarjeta,SmartTV,Lenta,US,Pickup
Nuevo,Tarjeta,SmartTV,Lenta,APAC,Economico
Nuevo,Tarjeta,SmartTV,Lenta,APAC,Estandar
Nuevo,Tarjeta,SmartTV,Lenta,APAC,Express
Nuevo,Tarjeta,SmartTV,Lenta,APAC,Pickup
Nuevo,Tarjeta,SmartTV,Intermitente,LATAM,Economico
Nuevo,Tarjeta,SmartTV,Intermitente,LATAM,Estandar
Nuevo,Tarjeta,SmartTV,Intermitente,LATAM,Express
Nuevo,Tarjeta,SmartTV,Intermitente,LATAM,Pickup
Nuevo,Tarjeta,SmartTV,Intermitente,EU,Economico
Nuevo,Tarjeta,SmartTV,Intermitente,EU,Estandar
Nuevo,Tarjeta,SmartTV,Intermitente,EU,Express
Nuevo,Tarjeta,SmartTV,Intermitente,EU,Pickup
Nuevo,Tarjeta,SmartTV,Intermitente,US,Economico
Nuevo,Tarjeta,SmartTV,Intermitente,US,Estandar
Nuevo,Tarjeta,SmartTV,Intermitente,US,Express
Nuevo,Tarjeta,SmartTV,Intermitente,US,Pickup
Nuevo,Tarjeta,SmartTV,Intermitente,APAC,Economico
Nuevo,Tarjeta,SmartTV,Intermitente,APAC,Estandar
Nuevo,Tarjeta,SmartTV,Intermitente,APAC,Express
Nuevo,Tarjeta,SmartTV,Intermitente,APAC,Pickup
Nuevo,Tarjeta,SmartTV,SinConexion,LATAM,Economico
Nuevo,Tarjeta,SmartTV,SinConexion,LATAM,Estandar
Nuevo,Tarjeta,SmartTV,SinConexion,LATAM,Express
Nuevo,Tarjeta,SmartTV,SinConexion,LATAM,Pickup
Nuevo,Tarjeta,SmartTV,SinConexion,EU,Economico
Nuevo,Tarjeta,SmartTV,SinConexion,EU,Estandar
Nuevo,Tarjeta,SmartTV,SinConexion,EU,Express
Nuevo,Tarjeta,SmartTV,SinConexion,EU,Pickup
Nuevo,Tarjeta,SmartTV,SinConexion,US,Economico
Nuevo,Tarjeta,SmartTV,SinConexion,US,Estandar
Nuevo,Tarjeta,SmartTV,SinConexion,US,Express
Nuevo,Tarjeta,SmartTV,SinConexion,US,Pickup
Nuevo,Tarjeta,SmartTV,SinConexion,APAC,Economico
Nuevo,Tarjeta,SmartTV,SinConexion,APAC,Estandar
Nuevo,Tarjeta,SmartTV,SinConexion,APAC,Express
Nuevo,Tarjeta,SmartTV,SinConexion,APAC,Pickup
Nuevo,Tarjeta,Consola,Buena,LATAM,Economico
Nuevo,Tarjeta,Consola,Buena,LATAM,Estandar
Nuevo,Tarjeta,Consola,Buena,LATAM,Express
Nuevo,Tarjeta,Consola,Buena,LATAM,Pickup
Nuevo,Tarjeta,Consola,Buena,EU,Economico
Nuevo,Tarjeta,Consola,Buena,EU,Estandar
Nuevo,Tarjeta,Consola,Buena,EU,Express
Nuevo,Tarjeta,Consola,Buena,EU,Pickup
Nuevo,Tarjeta,Consola,Buena,US,Economico
Nuevo,Tarjeta,Consola,Buena,US,Estandar
Nuevo,Tarjeta,Consola,Buena,US,Express
Nuevo,Tarjeta,Consola,Buena,US,Pickup
Nuevo,Tarjeta,Consola,Buena,APAC,Economico
Nuevo,Tarjeta,Consola,Buena,APAC,Estandar
Nuevo,Tarjeta,Consola,Buena,APAC,Express
Nuevo,Tarjeta,Consola,Buena,APAC,Pickup
Nuevo,Tarjeta,Consola,Media,LATAM,Economico
Nuevo,Tarjeta,Consola,Media,LATAM,Estandar
Nuevo,Tarjeta,Consola,Media,LATAM,Express
Nuevo,Tarjeta,Consola,Media,LATAM,Pickup
Nuevo,Tarjeta,Consola,Media,EU,Economico
Nuevo,Tarjeta,Consola,Media,EU,Estandar
Nuevo,Tarjeta,Consola,Media,EU,Express
Nuevo,Tarjeta,Consola,Media,EU,Pickup
Nuevo,Tarjeta,Consola,Media,US,Economico
Nuevo,Tarjeta,Consola,Media,US,Estandar
Nuevo,Tarjeta,Consola,Media,US,Express
Nuevo,Tarjeta,Consola,Media,US,Pickup
Nuevo,Tarjeta,Consola,Media,APAC,Economico
Nuevo,Tarjeta,Consola,Media,APAC,Estandar
Nuevo,Tarjeta,Consola,Media,APAC,Express
Nuevo,Tarjeta,Consola,Media,APAC,Pickup
Nuevo,Tarjeta,Consola,Lenta,LATAM,Economico
Nuevo,Tarjeta,Consola,Lenta,LATAM,Estandar
Nuevo,Tarjeta,Consola,Lenta,LATAM,Express
Nuevo,Tarjeta,Consola,Lenta,LATAM,Pickup
Nuevo,Tarjeta,Consola,Lenta,EU,Economico
Nuevo,Tarjeta,Consola,Lenta,EU,Estandar
Nuevo,Tarjeta,Consola,Lenta,EU,Express
Nuevo,Tarjeta,Consola,Lenta,EU,Pickup
Nuevo,Tarjeta,Consola,Lenta,US,Economico
Nuevo,Tarjeta,Consola,Lenta,US,Estandar
Nuevo,Tarjeta,Consola,Lenta,US,Express
Nuevo,Tarjeta,Consola,Lenta,US,Pickup
Nuevo,Tarjeta,Consola,Lenta,APAC,Economico
Nuevo,Tarjeta,Consola,Lenta,APAC,Estandar
Nuevo,Tarjeta,Consola,Lenta,APAC,Express
Nuevo,Tarjeta,Consola,Lenta,APAC,Pickup
Nuevo,Tarjeta,Consola,Intermitente,LATAM,Economico
Nuevo,Tarjeta,Consola,Intermitente,LATAM,Estandar
Nuevo,Tarjeta,Consola,Intermitente,LATAM,Express
Nuevo,Tarjeta,Consola,Intermitente,LATAM,Pickup
Nuevo,Tarjeta,Consola,Intermitente,EU,Economico
Nuevo,Tarjeta,Consola,Intermitente,EU,Estandar
Nuevo,Tarjeta,Consola,Intermitente,EU,Express
Nuevo,Tarjeta,Consola,Intermitente,EU,Pickup
Nuevo,Tarjeta,Consola,Intermitente,US,Economico
Nuevo,Tarjeta,Consola,Intermitente,US,Estandar
Nuevo,Tarjeta,Consola,Intermitente,US,Express
Nuevo,Tarjeta,Consola,Intermitente,US,Pickup
Nuevo,Tarjeta,Consola,Intermitente,APAC,Economico
Nuevo,Tarjeta,Consola,Intermitente,APAC,Estandar
Nuevo,Tarjeta,Consola,Intermitente,APAC,Express
Nuevo,Tarjeta,Consola,Intermitente,APAC,Pickup
Nuevo,Tarjeta,Consola,SinConexion,LATAM,Economico
Nuevo,Tarjeta,Consola,SinConexion,LATAM,Estandar
Nuevo,Tarjeta,Consola,SinConexion,LATAM,Express
Nuevo,Tarjeta,Consola,SinConexion,LATAM,Pickup
Nuevo,Tarjeta,Consola,SinConexion,EU,Economico
Nuevo,Tarjeta,Consola,SinConexion,EU,Estandar
Nuevo,Tarjeta,Consola,SinConexion,EU,Express
Nuevo,Tarjeta,Consola,SinConexion,EU,Pickup
Nuevo,Tarjeta,Consola,SinConexion,US,Economico
Nuevo,Tarjeta,Consola,SinConexion,US,Estandar
Nuevo,Tarjeta,Consola,SinConexion,US,Express
Nuevo,Tarjeta,Consola,SinConexion,US,Pickup
Nuevo,Tarjeta,Consola,SinConexion,APAC,Economico
Nuevo,Tarjeta,Consola,SinConexion,APAC,Estandar
Nuevo,Tarjeta,Consola,SinConexion,APAC,Express
Nuevo,Tarjeta,Consola,SinConexion,APAC,Pickup
Nuevo,PayPal,Movil,Buena,LATAM,Economico
Nuevo,PayPal,Movil,Buena,LATAM,Estandar
Nuevo,PayPal,Movil,Buena,LATAM,Express
Nuevo,PayPal,Movil,Buena,LATAM,Pickup
Nuevo,PayPal,Movil,Buena,EU,Economico
Nuevo,PayPal,Movil,Buena,EU,Estandar
Nuevo,PayPal,Movil,Buena,EU,Express
Nuevo,PayPal,Movil,Buena,EU,Pickup
Nuevo,PayPal,Movil,Buena,US,Economico
Nuevo,PayPal,Movil,Buena,US,Estandar
Nuevo,PayPal,Movil,Buena,US,Express
Nuevo,PayPal,Movil,Buena,US,Pickup
Nuevo,PayPal,Movil,Buena,APAC,Economico
Nuevo,PayPal,Movil,Buena,APAC,Estandar
Nuevo,PayPal,Movil,Buena,APAC,Express
Nuevo,PayPal,Movil,Buena,APAC,Pickup
Nuevo,PayPal,Movil,Media,LATAM,Economico
Nuevo,PayPal,Movil,Media,LATAM,Estandar
Nuevo,PayPal,Movil,Media,LATAM,Express
Nuevo,PayPal,Movil,Media,LATAM,Pickup
Nuevo,PayPal,Movil,Media,EU,Economico
Nuevo,PayPal,Movil,Media,EU,Estandar
Nuevo,PayPal,Movil,Media,EU,Express
Nuevo,PayPal,Movil,Media,EU,Pickup
Nuevo,PayPal,Movil,Media,US,Economico
Nuevo,PayPal,Movil,Media,US,Estandar
Nuevo,PayPal,Movil,Media,US,Express
Nuevo,PayPal,Movil,Media,US,Pickup
Nuevo,PayPal,Movil,Media,APAC,Economico
Nuevo,PayPal,Movil,Media,APAC,Estandar
Nuevo,PayPal,Movil,Media,APAC,Express
Nuevo,PayPal,Movil,Media,APAC,Pickup
Nuevo,PayPal,Movil,Lenta,LATAM,Economico
Nuevo,PayPal,Movil,Lenta,LATAM,Estandar
Nuevo,PayPal,Movil,Lenta,LATAM,Express
Nuevo,PayPal,Movil,Lenta,LATAM,Pickup
Nuevo,PayPal,Movil,Lenta,EU,Economico
Nuevo,PayPal,Movil,Lenta,EU,Estandar
Nuevo,PayPal,Movil,Lenta,EU,Express
Nuevo,PayPal,Movil,Lenta,EU,Pickup
Nuevo,PayPal,Movil,Lenta,US,Economico
Nuevo,PayPal,Movil,Lenta,US,Estandar
Nuevo,PayPal,Movil,Lenta,US,Express
Nuevo,PayPal,Movil,Lenta,US,Pickup
Nuevo,PayPal,Movil,Lenta,APAC,Economico
Nuevo,PayPal,Movil,Lenta,APAC,Estandar
Nuevo,PayPal,Movil,Lenta,APAC,Express
Nuevo,PayPal,Movil,Lenta,APAC,Pickup
Nuevo,PayPal,Movil,Intermitente,LATAM,Economico
Nuevo,PayPal,Movil,Intermitente,LATAM,Estandar
Nuevo,PayPal,Movil,Intermitente,LATAM,Express
Nuevo,PayPal,Movil,Intermitente,LATAM,Pickup
Nuevo,PayPal,Movil,Intermitente,EU,Economico
Nuevo,PayPal,Movil,Intermitente,EU,Estandar
Nuevo,PayPal,Movil,Intermitente,EU,Express
Nuevo,PayPal,Movil,Intermitente,EU,Pickup
Nuevo,PayPal,Movil,Intermitente,US,Economico
Nuevo,PayPal,Movil,Intermitente,US,Estandar
Nuevo,PayPal,Movil,Intermitente,US,Express
Nuevo,PayPal,Movil,Intermitente,US,Pickup
Nuevo,PayPal,Movil,Intermitente,APAC,Economico
Nuevo,PayPal,Movil,Intermitente,APAC,Estandar
Nuevo,PayPal,Movil,Intermitente,APAC,Express
Nuevo,PayPal,Movil,Intermitente,APAC,Pickup
Nuevo,PayPal,Movil,SinConexion,LATAM,Economico
Nuevo,PayPal,Movil,SinConexion,LATAM,Estandar
Nuevo,PayPal,Movil,SinConexion,LATAM,Express
Nuevo,PayPal,Movil,SinConexion,LATAM,Pickup
Nuevo,PayPal,Movil,SinConexion,EU,Economico
Nuevo,PayPal,Movil,SinConexion,EU,Estandar
Nuevo,PayPal,Movil,SinConexion,EU,Express
Nuevo,PayPal,Movil,SinConexion,EU,Pickup
Nuevo,PayPal,Movil,SinConexion,US,Economico
Nuevo,PayPal,Movil,SinConexion,US,Estandar
Nuevo,PayPal,Movil,SinConexion,US,Express
Nuevo,PayPal,Movil,SinConexion,US,Pickup
Nuevo,PayPal,Movil,SinConexion,APAC,Economico
Nuevo,PayPal,Movil,SinConexion,APAC,Estandar
Nuevo,PayPal,Movil,SinConexion,APAC,Express
Nuevo,PayPal,Movil,SinConexion,APAC,Pickup
Nuevo,PayPal,Desktop,Buena,LATAM,Economico
Nuevo,PayPal,Desktop,Buena,LATAM,Estandar
Nuevo,PayPal,Desktop,Buena,LATAM,Express
Nuevo,PayPal,Desktop,Buena,LATAM,Pickup
Nuevo,PayPal,Desktop,Buena,EU,Economico
Nuevo,PayPal,Desktop,Buena,EU,Estandar
Nuevo,PayPal,Desktop,Buena,EU,Express
Nuevo,PayPal,Desktop,Buena,EU,Pickup
Nuevo,PayPal,Desktop,Buena,US,Economico
Nuevo,PayPal,Desktop,Buena,US,Estandar
Nuevo,PayPal,Desktop,Buena,US,Express
Nuevo,PayPal,Desktop,Buena,US,Pickup
Nuevo,PayPal,Desktop,Buena,APAC,Economico
Nuevo,PayPal,Desktop,Buena,APAC,Estandar
Nuevo,PayPal,Desktop,Buena,APAC,Express
Nuevo,PayPal,Desktop,Buena,APAC,Pickup
Nuevo,PayPal,Desktop,Media,LATAM,Economico
Nuevo,PayPal,Desktop,Media,LATAM,Estandar
Nuevo,PayPal,Desktop,Media,LATAM,Express
Nuevo,PayPal,Desktop,Media,LATAM,Pickup
Nuevo,PayPal,Desktop,Media,EU,Economico
Nuevo,PayPal,Desktop,Media,EU,Estandar
Nuevo,PayPal,Desktop,Media,EU,Express
Nuevo,PayPal,Desktop,Media,EU,Pickup
Nuevo,PayPal,Desktop,Media,US,Economico
Nuevo,PayPal,Desktop,Media,US,Estandar
Nuevo,PayPal,Desktop,Media,US,Express
Nuevo,PayPal,Desktop,Media,US,Pickup
Nuevo,PayPal,Desktop,Media,APAC,Economico
Nuevo,PayPal,Desktop,Media,APAC,Estandar
Nuevo,PayPal,Desktop,Media,APAC,Express
Nuevo,PayPal,Desktop,Media,APAC,Pickup
Nuevo,PayPal,Desktop,Lenta,LATAM,Economico
Nuevo,PayPal,Desktop,Lenta,LATAM,Estandar
Nuevo,PayPal,Desktop,Lenta,LATAM,Express
Nuevo,PayPal,Desktop,Lenta,LATAM,Pickup
Nuevo,PayPal,Desktop,Lenta,EU,Economico
Nuevo,PayPal,Desktop,Lenta,EU,Estandar
Nuevo,PayPal,Desktop,Lenta,EU,Express
Nuevo,PayPal,Desktop,Lenta,EU,Pickup
Nuevo,PayPal,Desktop,Lenta,US,Economico
Nuevo,PayPal,Desktop,Lenta,US,Estandar
Nuevo,PayPal,Desktop,Lenta,US,Express
Nuevo,PayPal,Desktop,Lenta,US,Pickup
Nuevo,PayPal,Desktop,Lenta,APAC,Economico
Nuevo,PayPal,Desktop,Lenta,APAC,Estandar
Nuevo,PayPal,Desktop,Lenta,APAC,Express
Nuevo,PayPal,Desktop,Lenta,APAC,Pickup
Nuevo,PayPal,Desktop,Intermitente,LATAM,Economico
Nuevo,PayPal,Desktop,Intermitente,LATAM,Estandar
Nuevo,PayPal,Desktop,Intermitente,LATAM,Express
Nuevo,PayPal,Desktop,Intermitente,LATAM,Pickup
Nuevo,PayPal,Desktop,Intermitente,EU,Economico
Nuevo,PayPal,Desktop,Intermitente,EU,Estandar
Nuevo,PayPal,Desktop,Intermitente,EU,Express
Nuevo,PayPal,Desktop,Intermitente,EU,Pickup
Nuevo,PayPal,Desktop,Intermitente,US,Economico
Nuevo,PayPal,Desktop,Intermitente,US,Estandar
Nuevo,PayPal,Desktop,Intermitente,US,Express
Nuevo,PayPal,Desktop,Intermitente,US,Pickup
Nuevo,PayPal,Desktop,Intermitente,APAC,Economico
Nuevo,PayPal,Desktop,Intermitente,APAC,Estandar
Nuevo,PayPal,Desktop,Intermitente,APAC,Express
Nuevo,PayPal,Desktop,Intermitente,APAC,Pickup
Nuevo,PayPal,Desktop,SinConexion,LATAM,Economico
Nuevo,PayPal,Desktop,SinConexion,LATAM,Estandar
Nuevo,PayPal,Desktop,SinConexion,LATAM,Express
Nuevo,PayPal,Desktop,SinConexion,LATAM,Pickup
Nuevo,PayPal,Desktop,SinConexion,EU,Economico
Nuevo,PayPal,Desktop,SinConexion,EU,Estandar
Nuevo,PayPal,Desktop,SinConexion,EU,Express
Nuevo,PayPal,Desktop,SinConexion,EU,Pickup
Nuevo,PayPal,Desktop,SinConexion,US,Economico
Nuevo,PayPal,Desktop,SinConexion,US,Estandar
Nuevo,PayPal,Desktop,SinConexion,US,Express
Nuevo,PayPal,Desktop,SinConexion,US,Pickup
Nuevo,PayPal,Desktop,SinConexion,APAC,Economico
Nuevo,PayPal,Desktop,SinConexion,APAC,Estandar
Nuevo,PayPal,Desktop,SinConexion,APAC,Express
Nuevo,PayPal,Desktop,SinConexion,APAC,Pickup
Nuevo,PayPal,Tableta,Buena,LATAM,Economico
Nuevo,PayPal,Tableta,Buena,LATAM,Estandar
Nuevo,PayPal,Tableta,Buena,LATAM,Express
Nuevo,PayPal,Tableta,Buena,LATAM,Pickup
Nuevo,PayPal,Tableta,Buena,EU,Economico
Nuevo,PayPal,Tableta,Buena,EU,Estandar
Nuevo,PayPal,Tableta,Buena,EU,Express
Nuevo,PayPal,Tableta,Buena,EU,Pickup
Nuevo,PayPal,Tableta,Buena,US,Economico
Nuevo,PayPal,Tableta,Buena,US,Estandar
Nuevo,PayPal,Tableta,Buena,US,Express
Nuevo,PayPal,Tableta,Buena,US,Pickup
Nuevo,PayPal,Tableta,Buena,APAC,Economico
Nuevo,PayPal,Tableta,Buena,APAC,Estandar
Nuevo,PayPal,Tableta,Buena,APAC,Express
Nuevo,PayPal,Tableta,Buena,APAC,Pickup
Nuevo,PayPal,Tableta,Media,LATAM,Economico
Nuevo,PayPal,Tableta,Media,LATAM,Estandar
Nuevo,PayPal,Tableta,Media,LATAM,Express
Nuevo,PayPal,Tableta,Media,LATAM,Pickup
Nuevo,PayPal,Tableta,Media,EU,Economico
Nuevo,PayPal,Tableta,Media,EU,Estandar
Nuevo,PayPal,Tableta,Media,EU,Express
Nuevo,PayPal,Tableta,Media,EU,Pickup
Nuevo,PayPal,Tableta,Media,US,Economico
Nuevo,PayPal,Tableta,Media,US,Estandar
Nuevo,PayPal,Tableta,Media,US,Express
Nuevo,PayPal,Tableta,Media,US,Pickup
Nuevo,PayPal,Tableta,Media,APAC,Economico
Nuevo,PayPal,Tableta,Media,APAC,Estandar
Nuevo,PayPal,Tableta,Media,APAC,Express
Nuevo,PayPal,Tableta,Media,APAC,Pickup
Nuevo,PayPal,Tableta,Lenta,LATAM,Economico
Nuevo,PayPal,Tableta,Lenta,LATAM,Estandar
Nuevo,PayPal,Tableta,Lenta,LATAM,Express
Nuevo,PayPal,Tableta,Lenta,LATAM,Pickup
Nuevo,PayPal,Tableta,Lenta,EU,Economico
Nuevo,PayPal,Tableta,Lenta,EU,Estandar
Nuevo,PayPal,Tableta,Lenta,EU,Express
Nuevo,PayPal,Tableta,Lenta,EU,Pickup
Nuevo,PayPal,Tableta,Lenta,US,Economico
Nuevo,PayPal,Tableta,Lenta,US,Estandar
Nuevo,PayPal,Tableta,Lenta,US,Express
Nuevo,PayPal,Tableta,Lenta,US,Pickup
Nuevo,PayPal,Tableta,Lenta,APAC,Economico
Nuevo,PayPal,Tableta,Lenta,APAC,Estandar
Nuevo,PayPal,Tableta,Lenta,APAC,Express
Nuevo,PayPal,Tableta,Lenta,APAC,Pickup
Nuevo,PayPal,Tableta,Intermitente,LATAM,Economico
Nuevo,PayPal,Tableta,Intermitente,LATAM,Estandar
Nuevo,PayPal,Tableta,Intermitente,LATAM,Express
Nuevo,PayPal,Tableta,Intermitente,LATAM,Pickup
Nuevo,PayPal,Tableta,Intermitente,EU,Economico
Nuevo,PayPal,Tableta,Intermitente,EU,Estandar
Nuevo,PayPal,Tableta,Intermitente,EU,Express
Nuevo,PayPal,Tableta,Intermitente,EU,Pickup
Nuevo,PayPal,Tableta,Intermitente,US,Economico
Nuevo,PayPal,Tableta,Intermitente,US,Estandar
Nuevo,PayPal,Tableta,Intermitente,US,Express
Nuevo,PayPal,Tableta,Intermitente,US,Pickup
Nuevo,PayPal,Tableta,Intermitente,APAC,Economico
Nuevo,PayPal,Tableta,Intermitente,APAC,Estandar
Nuevo,PayPal,Tableta,Intermitente,APAC,Express
Nuevo,PayPal,Tableta,Intermitente,APAC,Pickup
Nuevo,PayPal,Tableta,SinConexion,LATAM,Economico
Nuevo,PayPal,Tableta,SinConexion,LATAM,Estandar
Nuevo,PayPal,Tableta,SinConexion,LATAM,Express
Nuevo,PayPal,Tableta,SinConexion,LATAM,Pickup
Nuevo,PayPal,Tableta,SinConexion,EU,Economico
Nuevo,PayPal,Tableta,SinConexion,EU,Estandar
Nuevo,PayPal,Tableta,SinConexion,EU,Express
Nuevo,PayPal,Tableta,SinConexion,EU,Pickup
Nuevo,PayPal,Tableta,SinConexion,US,Economico
Nuevo,PayPal,Tableta,SinConexion,US,Estandar
Nuevo,PayPal,Tableta,SinConexion,US,Express
Nuevo,PayPal,Tableta,SinConexion,US,Pickup
Nuevo,PayPal,Tableta,SinConexion,APAC,Economico
Nuevo,PayPal,Tableta,SinConexion,APAC,Estandar
Nuevo,PayPal,Tableta,SinConexion,APAC,Express
Nuevo,PayPal,Tableta,SinConexion,APAC,Pickup
Nuevo,PayPal,SmartTV,Buena,LATAM,Economico
Nuevo,PayPal,SmartTV,Buena,LATAM,Estandar
Nuevo,PayPal,SmartTV,Buena,LATAM,Express
Nuevo,PayPal,SmartTV,Buena,LATAM,Pickup
Nuevo,PayPal,SmartTV,Buena,EU,Economico
Nuevo,PayPal,SmartTV,Buena,EU,Estandar
Nuevo,PayPal,SmartTV,Buena,EU,Express
Nuevo,PayPal,SmartTV,Buena,EU,Pickup
Nuevo,PayPal,SmartTV,Buena,US,Economico
Nuevo,PayPal,SmartTV,Buena,US,Estandar
Nuevo,PayPal,SmartTV,Buena,US,Express
Nuevo,PayPal,SmartTV,Buena,US,Pickup
Nuevo,PayPal,SmartTV,Buena,APAC,Economico
Nuevo,PayPal,SmartTV,Buena,APAC,Estandar
Nuevo,PayPal,SmartTV,Buena,APAC,Express
Nuevo,PayPal,SmartTV,Buena,APAC,Pickup
Nuevo,PayPal,SmartTV,Media,LATAM,Economico
Nuevo,PayPal,SmartTV,Media,LATAM,Estandar
Nuevo,PayPal,SmartTV,Media,LATAM,Express
Nuevo,PayPal,SmartTV,Media,LATAM,Pickup
Nuevo,PayPal,SmartTV,Media,EU,Economico
Nuevo,PayPal,SmartTV,Media,EU,Estandar
Nuevo,PayPal,SmartTV,Media,EU,Express
Nuevo,PayPal,SmartTV,Media,EU,Pickup
Nuevo,PayPal,SmartTV,Media,US,Economico
Nuevo,PayPal,SmartTV,Media,US,Estandar
Nuevo,PayPal,SmartTV,Media,US,Express
Nuevo,PayPal,SmartTV,Media,US,Pickup
Nuevo,PayPal,SmartTV,Media,APAC,Economico
Nuevo,PayPal,SmartTV,Media,APAC,Estandar
Nuevo,PayPal,SmartTV,Media,APAC,Express
Nuevo,PayPal,SmartTV,Media,APAC,Pickup
Nuevo,PayPal,SmartTV,Lenta,LATAM,Economico
Nuevo,PayPal,SmartTV,Lenta,LATAM,Estandar
Nuevo,PayPal,SmartTV,Lenta,LATAM,Express
Nuevo,PayPal,SmartTV,Lenta,LATAM,Pickup
Nuevo,PayPal,SmartTV,Lenta,EU,Economico
Nuevo,PayPal,SmartTV,Lenta,EU,Estandar
Nuevo,PayPal,SmartTV,Lenta,EU,Express
Nuevo,PayPal,SmartTV,Lenta,EU,Pickup
Nuevo,PayPal,SmartTV,Lenta,US,Economico
Nuevo,PayPal,SmartTV,Lenta,US,Estandar
Nuevo,PayPal,SmartTV,Lenta,US,Express
Nuevo,PayPal,SmartTV,Lenta,US,Pickup
Nuevo,PayPal,SmartTV,Lenta,APAC,Economico
Nuevo,PayPal,SmartTV,Lenta,APAC,Estandar
Nuevo,PayPal,SmartTV,Lenta,APAC,Express
Nuevo,PayPal,SmartTV,Lenta,APAC,Pickup
Nuevo,PayPal,SmartTV,Intermitente,LATAM,Economico
Nuevo,PayPal,SmartTV,Intermitente,LATAM,Estandar
Nuevo,PayPal,SmartTV,Intermitente,LATAM,Express
Nuevo,PayPal,SmartTV,Intermitente,LATAM,Pickup
Nuevo,PayPal,SmartTV,Intermitente,EU,Economico
Nuevo,PayPal,SmartTV,Intermitente,EU,Estandar
Nuevo,PayPal,SmartTV,Intermitente,EU,Express
Nuevo,PayPal,SmartTV,Intermitente,EU,Pickup
Nuevo,PayPal,SmartTV,Intermitente,US,Economico
Nuevo,PayPal,SmartTV,Intermitente,US,Estandar
Nuevo,PayPal,SmartTV,Intermitente,US,Express
Nuevo,PayPal,SmartTV,Intermitente,US,Pickup
Nuevo,PayPal,SmartTV,Intermitente,APAC,Economico
Nuevo,PayPal,SmartTV,Intermitente,APAC,Estandar
Nuevo,PayPal,SmartTV,Intermitente,APAC,Express
Nuevo,PayPal,SmartTV,Intermitente,APAC,Pickup
Nuevo,PayPal,SmartTV,SinConexion,LATAM,Economico
Nuevo,PayPal,SmartTV,SinConexion,LATAM,Estandar
Nuevo,PayPal,SmartTV,SinConexion,LATAM,Express
Nuevo,PayPal,SmartTV,SinConexion,LATAM,Pickup
Nuevo,PayPal,SmartTV,SinConexion,EU,Economico
Nuevo,PayPal,SmartTV,SinConexion,EU,Estandar
Nuevo,PayPal,SmartTV,SinConexion,EU,Express
Nuevo,PayPal,SmartTV,SinConexion,EU,Pickup
Nuevo,PayPal,SmartTV,SinConexion,US,Economico
Nuevo,PayPal,SmartTV,SinConexion,US,Estandar
Nuevo,PayPal,SmartTV,SinConexion,US,Express
Nuevo,PayPal,SmartTV,SinConexion,US,Pickup
Nuevo,PayPal,SmartTV,SinConexion,APAC,Economico
Nuevo,PayPal,SmartTV,SinConexion,APAC,Estandar
Nuevo,PayPal,SmartTV,SinConexion,APAC,Express
Nuevo,PayPal,SmartTV,SinConexion,APAC,Pickup
Nuevo,PayPal,Consola,Buena,LATAM,Economico
Nuevo,PayPal,Consola,Buena,LATAM,Estandar
Nuevo,PayPal,Consola,Buena,LATAM,Express
Nuevo,PayPal,Consola,Buena,LATAM,Pickup
Nuevo,PayPal,Consola,Buena,EU,Economico
Nuevo,PayPal,Consola,Buena,EU,Estandar
Nuevo,PayPal,Consola,Buena,EU,Express
Nuevo,PayPal,Consola,Buena,EU,Pickup
Nuevo,PayPal,Consola,Buena,US,Economico
Nuevo,PayPal,Consola,Buena,US,Estandar
Nuevo,PayPal,Consola,Buena,US,Express
Nuevo,PayPal,Consola,Buena,US,Pickup
Nuevo,PayPal,Consola,Buena,APAC,Economico
Nuevo,PayPal,Consola,Buena,APAC,Estandar
Nuevo,PayPal,Consola,Buena,APAC,Express
Nuevo,PayPal,Consola,Buena,APAC,Pickup
Nuevo,PayPal,Consola,Media,LATAM,Economico
Nuevo,PayPal,Consola,Media,LATAM,Estandar
Nuevo,PayPal,Consola,Media,LATAM,Express
Nuevo,PayPal,Consola,Media,LATAM,Pickup
Nuevo,PayPal,Consola,Media,EU,Economico
Nuevo,PayPal,Consola,Media,EU,Estandar
Nuevo,PayPal,Consola,Media,EU,Express
Nuevo,PayPal,Consola,Media,EU,Pickup
Nuevo,PayPal,Consola,Media,US,Economico
Nuevo,PayPal,Consola,Media,US,Estandar
Nuevo,PayPal,Consola,Media,US,Express
Nuevo,PayPal,Consola,Media,US,Pickup
Nuevo,PayPal,Consola,Media,APAC,Economico
Nuevo,PayPal,Consola,Media,APAC,Estandar
Nuevo,PayPal,Consola,Media,APAC,Express
Nuevo,PayPal,Consola,Media,APAC,Pickup
Nuevo,PayPal,Consola,Lenta,LATAM,Economico
Nuevo,PayPal,Consola,Lenta,LATAM,Estandar
Nuevo,PayPal,Consola,Lenta,LATAM,Express
Nuevo,PayPal,Consola,Lenta,LATAM,Pickup
Nuevo,PayPal,Consola,Lenta,EU,Economico
Nuevo,PayPal,Consola,Lenta,EU,Estandar
Nuevo,PayPal,Consola,Lenta,EU,Express
Nuevo,PayPal,Consola,Lenta,EU,Pickup
Nuevo,PayPal,Consola,Lenta,US,Economico
Nuevo,PayPal,Consola,Lenta,US,Estandar
Nuevo,PayPal,Consola,Lenta,US,Express
Nuevo,PayPal,Consola,Lenta,US,Pickup
Nuevo,PayPal,Consola,Lenta,APAC,Economico
Nuevo,PayPal,Consola,Lenta,APAC,Estandar
Nuevo,PayPal,Consola,Lenta,APAC,Express
Nuevo,PayPal,Consola,Lenta,APAC,Pickup
Nuevo,PayPal,Consola,Intermitente,LATAM,Economico
Nuevo,PayPal,Consola,Intermitente,LATAM,Estandar
Nuevo,PayPal,Consola,Intermitente,LATAM,Express
Nuevo,PayPal,Consola,Intermitente,LATAM,Pickup
Nuevo,PayPal,Consola,Intermitente,EU,Economico
Nuevo,PayPal,Consola,Intermitente,EU,Estandar
Nuevo,PayPal,Consola,Intermitente,EU,Express
Nuevo,PayPal,Consola,Intermitente,EU,Pickup
Nuevo,PayPal,Consola,Intermitente,US,Economico
Nuevo,PayPal,Consola,Intermitente,US,Estandar
Nuevo,PayPal,Consola,Intermitente,US,Express
Nuevo,PayPal,Consola,Intermitente,US,Pickup
Nuevo,PayPal,Consola,Intermitente,APAC,Economico
Nuevo,PayPal,Consola,Intermitente,APAC,Estandar
Nuevo,PayPal,Consola,Intermitente,APAC,Express
Nuevo,PayPal,Consola,Intermitente,APAC,Pickup
Nuevo,PayPal,Consola,SinConexion,LATAM,Economico
Nuevo,PayPal,Consola,SinConexion,LATAM,Estandar
Nuevo,PayPal,Consola,SinConexion,LATAM,Express
Nuevo,PayPal,Consola,SinConexion,LATAM,Pickup
Nuevo,PayPal,Consola,SinConexion,EU,Economico
Nuevo,PayPal,Consola,SinConexion,EU,Estandar
Nuevo,PayPal,Consola,SinConexion,EU,Express
Nuevo,PayPal,Consola,SinConexion,EU,Pickup
Nuevo,PayPal,Consola,SinConexion,US,Economico
Nuevo,PayPal,Consola,SinConexion,US,Estandar
Nuevo,PayPal,Consola,SinConexion,US,Express
Nuevo,PayPal,Consola,SinConexion,US,Pickup
Nuevo,PayPal,Consola,SinConexion,APAC,Economico
Nuevo,PayPal,Consola,SinConexion,APAC,Estandar
Nuevo,PayPal,Consola,SinConexion,APAC,Express
Nuevo,PayPal,Consola,SinConexion,APAC,Pickup
Nuevo,Transferencia,Movil,Buena,LATAM,Economico
Nuevo,Transferencia,Movil,Buena,LATAM,Estandar
Nuevo,Transferencia,Movil,Buena,LATAM,Express
Nuevo,Transferencia,Movil,Buena,LATAM,Pickup
Nuevo,Transferencia,Movil,Buena,EU,Economico
Nuevo,Transferencia,Movil,Buena,EU,Estandar
Nuevo,Transferencia,Movil,Buena,EU,Express
Nuevo,Transferencia,Movil,Buena,EU,Pickup
Nuevo,Transferencia,Movil,Buena,US,Economico
Nuevo,Transferencia,Movil,Buena,US,Estandar
Nuevo,Transferencia,Movil,Buena,US,Express
Nuevo,Transferencia,Movil,Buena,US,Pickup
Nuevo,Transferencia,Movil,Buena,APAC,Economico
Nuevo,Transferencia,Movil,Buena,APAC,Estandar
Nuevo,Transferencia,Movil,Buena,APAC,Express
Nuevo,Transferencia,Movil,Buena,APAC,Pickup
Nuevo,Transferencia,Movil,Media,LATAM,Economico
Nuevo,Transferencia,Movil,Media,LATAM,Estandar
Nuevo,Transferencia,Movil,Media,LATAM,Express
Nuevo,Transferencia,Movil,Media,LATAM,Pickup
Nuevo,Transferencia,Movil,Media,EU,Economico
Nuevo,Transferencia,Movil,Media,EU,Estandar
Nuevo,Transferencia,Movil,Media,EU,Express
Nuevo,Transferencia,Movil,Media,EU,Pickup
Nuevo,Transferencia,Movil,Media,US,Economico
Nuevo,Transferencia,Movil,Media,US,Estandar
Nuevo,Transferencia,Movil,Media,US,Express
Nuevo,Transferencia,Movil,Media,US,Pickup
Nuevo,Transferencia,Movil,Media,APAC,Economico
Nuevo,Transferencia,Movil,Media,APAC,Estandar
Nuevo,Transferencia,Movil,Media,APAC,Express
Nuevo,Transferencia,Movil,Media,APAC,Pickup
Nuevo,Transferencia,Movil,Lenta,LATAM,Economico
Nuevo,Transferencia,Movil,Lenta,LATAM,Estandar
Nuevo,Transferencia,Movil,Lenta,LATAM,Express
Nuevo,Transferencia,Movil,Lenta,LATAM,Pickup
Nuevo,Transferencia,Movil,Lenta,EU,Economico
Nuevo,Transferencia,Movil,Lenta,EU,Estandar
Nuevo,Transferencia,Movil,Lenta,EU,Express
Nuevo,Transferencia,Movil,Lenta,EU,Pickup
Nuevo,Transferencia,Movil,Lenta,US,Economico
Nuevo,Transferencia,Movil,Lenta,US,Estandar
Nuevo,Transferencia,Movil,Lenta,US,Express
Nuevo,Transferencia,Movil,Lenta,US,Pickup
Nuevo,Transferencia,Movil,Lenta,APAC,Economico
Nuevo,Transferencia,Movil,Lenta,APAC,Estandar
Nuevo,Transferencia,Movil,Lenta,APAC,Express
Nuevo,Transferencia,Movil,Lenta,APAC,Pickup
Nuevo,Transferencia,Movil,Intermitente,LATAM,Economico
Nuevo,Transferencia,Movil,Intermitente,LATAM,Estandar
Nuevo,Transferencia,Movil,Intermitente,LATAM,Express
Nuevo,Transferencia,Movil,Intermitente,LATAM,Pickup
Nuevo,Transferencia,Movil,Intermitente,EU,Economico
Nuevo,Transferencia,Movil,Intermitente,EU,Estandar
Nuevo,Transferencia,Movil,Intermitente,EU,Express
Nuevo,Transferencia,Movil,Intermitente,EU,Pickup
Nuevo,Transferencia,Movil,Intermitente,US,Economico
Nuevo,Transferencia,Movil,Intermitente,US,Estandar
Nuevo,Transferencia,Movil,Intermitente,US,Express
Nuevo,Transferencia,Movil,Intermitente,US,Pickup
Nuevo,Transferencia,Movil,Intermitente,APAC,Economico
Nuevo,Transferencia,Movil,Intermitente,APAC,Estandar
Nuevo,Transferencia,Movil,Intermitente,APAC,Express
Nuevo,Transferencia,Movil,Intermitente,APAC,Pickup
Nuevo,Transferencia,Movil,SinConexion,LATAM,Economico
Nuevo,Transferencia,Movil,SinConexion,LATAM,Estandar
Nuevo,Transferencia,Movil,SinConexion,LATAM,Express
Nuevo,Transferencia,Movil,SinConexion,LATAM,Pickup
Nuevo,Transferencia,Movil,SinConexion,EU,Economico
Nuevo,Transferencia,Movil,SinConexion,EU,Estandar
Nuevo,Transferencia,Movil,SinConexion,EU,Express
Nuevo,Transferencia,Movil,SinConexion,EU,Pickup
Nuevo,Transferencia,Movil,SinConexion,US,Economico
Nuevo,Transferencia,Movil,SinConexion,US,Estandar
Nuevo,Transferencia,Movil,SinConexion,US,Express
Nuevo,Transferencia,Movil,SinConexion,US,Pickup
Nuevo,Transferencia,Movil,SinConexion,APAC,Economico
Nuevo,Transferencia,Movil,SinConexion,APAC,Estandar
Nuevo,Transferencia,Movil,SinConexion,APAC,Express
Nuevo,Transferencia,Movil,SinConexion,APAC,Pickup
Nuevo,Transferencia,Desktop,Buena,LATAM,Economico
Nuevo,Transferencia,Desktop,Buena,LATAM,Estandar
Nuevo,Transferencia,Desktop,Buena,LATAM,Express
Nuevo,Transferencia,Desktop,Buena,LATAM,Pickup
Nuevo,Transferencia,Desktop,Buena,EU,Economico
Nuevo,Transferencia,Desktop,Buena,EU,Estandar
Nuevo,Transferencia,Desktop,Buena,EU,Express
Nuevo,Transferencia,Desktop,Buena,EU,Pickup
Nuevo,Transferencia,Desktop,Buena,US,Economico
Nuevo,Transferencia,Desktop,Buena,US,Estandar
Nuevo,Transferencia,Desktop,Buena,US,Express
Nuevo,Transferencia,Desktop,Buena,US,Pickup
Nuevo,Transferencia,Desktop,Buena,APAC,Economico
Nuevo,Transferencia,Desktop,Buena,APAC,Estandar
Nuevo,Transferencia,Desktop,Buena,APAC,Express
Nuevo,Transferencia,Desktop,Buena,APAC,Pickup
Nuevo,Transferencia,Desktop,Media,LATAM,Economico
Nuevo,Transferencia,Desktop,Media,LATAM,Estandar
Nuevo,Transferencia,Desktop,Media,LATAM,Express
Nuevo,Transferencia,Desktop,Media,LATAM,Pickup
Nuevo,Transferencia,Desktop,Media,EU,Economico
Nuevo,Transferencia,Desktop,Media,EU,Estandar
Nuevo,Transferencia,Desktop,Media,EU,Express
Nuevo,Transferencia,Desktop,Media,EU,Pickup
Nuevo,Transferencia,Desktop,Media,US,Economico
Nuevo,Transferencia,Desktop,Media,US,Estandar
Nuevo,Transferencia,Desktop,Media,US,Express
Nuevo,Transferencia,Desktop,Media,US,Pickup
Nuevo,Transferencia,Desktop,Media,APAC,Economico
Nuevo,Transferencia,Desktop,Media,APAC,Estandar
Nuevo,Transferencia,Desktop,Media,APAC,Express
Nuevo,Transferencia,Desktop,Media,APAC,Pickup
Nuevo,Transferencia,Desktop,Lenta,LATAM,Economico
Nuevo,Transferencia,Desktop,Lenta,LATAM,Estandar
Nuevo,Transferencia,Desktop,Lenta,LATAM,Express
Nuevo,Transferencia,Desktop,Lenta,LATAM,Pickup
Nuevo,Transferencia,Desktop,Lenta,EU,Economico
Nuevo,Transferencia,Desktop,Lenta,EU,Estandar
Nuevo,Transferencia,Desktop,Lenta,EU,Express
Nuevo,Transferencia,Desktop,Lenta,EU,Pickup
Nuevo,Transferencia,Desktop,Lenta,US,Economico
Nuevo,Transferencia,Desktop,Lenta,US,Estandar
Nuevo,Transferencia,Desktop,Lenta,US,Express
Nuevo,Transferencia,Desktop,Lenta,US,Pickup
Nuevo,Transferencia,Desktop,Lenta,APAC,Economico
Nuevo,Transferencia,Desktop,Lenta,APAC,Estandar
Nuevo,Transferencia,Desktop,Lenta,APAC,Express
Nuevo,Transferencia,Desktop,Lenta,APAC,Pickup
Nuevo,Transferencia,Desktop,Intermitente,LATAM,Economico
Nuevo,Transferencia,Desktop,Intermitente,LATAM,Estandar
Nuevo,Transferencia,Desktop,Intermitente,LATAM,Express
Nuevo,Transferencia,Desktop,Intermitente,LATAM,Pickup
Nuevo,Transferencia,Desktop,Intermitente,EU,Economico
Nuevo,Transferencia,Desktop,Intermitente,EU,Estandar
Nuevo,Transferencia,Desktop,Intermitente,EU,Express
Nuevo,Transferencia,Desktop,Intermitente,EU,Pickup
Nuevo,Transferencia,Desktop,Intermitente,US,Economico
Nuevo,Transferencia,Desktop,Intermitente,US,Estandar
Nuevo,Transferencia,Desktop,Intermitente,US,Express
Nuevo,Transferencia,Desktop,Intermitente,US,Pickup
Nuevo,Transferencia,Desktop,Intermitente,APAC,Economico
Nuevo,Transferencia,Desktop,Intermitente,APAC,Estandar
Nuevo,Transferencia,Desktop,Intermitente,APAC,Express
Nuevo,Transferencia,Desktop,Intermitente,APAC,Pickup
Nuevo,Transferencia,Desktop,SinConexion,LATAM,Economico
Nuevo,Transferencia,Desktop,SinConexion,LATAM,Estandar
Nuevo,Transferencia,Desktop,SinConexion,LATAM,Express
Nuevo,Transferencia,Desktop,SinConexion,LATAM,Pickup
Nuevo,Transferencia,Desktop,SinConexion,EU,Economico
Nuevo,Transferencia,Desktop,SinConexion,EU,Estandar
Nuevo,Transferencia,Desktop,SinConexion,EU,Express
Nuevo,Transferencia,Desktop,SinConexion,EU,Pickup
Nuevo,Transferencia,Desktop,SinConexion,US,Economico
Nuevo,Transferencia,Desktop,SinConexion,US,Estandar
Nuevo,Transferencia,Desktop,SinConexion,US,Express
Nuevo,Transferencia,Desktop,SinConexion,US,Pickup
Nuevo,Transferencia,Desktop,SinConexion,APAC,Economico
Nuevo,Transferencia,Desktop,SinConexion,APAC,Estandar
Nuevo,Transferencia,Desktop,SinConexion,APAC,Express
Nuevo,Transferencia,Desktop,SinConexion,APAC,Pickup
Nuevo,Transferencia,Tableta,Buena,LATAM,Economico
Nuevo,Transferencia,Tableta,Buena,LATAM,Estandar
Nuevo,Transferencia,Tableta,Buena,LATAM,Express
Nuevo,Transferencia,Tableta,Buena,LATAM,Pickup
Nuevo,Transferencia,Tableta,Buena,EU,Economico
Nuevo,Transferencia,Tableta,Buena,EU,Estandar
Nuevo,Transferencia,Tableta,Buena,EU,Express
Nuevo,Transferencia,Tableta,Buena,EU,Pickup
Nuevo,Transferencia,Tableta,Buena,US,Economico
Nuevo,Transferencia,Tableta,Buena,US,Estandar
Nuevo,Transferencia,Tableta,Buena,US,Express
Nuevo,Transferencia,Tableta,Buena,US,Pickup
Nuevo,Transferencia,Tableta,Buena,APAC,Economico
Nuevo,Transferencia,Tableta,Buena,APAC,Estandar
Nuevo,Transferencia,Tableta,Buena,APAC,Express
Nuevo,Transferencia,Tableta,Buena,APAC,Pickup
Nuevo,Transferencia,Tableta,Media,LATAM,Economico
Nuevo,Transferencia,Tableta,Media,LATAM,Estandar
Nuevo,Transferencia,Tableta,Media,LATAM,Express
Nuevo,Transferencia,Tableta,Media,LATAM,Pickup
Nuevo,Transferencia,Tableta,Media,EU,Economico
Nuevo,Transferencia,Tableta,Media,EU,Estandar
Nuevo,Transferencia,Tableta,Media,EU,Express
Nuevo,Transferencia,Tableta,Media,EU,Pickup
Nuevo,Transferencia,Tableta,Media,US,Economico
Nuevo,Transferencia,Tableta,Media,US,Estandar
Nuevo,Transferencia,Tableta,Media,US,Express
Nuevo,Transferencia,Tableta,Media,US,Pickup
Nuevo,Transferencia,Tableta,Media,APAC,Economico
Nuevo,Transferencia,Tableta,Media,APAC,Estandar
Nuevo,Transferencia,Tableta,Media,APAC,Express
Nuevo,Transferencia,Tableta,Media,APAC,Pickup
Nuevo,Transferencia,Tableta,Lenta,LATAM,Economico
Nuevo,Transferencia,Tableta,Lenta,LATAM,Estandar
Nuevo,Transferencia,Tableta,Lenta,LATAM,Express
Nuevo,Transferencia,Tableta,Lenta,LATAM,Pickup
Nuevo,Transferencia,Tableta,Lenta,EU,Economico
Nuevo,Transferencia,Tableta,Lenta,EU,Estandar
Nuevo,Transferencia,Tableta,Lenta,EU,Express
Nuevo,Transferencia,Tableta,Lenta,EU,Pickup
Nuevo,Transferencia,Tableta,Lenta,US,Economico
Nuevo,Transferencia,Tableta,Lenta,US,Estandar
Nuevo,Transferencia,Tableta,Lenta,US,Express
Nuevo,Transferencia,Tableta,Lenta,US,Pickup
Nuevo,Transferencia,Tableta,Lenta,APAC,Economico
Nuevo,Transferencia,Tableta,Lenta,APAC,Estandar
Nuevo,Transferencia,Tableta,Lenta,APAC,Express
Nuevo,Transferencia,Tableta,Lenta,APAC,Pickup
Nuevo,Transferencia,Tableta,Intermitente,LATAM,Economico
Nuevo,Transferencia,Tableta,Intermitente,LATAM,Estandar
Nuevo,Transferencia,Tableta,Intermitente,LATAM,Express
Nuevo,Transferencia,Tableta,Intermitente,LATAM,Pickup
Nuevo,Transferencia,Tableta,Intermitente,EU,Economico
Nuevo,Transferencia,Tableta,Intermitente,EU,Estandar
Nuevo,Transferencia,Tableta,Intermitente,EU,Express
Nuevo,Transferencia,Tableta,Intermitente,EU,Pickup
Nuevo,Transferencia,Tableta,Intermitente,US,Economico
Nuevo,Transferencia,Tableta,Intermitente,US,Estandar
Nuevo,Transferencia,Tableta,Intermitente,US,Express
Nuevo,Transferencia,Tableta,Intermitente,US,Pickup
Nuevo,Transferencia,Tableta,Intermitente,APAC,Economico
Nuevo,Transferencia,Tableta,Intermitente,APAC,Estandar
Nuevo,Transferencia,Tableta,Intermitente,APAC,Express
Nuevo,Transferencia,Tableta,Intermitente,APAC,Pickup
Nuevo,Transferencia,Tableta,SinConexion,LATAM,Economico
Nuevo,Transferencia,Tableta,SinConexion,LATAM,Estandar
Nuevo,Transferencia,Tableta,SinConexion,LATAM,Express
Nuevo,Transferencia,Tableta,SinConexion,LATAM,Pickup
Nuevo,Transferencia,Tableta,SinConexion,EU,Economico
Nuevo,Transferencia,Tableta,SinConexion,EU,Estandar
Nuevo,Transferencia,Tableta,SinConexion,EU,Express
Nuevo,Transferencia,Tableta,SinConexion,EU,Pickup
Nuevo,Transferencia,Tableta,SinConexion,US,Economico
Nuevo,Transferencia,Tableta,SinConexion,US,Estandar
Nuevo,Transferencia,Tableta,SinConexion,US,Express
Nuevo,Transferencia,Tableta,SinConexion,US,Pickup
Nuevo,Transferencia,Tableta,SinConexion,APAC,Economico
Nuevo,Transferencia,Tableta,SinConexion,APAC,Estandar
Nuevo,Transferencia,Tableta,SinConexion,APAC,Express
Nuevo,Transferencia,Tableta,SinConexion,APAC,Pickup
Nuevo,Transferencia,SmartTV,Buena,LATAM,Economico
Nuevo,Transferencia,SmartTV,Buena,LATAM,Estandar
Nuevo,Transferencia,SmartTV,Buena,LATAM,Express
Nuevo,Transferencia,SmartTV,Buena,LATAM,Pickup
Nuevo,Transferencia,SmartTV,Buena,EU,Economico
Nuevo,Transferencia,SmartTV,Buena,EU,Estandar
Nuevo,Transferencia,SmartTV,Buena,EU,Express
Nuevo,Transferencia,SmartTV,Buena,EU,Pickup
Nuevo,Transferencia,SmartTV,Buena,US,Economico
Nuevo,Transferencia,SmartTV,Buena,US,Estandar
Nuevo,Transferencia,SmartTV,Buena,US,Express
Nuevo,Transferencia,SmartTV,Buena,US,Pickup
Nuevo,Transferencia,SmartTV,Buena,APAC,Economico
Nuevo,Transferencia,SmartTV,Buena,APAC,Estandar
Nuevo,Transferencia,SmartTV,Buena,APAC,Express
Nuevo,Transferencia,SmartTV,Buena,APAC,Pickup
Nuevo,Transferencia,SmartTV,Media,LATAM,Economico
Nuevo,Transferencia,SmartTV,Media,LATAM,Estandar
Nuevo,Transferencia,SmartTV,Media,LATAM,Express
Nuevo,Transferencia,SmartTV,Media,LATAM,Pickup
Nuevo,Transferencia,SmartTV,Media,EU,Economico
Nuevo,Transferencia,SmartTV,Media,EU,Estandar
Nuevo,Transferencia,SmartTV,Media,EU,Express
Nuevo,Transferencia,SmartTV,Media,EU,Pickup
Nuevo,Transferencia,SmartTV,Media,US,Economico
Nuevo,Transferencia,SmartTV,Media,US,Estandar
Nuevo,Transferencia,SmartTV,Media,US,Express
Nuevo,Transferencia,SmartTV,Media,US,Pickup
Nuevo,Transferencia,SmartTV,Media,APAC,Economico
Nuevo,Transferencia,SmartTV,Media,APAC,Estandar
Nuevo,Transferencia,SmartTV,Media,APAC,Express
Nuevo,Transferencia,SmartTV,Media,APAC,Pickup
Nuevo,Transferencia,SmartTV,Lenta,LATAM,Economico
Nuevo,Transferencia,SmartTV,Lenta,LATAM,Estandar
Nuevo,Transferencia,SmartTV,Lenta,LATAM,Express
Nuevo,Transferencia,SmartTV,Lenta,LATAM,Pickup
Nuevo,Transferencia,SmartTV,Lenta,EU,Economico
Nuevo,Transferencia,SmartTV,Lenta,EU,Estandar
Nuevo,Transferencia,SmartTV,Lenta,EU,Express
Nuevo,Transferencia,SmartTV,Lenta,EU,Pickup
Nuevo,Transferencia,SmartTV,Lenta,US,Economico
Nuevo,Transferencia,SmartTV,Lenta,US,Estandar
Nuevo,Transferencia,SmartTV,Lenta,US,Express
Nuevo,Transferencia,SmartTV,Lenta,US,Pickup
Nuevo,Transferencia,SmartTV,Lenta,APAC,Economico
Nuevo,Transferencia,SmartTV,Lenta,APAC,Estandar
Nuevo,Transferencia,SmartTV,Lenta,APAC,Express
Nuevo,Transferencia,SmartTV,Lenta,APAC,Pickup
Nuevo,Transferencia,SmartTV,Intermitente,LATAM,Economico
Nuevo,Transferencia,SmartTV,Intermitente,LATAM,Estandar
Nuevo,Transferencia,SmartTV,Intermitente,LATAM,Express
Nuevo,Transferencia,SmartTV,Intermitente,LATAM,Pickup
Nuevo,Transferencia,SmartTV,Intermitente,EU,Economico
Nuevo,Transferencia,SmartTV,Intermitente,EU,Estandar
Nuevo,Transferencia,SmartTV,Intermitente,EU,Express
Nuevo,Transferencia,SmartTV,Intermitente,EU,Pickup
Nuevo,Transferencia,SmartTV,Intermitente,US,Economico
Nuevo,Transferencia,SmartTV,Intermitente,US,Estandar
Nuevo,Transferencia,SmartTV,Intermitente,US,Express
Nuevo,Transferencia,SmartTV,Intermitente,US,Pickup
Nuevo,Transferencia,SmartTV,Intermitente,APAC,Economico
Nuevo,Transferencia,SmartTV,Intermitente,APAC,Estandar
Nuevo,Transferencia,SmartTV,Intermitente,APAC,Express
Nuevo,Transferencia,SmartTV,Intermitente,APAC,Pickup
Nuevo,Transferencia,SmartTV,SinConexion,LATAM,Economico
Nuevo,Transferencia,SmartTV,SinConexion,LATAM,Estandar
Nuevo,Transferencia,SmartTV,SinConexion,LATAM,Express
Nuevo,Transferencia,SmartTV,SinConexion,LATAM,Pickup
Nuevo,Transferencia,SmartTV,SinConexion,EU,Economico
Nuevo,Transferencia,SmartTV,SinConexion,EU,Estandar
Nuevo,Transferencia,SmartTV,SinConexion,EU,Express
Nuevo,Transferencia,SmartTV,SinConexion,EU,Pickup
Nuevo,Transferencia,SmartTV,SinConexion,US,Economico
Nuevo,Transferencia,SmartTV,SinConexion,US,Estandar
Nuevo,Transferencia,SmartTV,SinConexion,US,Express
Nuevo,Transferencia,SmartTV,SinConexion,US,Pickup
Nuevo,Transferencia,SmartTV,SinConexion,APAC,Economico
Nuevo,Transferencia,SmartTV,SinConexion,APAC,Estandar
Nuevo,Transferencia,SmartTV,SinConexion,APAC,Express
Nuevo,Transferencia,SmartTV,SinConexion,APAC,Pickup
Nuevo,Transferencia,Consola,Buena,LATAM,Economico
Nuevo,Transferencia,Consola,Buena,LATAM,Estandar
Nuevo,Transferencia,Consola,Buena,LATAM,Express
Nuevo,Transferencia,Consola,Buena,LATAM,Pickup
Nuevo,Transferencia,Consola,Buena,EU,Economico
Nuevo,Transferencia,Consola,Buena,EU,Estandar
Nuevo,Transferencia,Consola,Buena,EU,Express
Nuevo,Transferencia,Consola,Buena,EU,Pickup
Nuevo,Transferencia,Consola,Buena,US,Economico
Nuevo,Transferencia,Consola,Buena,US,Estandar
Nuevo,Transferencia,Consola,Buena,US,Express
Nuevo,Transferencia,Consola,Buena,US,Pickup
Nuevo,Transferencia,Consola,Buena,APAC,Economico
Nuevo,Transferencia,Consola,Buena,APAC,Estandar
Nuevo,Transferencia,Consola,Buena,APAC,Express
Nuevo,Transferencia,Consola,Buena,APAC,Pickup
Nuevo,Transferencia,Consola,Media,LATAM,Economico
Nuevo,Transferencia,Consola,Media,LATAM,Estandar
Nuevo,Transferencia,Consola,Media,LATAM,Express
Nuevo,Transferencia,Consola,Media,LATAM,Pickup
Nuevo,Transferencia,Consola,Media,EU,Economico
Nuevo,Transferencia,Consola,Media,EU,Estandar
Nuevo,Transferencia,Consola,Media,EU,Express
Nuevo,Transferencia,Consola,Media,EU,Pickup
Nuevo,Transferencia,Consola,Media,US,Economico
Nuevo,Transferencia,Consola,Media,US,Estandar
Nuevo,Transferencia,Consola,Media,US,Express
Nuevo,Transferencia,Consola,Media,US,Pickup
Nuevo,Transferencia,Consola,Media,APAC,Economico
Nuevo,Transferencia,Consola,Media,APAC,Estandar
Nuevo,Transferencia,Consola,Media,APAC,Express
Nuevo,Transferencia,Consola,Media,APAC,Pickup
Nuevo,Transferencia,Consola,Lenta,LATAM,Economico
Nuevo,Transferencia,Consola,Lenta,LATAM,Estandar
Nuevo,Transferencia,Consola,Lenta,LATAM,Express
Nuevo,Transferencia,Consola,Lenta,LATAM,Pickup
Nuevo,Transferencia,Consola,Lenta,EU,Economico
Nuevo,Transferencia,Consola,Lenta,EU,Estandar
Nuevo,Transferencia,Consola,Lenta,EU,Express
Nuevo,Transferencia,Consola,Lenta,EU,Pickup
Nuevo,Transferencia,Consola,Lenta,US,Economico
Nuevo,Transferencia,Consola,Lenta,US,Estandar
Nuevo,Transferencia,Consola,Lenta,US,Express
Nuevo,Transferencia,Consola,Lenta,US,Pickup
Nuevo,Transferencia,Consola,Lenta,APAC,Economico
Nuevo,Transferencia,Consola,Lenta,APAC,Estandar
Nuevo,Transferencia,Consola,Lenta,APAC,Express
Nuevo,Transferencia,Consola,Lenta,APAC,Pickup
Nuevo,Transferencia,Consola,Intermitente,LATAM,Economico
Nuevo,Transferencia,Consola,Intermitente,LATAM,Estandar
Nuevo,Transferencia,Consola,Intermitente,LATAM,Express
Nuevo,Transferencia,Consola,Intermitente,LATAM,Pickup
Nuevo,Transferencia,Consola,Intermitente,EU,Economico
Nuevo,Transferencia,Consola,Intermitente,EU,Estandar
Nuevo,Transferencia,Consola,Intermitente,EU,Express
Nuevo,Transferencia,Consola,Intermitente,EU,Pickup
Nuevo,Transferencia,Consola,Intermitente,US,Economico
Nuevo,Transferencia,Consola,Intermitente,US,Estandar
Nuevo,Transferencia,Consola,Intermitente,US,Express
Nuevo,Transferencia,Consola,Intermitente,US,Pickup
Nuevo,Transferencia,Consola,Intermitente,APAC,Economico
Nuevo,Transferencia,Consola,Intermitente,APAC,Estandar
Nuevo,Transferencia,Consola,Intermitente,APAC,Express
Nuevo,Transferencia,Consola,Intermitente,APAC,Pickup
Nuevo,Transferencia,Consola,SinConexion,LATAM,Economico
Nuevo,Transferencia,Consola,SinConexion,LATAM,Estandar
Nuevo,Transferencia,Consola,SinConexion,LATAM,Express
Nuevo,Transferencia,Consola,SinConexion,LATAM,Pickup
Nuevo,Transferencia,Consola,SinConexion,EU,Economico
Nuevo,Transferencia,Consola,SinConexion,EU,Estandar
Nuevo,Transferencia,Consola,SinConexion,EU,Express
Nuevo,Transferencia,Consola,SinConexion,EU,Pickup
Nuevo,Transferencia,Consola,SinConexion,US,Economico
Nuevo,Transferencia,Consola,SinConexion,US,Estandar
Nuevo,Transferencia,Consola,SinConexion,US,Express
Nuevo,Transferencia,Consola,SinConexion,US,Pickup
Nuevo,Transferencia,Consola,SinConexion,APAC,Economico
Nuevo,Transferencia,Consola,SinConexion,APAC,Estandar
Nuevo,Transferencia,Consola,SinConexion,APAC,Express
Nuevo,Transferencia,Consola,SinConexion,APAC,Pickup
Nuevo,Contraentrega,Movil,Buena,LATAM,Economico
Nuevo,Contraentrega,Movil,Buena,LATAM,Estandar
Nuevo,Contraentrega,Movil,Buena,LATAM,Express
Nuevo,Contraentrega,Movil,Buena,LATAM,Pickup
Nuevo,Contraentrega,Movil,Buena,EU,Economico
Nuevo,Contraentrega,Movil,Buena,EU,Estandar
Nuevo,Contraentrega,Movil,Buena,EU,Express
Nuevo,Contraentrega,Movil,Buena,EU,Pickup
Nuevo,Contraentrega,Movil,Buena,US,Economico
Nuevo,Contraentrega,Movil,Buena,US,Estandar
Nuevo,Contraentrega,Movil,Buena,US,Express
Nuevo,Contraentrega,Movil,Buena,US,Pickup
Nuevo,Contraentrega,Movil,Buena,APAC,Economico
Nuevo,Contraentrega,Movil,Buena,APAC,Estandar
Nuevo,Contraentrega,Movil,Buena,APAC,Express
Nuevo,Contraentrega,Movil,Buena,APAC,Pickup
Nuevo,Contraentrega,Movil,Media,LATAM,Economico
Nuevo,Contraentrega,Movil,Media,LATAM,Estandar
Nuevo,Contraentrega,Movil,Media,LATAM,Express
Nuevo,Contraentrega,Movil,Media,LATAM,Pickup
Nuevo,Contraentrega,Movil,Media,EU,Economico
Nuevo,Contraentrega,Movil,Media,EU,Estandar
Nuevo,Contraentrega,Movil,Media,EU,Express
Nuevo,Contraentrega,Movil,Media,EU,Pickup
Nuevo,Contraentrega,Movil,Media,US,Economico
Nuevo,Contraentrega,Movil,Media,US,Estandar
Nuevo,Contraentrega,Movil,Media,US,Express
Nuevo,Contraentrega,Movil,Media,US,Pickup
Nuevo,Contraentrega,Movil,Media,APAC,Economico
Nuevo,Contraentrega,Movil,Media,APAC,Estandar
Nuevo,Contraentrega,Movil,Media,APAC,Express
Nuevo,Contraentrega,Movil,Media,APAC,Pickup
Nuevo,Contraentrega,Movil,Lenta,LATAM,Economico
Nuevo,Contraentrega,Movil,Lenta,LATAM,Estandar
Nuevo,Contraentrega,Movil,Lenta,LATAM,Express
Nuevo,Contraentrega,Movil,Lenta,LATAM,Pickup
Nuevo,Contraentrega,Movil,Lenta,EU,Economico
Nuevo,Contraentrega,Movil,Lenta,EU,Estandar
Nuevo,Contraentrega,Movil,Lenta,EU,Express
Nuevo,Contraentrega,Movil,Lenta,EU,Pickup
Nuevo,Contraentrega,Movil,Lenta,US,Economico
Nuevo,Contraentrega,Movil,Lenta,US,Estandar
Nuevo,Contraentrega,Movil,Lenta,US,Express
Nuevo,Contraentrega,Movil,Lenta,US,Pickup
Nuevo,Contraentrega,Movil,Lenta,APAC,Economico
Nuevo,Contraentrega,Movil,Lenta,APAC,Estandar
Nuevo,Contraentrega,Movil,Lenta,APAC,Express
Nuevo,Contraentrega,Movil,Lenta,APAC,Pickup
Nuevo,Contraentrega,Movil,Intermitente,LATAM,Economico
Nuevo,Contraentrega,Movil,Intermitente,LATAM,Estandar
Nuevo,Contraentrega,Movil,Intermitente,LATAM,Express
Nuevo,Contraentrega,Movil,Intermitente,LATAM,Pickup
Nuevo,Contraentrega,Movil,Intermitente,EU,Economico
Nuevo,Contraentrega,Movil,Intermitente,EU,Estandar
Nuevo,Contraentrega,Movil,Intermitente,EU,Express
Nuevo,Contraentrega,Movil,Intermitente,EU,Pickup
Nuevo,Contraentrega,Movil,Intermitente,US,Economico
Nuevo,Contraentrega,Movil,Intermitente,US,Estandar
Nuevo,Contraentrega,Movil,Intermitente,US,Express
Nuevo,Contraentrega,Movil,Intermitente,US,Pickup
Nuevo,Contraentrega,Movil,Intermitente,APAC,Economico
Nuevo,Contraentrega,Movil,Intermitente,APAC,Estandar
Nuevo,Contraentrega,Movil,Intermitente,APAC,Express
Nuevo,Contraentrega,Movil,Intermitente,APAC,Pickup
Nuevo,Contraentrega,Movil,SinConexion,LATAM,Economico
Nuevo,Contraentrega,Movil,SinConexion,LATAM,Estandar
Nuevo,Contraentrega,Movil,SinConexion,LATAM,Express
Nuevo,Contraentrega,Movil,SinConexion,LATAM,Pickup
Nuevo,Contraentrega,Movil,SinConexion,EU,Economico
Nuevo,Contraentrega,Movil,SinConexion,EU,Estandar
Nuevo,Contraentrega,Movil,SinConexion,EU,Express
Nuevo,Contraentrega,Movil,SinConexion,EU,Pickup
Nuevo,Contraentrega,Movil,SinConexion,US,Economico
Nuevo,Contraentrega,Movil,SinConexion,US,Estandar
Nuevo,Contraentrega,Movil,SinConexion,US,Express
Nuevo,Contraentrega,Movil,SinConexion,US,Pickup
Nuevo,Contraentrega,Movil,SinConexion,APAC,Economico
Nuevo,Contraentrega,Movil,SinConexion,APAC,Estandar
Nuevo,Contraentrega,Movil,SinConexion,APAC,Express
Nuevo,Contraentrega,Movil,SinConexion,APAC,Pickup
Nuevo,Contraentrega,Desktop,Buena,LATAM,Economico
Nuevo,Contraentrega,Desktop,Buena,LATAM,Estandar
Nuevo,Contraentrega,Desktop,Buena,LATAM,Express
Nuevo,Contraentrega,Desktop,Buena,LATAM,Pickup
Nuevo,Contraentrega,Desktop,Buena,EU,Economico
Nuevo,Contraentrega,Desktop,Buena,EU,Estandar
Nuevo,Contraentrega,Desktop,Buena,EU,Express
Nuevo,Contraentrega,Desktop,Buena,EU,Pickup
Nuevo,Contraentrega,Desktop,Buena,US,Economico
Nuevo,Contraentrega,Desktop,Buena,US,Estandar
Nuevo,Contraentrega,Desktop,Buena,US,Express
Nuevo,Contraentrega,Desktop,Buena,US,Pickup
Nuevo,Contraentrega,Desktop,Buena,APAC,Economico
Nuevo,Contraentrega,Desktop,Buena,APAC,Estandar
Nuevo,Contraentrega,Desktop,Buena,APAC,Express
Nuevo,Contraentrega,Desktop,Buena,APAC,Pickup
Nuevo,Contraentrega,Desktop,Media,LATAM,Economico
Nuevo,Contraentrega,Desktop,Media,LATAM,Estandar
Nuevo,Contraentrega,Desktop,Media,LATAM,Express
Nuevo,Contraentrega,Desktop,Media,LATAM,Pickup
Nuevo,Contraentrega,Desktop,Media,EU,Economico
Nuevo,Contraentrega,Desktop,Media,EU,Estandar
Nuevo,Contraentrega,Desktop,Media,EU,Express
Nuevo,Contraentrega,Desktop,Media,EU,Pickup
Nuevo,Contraentrega,Desktop,Media,US,Economico
Nuevo,Contraentrega,Desktop,Media,US,Estandar
Nuevo,Contraentrega,Desktop,Media,US,Express
Nuevo,Contraentrega,Desktop,Media,US,Pickup
Nuevo,Contraentrega,Desktop,Media,APAC,Economico
Nuevo,Contraentrega,Desktop,Media,APAC,Estandar
Nuevo,Contraentrega,Desktop,Media,APAC,Express
Nuevo,Contraentrega,Desktop,Media,APAC,Pickup
Nuevo,Contraentrega,Desktop,Lenta,LATAM,Economico
Nuevo,Contraentrega,Desktop,Lenta,LATAM,Estandar
Nuevo,Contraentrega,Desktop,Lenta,LATAM,Express
Nuevo,Contraentrega,Desktop,Lenta,LATAM,Pickup
Nuevo,Contraentrega,Desktop,Lenta,EU,Economico
Nuevo,Contraentrega,Desktop,Lenta,EU,Estandar
Nuevo,Contraentrega,Desktop,Lenta,EU,Express
Nuevo,Contraentrega,Desktop,Lenta,EU,Pickup
Nuevo,Contraentrega,Desktop,Lenta,US,Economico
Nuevo,Contraentrega,Desktop,Lenta,US,Estandar
Nuevo,Contraentrega,Desktop,Lenta,US,Express
Nuevo,Contraentrega,Desktop,Lenta,US,Pickup
Nuevo,Contraentrega,Desktop,Lenta,APAC,Economico
Nuevo,Contraentrega,Desktop,Lenta,APAC,Estandar
Nuevo,Contraentrega,Desktop,Lenta,APAC,Express
Nuevo,Contraentrega,Desktop,Lenta,APAC,Pickup
Nuevo,Contraentrega,Desktop,Intermitente,LATAM,Economico
Nuevo,Contraentrega,Desktop,Intermitente,LATAM,Estandar
Nuevo,Contraentrega,Desktop,Intermitente,LATAM,Express
Nuevo,Contraentrega,Desktop,Intermitente,LATAM,Pickup
Nuevo,Contraentrega,Desktop,Intermitente,EU,Economico
Nuevo,Contraentrega,Desktop,Intermitente,EU,Estandar
Nuevo,Contraentrega,Desktop,Intermitente,EU,Express
Nuevo,Contraentrega,Desktop,Intermitente,EU,Pickup
Nuevo,Contraentrega,Desktop,Intermitente,US,Economico
Nuevo,Contraentrega,Desktop,Intermitente,US,Estandar
Nuevo,Contraentrega,Desktop,Intermitente,US,Express
Nuevo,Contraentrega,Desktop,Intermitente,US,Pickup
Nuevo,Contraentrega,Desktop,Intermitente,APAC,Economico
Nuevo,Contraentrega,Desktop,Intermitente,APAC,Estandar
Nuevo,Contraentrega,Desktop,Intermitente,APAC,Express
Nuevo,Contraentrega,Desktop,Intermitente,APAC,Pickup
Nuevo,Contraentrega,Desktop,SinConexion,LATAM,Economico
Nuevo,Contraentrega,Desktop,SinConexion,LATAM,Estandar
Nuevo,Contraentrega,Desktop,SinConexion,LATAM,Express
Nuevo,Contraentrega,Desktop,SinConexion,LATAM,Pickup
Nuevo,Contraentrega,Desktop,SinConexion,EU,Economico
Nuevo,Contraentrega,Desktop,SinConexion,EU,Estandar
Nuevo,Contraentrega,Desktop,SinConexion,EU,Express
Nuevo,Contraentrega,Desktop,SinConexion,EU,Pickup
Nuevo,Contraentrega,Desktop,SinConexion,US,Economico
Nuevo,Contraentrega,Desktop,SinConexion,US,Estandar
Nuevo,Contraentrega,Desktop,SinConexion,US,Express
Nuevo,Contraentrega,Desktop,SinConexion,US,Pickup
Nuevo,Contraentrega,Desktop,SinConexion,APAC,Economico
Nuevo,Contraentrega,Desktop,SinConexion,APAC,Estandar
Nuevo,Contraentrega,Desktop,SinConexion,APAC,Express
Nuevo,Contraentrega,Desktop,SinConexion,APAC,Pickup
Nuevo,Contraentrega,Tableta,Buena,LATAM,Economico
Nuevo,Contraentrega,Tableta,Buena,LATAM,Estandar
Nuevo,Contraentrega,Tableta,Buena,LATAM,Express
Nuevo,Contraentrega,Tableta,Buena,LATAM,Pickup
Nuevo,Contraentrega,Tableta,Buena,EU,Economico
Nuevo,Contraentrega,Tableta,Buena,EU,Estandar
Nuevo,Contraentrega,Tableta,Buena,EU,Express
Nuevo,Contraentrega,Tableta,Buena,EU,Pickup
Nuevo,Contraentrega,Tableta,Buena,US,Economico
Nuevo,Contraentrega,Tableta,Buena,US,Estandar
Nuevo,Contraentrega,Tableta,Buena,US,Express
Nuevo,Contraentrega,Tableta,Buena,US,Pickup
Nuevo,Contraentrega,Tableta,Buena,APAC,Economico
Nuevo,Contraentrega,Tableta,Buena,APAC,Estandar
Nuevo,Contraentrega,Tableta,Buena,APAC,Express
Nuevo,Contraentrega,Tableta,Buena,APAC,Pickup
Nuevo,Contraentrega,Tableta,Media,LATAM,Economico
Nuevo,Contraentrega,Tableta,Media,LATAM,Estandar
Nuevo,Contraentrega,Tableta,Media,LATAM,Express
Nuevo,Contraentrega,Tableta,Media,LATAM,Pickup
Nuevo,Contraentrega,Tableta,Media,EU,Economico
Nuevo,Contraentrega,Tableta,Media,EU,Estandar
Nuevo,Contraentrega,Tableta,Media,EU,Express
Nuevo,Contraentrega,Tableta,Media,EU,Pickup
Nuevo,Contraentrega,Tableta,Media,US,Economico
Nuevo,Contraentrega,Tableta,Media,US,Estandar
Nuevo,Contraentrega,Tableta,Media,US,Express
Nuevo,Contraentrega,Tableta,Media,US,Pickup
Nuevo,Contraentrega,Tableta,Media,APAC,Economico
Nuevo,Contraentrega,Tableta,Media,APAC,Estandar
Nuevo,Contraentrega,Tableta,Media,APAC,Express
Nuevo,Contraentrega,Tableta,Media,APAC,Pickup
Nuevo,Contraentrega,Tableta,Lenta,LATAM,Economico
Nuevo,Contraentrega,Tableta,Lenta,LATAM,Estandar
Nuevo,Contraentrega,Tableta,Lenta,LATAM,Express
Nuevo,Contraentrega,Tableta,Lenta,LATAM,Pickup
Nuevo,Contraentrega,Tableta,Lenta,EU,Economico
Nuevo,Contraentrega,Tableta,Lenta,EU,Estandar
Nuevo,Contraentrega,Tableta,Lenta,EU,Express
Nuevo,Contraentrega,Tableta,Lenta,EU,Pickup
Nuevo,Contraentrega,Tableta,Lenta,US,Economico
Nuevo,Contraentrega,Tableta,Lenta,US,Estandar
Nuevo,Contraentrega,Tableta,Lenta,US,Express
Nuevo,Contraentrega,Tableta,Lenta,US,Pickup
Nuevo,Contraentrega,Tableta,Lenta,APAC,Economico
Nuevo,Contraentrega,Tableta,Lenta,APAC,Estandar
Nuevo,Contraentrega,Tableta,Lenta,APAC,Express
Nuevo,Contraentrega,Tableta,Lenta,APAC,Pickup
Nuevo,Contraentrega,Tableta,Intermitente,LATAM,Economico
Nuevo,Contraentrega,Tableta,Intermitente,LATAM,Estandar
Nuevo,Contraentrega,Tableta,Intermitente,LATAM,Express
Nuevo,Contraentrega,Tableta,Intermitente,LATAM,Pickup
Nuevo,Contraentrega,Tableta,Intermitente,EU,Economico
Nuevo,Contraentrega,Tableta,Intermitente,EU,Estandar
Nuevo,Contraentrega,Tableta,Intermitente,EU,Express
Nuevo,Contraentrega,Tableta,Intermitente,EU,Pickup
Nuevo,Contraentrega,Tableta,Intermitente,US,Economico
Nuevo,Contraentrega,Tableta,Intermitente,US,Estandar
Nuevo,Contraentrega,Tableta,Intermitente,US,Express
Nuevo,Contraentrega,Tableta,Intermitente,US,Pickup
Nuevo,Contraentrega,Tableta,Intermitente,APAC,Economico
Nuevo,Contraentrega,Tableta,Intermitente,APAC,Estandar
Nuevo,Contraentrega,Tableta,Intermitente,APAC,Express
Nuevo,Contraentrega,Tableta,Intermitente,APAC,Pickup
Nuevo,Contraentrega,Tableta,SinConexion,LATAM,Economico
Nuevo,Contraentrega,Tableta,SinConexion,LATAM,Estandar
Nuevo,Contraentrega,Tableta,SinConexion,LATAM,Express
Nuevo,Contraentrega,Tableta,SinConexion,LATAM,Pickup
Nuevo,Contraentrega,Tableta,SinConexion,EU,Economico
Nuevo,Contraentrega,Tableta,SinConexion,EU,Estandar
Nuevo,Contraentrega,Tableta,SinConexion,EU,Express
Nuevo,Contraentrega,Tableta,SinConexion,EU,Pickup
Nuevo,Contraentrega,Tableta,SinConexion,US,Economico
Nuevo,Contraentrega,Tableta,SinConexion,US,Estandar
Nuevo,Contraentrega,Tableta,SinConexion,US,Express
Nuevo,Contraentrega,Tableta,SinConexion,US,Pickup
Nuevo,Contraentrega,Tableta,SinConexion,APAC,Economico
Nuevo,Contraentrega,Tableta,SinConexion,APAC,Estandar
Nuevo,Contraentrega,Tableta,SinConexion,APAC,Express
Nuevo,Contraentrega,Tableta,SinConexion,APAC,Pickup
Nuevo,Contraentrega,SmartTV,Buena,LATAM,Economico
Nuevo,Contraentrega,SmartTV,Buena,LATAM,Estandar
Nuevo,Contraentrega,SmartTV,Buena,LATAM,Express
Nuevo,Contraentrega,SmartTV,Buena,LATAM,Pickup
Nuevo,Contraentrega,SmartTV,Buena,EU,Economico
Nuevo,Contraentrega,SmartTV,Buena,EU,Estandar
Nuevo,Contraentrega,SmartTV,Buena,EU,Express
Nuevo,Contraentrega,SmartTV,Buena,EU,Pickup
Nuevo,Contraentrega,SmartTV,Buena,US,Economico
Nuevo,Contraentrega,SmartTV,Buena,US,Estandar
Nuevo,Contraentrega,SmartTV,Buena,US,Express
Nuevo,Contraentrega,SmartTV,Buena,US,Pickup
Nuevo,Contraentrega,SmartTV,Buena,APAC,Economico
Nuevo,Contraentrega,SmartTV,Buena,APAC,Estandar
Nuevo,Contraentrega,SmartTV,Buena,APAC,Express
Nuevo,Contraentrega,SmartTV,Buena,APAC,Pickup
Nuevo,Contraentrega,SmartTV,Media,LATAM,Economico
Nuevo,Contraentrega,SmartTV,Media,LATAM,Estandar
Nuevo,Contraentrega,SmartTV,Media,LATAM,Express
Nuevo,Contraentrega,SmartTV,Media,LATAM,Pickup
Nuevo,Contraentrega,SmartTV,Media,EU,Economico
Nuevo,Contraentrega,SmartTV,Media,EU,Estandar
Nuevo,Contraentrega,SmartTV,Media,EU,Express
Nuevo,Contraentrega,SmartTV,Media,EU,Pickup
Nuevo,Contraentrega,SmartTV,Media,US,Economico
Nuevo,Contraentrega,SmartTV,Media,US,Estandar
Nuevo,Contraentrega,SmartTV,Media,US,Express
Nuevo,Contraentrega,SmartTV,Media,US,Pickup
Nuevo,Contraentrega,SmartTV,Media,APAC,Economico
Nuevo,Contraentrega,SmartTV,Media,APAC,Estandar
Nuevo,Contraentrega,SmartTV,Media,APAC,Express
Nuevo,Contraentrega,SmartTV,Media,APAC,Pickup
Nuevo,Contraentrega,SmartTV,Lenta,LATAM,Economico
Nuevo,Contraentrega,SmartTV,Lenta,LATAM,Estandar
Nuevo,Contraentrega,SmartTV,Lenta,LATAM,Express
Nuevo,Contraentrega,SmartTV,Lenta,LATAM,Pickup
Nuevo,Contraentrega,SmartTV,Lenta,EU,Economico
Nuevo,Contraentrega,SmartTV,Lenta,EU,Estandar
Nuevo,Contraentrega,SmartTV,Lenta,EU,Express
Nuevo,Contraentrega,SmartTV,Lenta,EU,Pickup
Nuevo,Contraentrega,SmartTV,Lenta,US,Economico
Nuevo,Contraentrega,SmartTV,Lenta,US,Estandar
Nuevo,Contraentrega,SmartTV,Lenta,US,Express
Nuevo,Contraentrega,SmartTV,Lenta,US,Pickup
Nuevo,Contraentrega,SmartTV,Lenta,APAC,Economico
Nuevo,Contraentrega,SmartTV,Lenta,APAC,Estandar
Nuevo,Contraentrega,SmartTV,Lenta,APAC,Express
Nuevo,Contraentrega,SmartTV,Lenta,APAC,Pickup
Nuevo,Contraentrega,SmartTV,Intermitente,LATAM,Economico
Nuevo,Contraentrega,SmartTV,Intermitente,LATAM,Estandar
Nuevo,Contraentrega,SmartTV,Intermitente,LATAM,Express
Nuevo,Contraentrega,SmartTV,Intermitente,LATAM,Pickup
Nuevo,Contraentrega,SmartTV,Intermitente,EU,Economico
Nuevo,Contraentrega,SmartTV,Intermitente,EU,Estandar
Nuevo,Contraentrega,SmartTV,Intermitente,EU,Express
Nuevo,Contraentrega,SmartTV,Intermitente,EU,Pickup
Nuevo,Contraentrega,SmartTV,Intermitente,US,Economico
Nuevo,Contraentrega,SmartTV,Intermitente,US,Estandar
Nuevo,Contraentrega,SmartTV,Intermitente,US,Express
Nuevo,Contraentrega,SmartTV,Intermitente,US,Pickup
Nuevo,Contraentrega,SmartTV,Intermitente,APAC,Economico
Nuevo,Contraentrega,SmartTV,Intermitente,APAC,Estandar
Nuevo,Contraentrega,SmartTV,Intermitente,APAC,Express
Nuevo,Contraentrega,SmartTV,Intermitente,APAC,Pickup
Nuevo,Contraentrega,SmartTV,SinConexion,LATAM,Economico
Nuevo,Contraentrega,SmartTV,SinConexion,LATAM,Estandar
Nuevo,Contraentrega,SmartTV,SinConexion,LATAM,Express
Nuevo,Contraentrega,SmartTV,SinConexion,LATAM,Pickup
Nuevo,Contraentrega,SmartTV,SinConexion,EU,Economico
Nuevo,Contraentrega,SmartTV,SinConexion,EU,Estandar
Nuevo,Contraentrega,SmartTV,SinConexion,EU,Express
Nuevo,Contraentrega,SmartTV,SinConexion,EU,Pickup
Nuevo,Contraentrega,SmartTV,SinConexion,US,Economico
Nuevo,Contraentrega,SmartTV,SinConexion,US,Estandar
Nuevo,Contraentrega,SmartTV,SinConexion,US,Express
Nuevo,Contraentrega,SmartTV,SinConexion,US,Pickup
Nuevo,Contraentrega,SmartTV,SinConexion,APAC,Economico
Nuevo,Contraentrega,SmartTV,SinConexion,APAC,Estandar
Nuevo,Contraentrega,SmartTV,SinConexion,APAC,Express
Nuevo,Contraentrega,SmartTV,SinConexion,APAC,Pickup
Nuevo,Contraentrega,Consola,Buena,LATAM,Economico
Nuevo,Contraentrega,Consola,Buena,LATAM,Estandar
Nuevo,Contraentrega,Consola,Buena,LATAM,Express
Nuevo,Contraentrega,Consola,Buena,LATAM,Pickup
Nuevo,Contraentrega,Consola,Buena,EU,Economico
Nuevo,Contraentrega,Consola,Buena,EU,Estandar
Nuevo,Contraentrega,Consola,Buena,EU,Express
Nuevo,Contraentrega,Consola,Buena,EU,Pickup
Nuevo,Contraentrega,Consola,Buena,US,Economico
Nuevo,Contraentrega,Consola,Buena,US,Estandar
Nuevo,Contraentrega,Consola,Buena,US,Express
Nuevo,Contraentrega,Consola,Buena,US,Pickup
Nuevo,Contraentrega,Consola,Buena,APAC,Economico
Nuevo,Contraentrega,Consola,Buena,APAC,Estandar
Nuevo,Contraentrega,Consola,Buena,APAC,Express
Nuevo,Contraentrega,Consola,Buena,APAC,Pickup
Nuevo,Contraentrega,Consola,Media,LATAM,Economico
Nuevo,Contraentrega,Consola,Media,LATAM,Estandar
Nuevo,Contraentrega,Consola,Media,LATAM,Express
Nuevo,Contraentrega,Consola,Media,LATAM,Pickup
Nuevo,Contraentrega,Consola,Media,EU,Economico
Nuevo,Contraentrega,Consola,Media,EU,Estandar
Nuevo,Contraentrega,Consola,Media,EU,Express
Nuevo,Contraentrega,Consola,Media,EU,Pickup
Nuevo,Contraentrega,Consola,Media,US,Economico
Nuevo,Contraentrega,Consola,Media,US,Estandar
Nuevo,Contraentrega,Consola,Media,US,Express
Nuevo,Contraentrega,Consola,Media,US,Pickup
Nuevo,Contraentrega,Consola,Media,APAC,Economico
Nuevo,Contraentrega,Consola,Media,APAC,Estandar
Nuevo,Contraentrega,Consola,Media,APAC,Express
Nuevo,Contraentrega,Consola,Media,APAC,Pickup
Nuevo,Contraentrega,Consola,Lenta,LATAM,Economico
Nuevo,Contraentrega,Consola,Lenta,LATAM,Estandar
Nuevo,Contraentrega,Consola,Lenta,LATAM,Express
Nuevo,Contraentrega,Consola,Lenta,LATAM,Pickup
Nuevo,Contraentrega,Consola,Lenta,EU,Economico
Nuevo,Contraentrega,Consola,Lenta,EU,Estandar
Nuevo,Contraentrega,Consola,Lenta,EU,Express
Nuevo,Contraentrega,Consola,Lenta,EU,Pickup
Nuevo,Contraentrega,Consola,Lenta,US,Economico
Nuevo,Contraentrega,Consola,Lenta,US,Estandar
Nuevo,Contraentrega,Consola,Lenta,US,Express
Nuevo,Contraentrega,Consola,Lenta,US,Pickup
Nuevo,Contraentrega,Consola,Lenta,APAC,Economico
Nuevo,Contraentrega,Consola,Lenta,APAC,Estandar
Nuevo,Contraentrega,Consola,Lenta,APAC,Express
Nuevo,Contraentrega,Consola,Lenta,APAC,Pickup
Nuevo,Contraentrega,Consola,Intermitente,LATAM,Economico
Nuevo,Contraentrega,Consola,Intermitente,LATAM,Estandar
Nuevo,Contraentrega,Consola,Intermitente,LATAM,Express
Nuevo,Contraentrega,Consola,Intermitente,LATAM,Pickup
Nuevo,Contraentrega,Consola,Intermitente,EU,Economico
Nuevo,Contraentrega,Consola,Intermitente,EU,Estandar
Nuevo,Contraentrega,Consola,Intermitente,EU,Express
Nuevo,Contraentrega,Consola,Intermitente,EU,Pickup
Nuevo,Contraentrega,Consola,Intermitente,US,Economico
Nuevo,Contraentrega,Consola,Intermitente,US,Estandar
Nuevo,Contraentrega,Consola,Intermitente,US,Express
Nuevo,Contraentrega,Consola,Intermitente,US,Pickup
Nuevo,Contraentrega,Consola,Intermitente,APAC,Economico
Nuevo,Contraentrega,Consola,Intermitente,APAC,Estandar
Nuevo,Contraentrega,Consola,Intermitente,APAC,Express
Nuevo,Contraentrega,Consola,Intermitente,APAC,Pickup
Nuevo,Contraentrega,Consola,SinConexion,LATAM,Economico
Nuevo,Contraentrega,Consola,SinConexion,LATAM,Estandar
Nuevo,Contraentrega,Consola,SinConexion,LATAM,Express
Nuevo,Contraentrega,Consola,SinConexion,LATAM,Pickup
Nuevo,Contraentrega,Consola,SinConexion,EU,Economico
Nuevo,Contraentrega,Consola,SinConexion,EU,Estandar
Nuevo,Contraentrega,Consola,SinConexion,EU,Express
Nuevo,Contraentrega,Consola,SinConexion,EU,Pickup
Nuevo,Contraentrega,Consola,SinConexion,US,Economico
Nuevo,Contraentrega,Consola,SinConexion,US,Estandar
Nuevo,Contraentrega,Consola,SinConexion,US,Express
Nuevo,Contraentrega,Consola,SinConexion,US,Pickup
Nuevo,Contraentrega,Consola,SinConexion,APAC,Economico
Nuevo,Contraentrega,Consola,SinConexion,APAC,Estandar
Nuevo,Contraentrega,Consola,SinConexion,APAC,Express
Nuevo,Contraentrega,Consola,SinConexion,APAC,Pickup
Nuevo,Cripto,Movil,Buena,LATAM,Economico
Nuevo,Cripto,Movil,Buena,LATAM,Estandar
Nuevo,Cripto,Movil,Buena,LATAM,Express
Nuevo,Cripto,Movil,Buena,LATAM,Pickup
Nuevo,Cripto,Movil,Buena,EU,Economico
Nuevo,Cripto,Movil,Buena,EU,Estandar
Nuevo,Cripto,Movil,Buena,EU,Express
Nuevo,Cripto,Movil,Buena,EU,Pickup
Nuevo,Cripto,Movil,Buena,US,Economico
Nuevo,Cripto,Movil,Buena,US,Estandar
Nuevo,Cripto,Movil,Buena,US,Express
Nuevo,Cripto,Movil,Buena,US,Pickup
Nuevo,Cripto,Movil,Buena,APAC,Economico
Nuevo,Cripto,Movil,Buena,APAC,Estandar
Nuevo,Cripto,Movil,Buena,APAC,Express
Nuevo,Cripto,Movil,Buena,APAC,Pickup
Nuevo,Cripto,Movil,Media,LATAM,Economico
Nuevo,Cripto,Movil,Media,LATAM,Estandar
Nuevo,Cripto,Movil,Media,LATAM,Express
Nuevo,Cripto,Movil,Media,LATAM,Pickup
Nuevo,Cripto,Movil,Media,EU,Economico
Nuevo,Cripto,Movil,Media,EU,Estandar
Nuevo,Cripto,Movil,Media,EU,Express
Nuevo,Cripto,Movil,Media,EU,Pickup
Nuevo,Cripto,Movil,Media,US,Economico
Nuevo,Cripto,Movil,Media,US,Estandar
Nuevo,Cripto,Movil,Media,US,Express
Nuevo,Cripto,Movil,Media,US,Pickup
Nuevo,Cripto,Movil,Media,APAC,Economico
Nuevo,Cripto,Movil,Media,APAC,Estandar
Nuevo,Cripto,Movil,Media,APAC,Express
Nuevo,Cripto,Movil,Media,APAC,Pickup
Nuevo,Cripto,Movil,Lenta,LATAM,Economico
Nuevo,Cripto,Movil,Lenta,LATAM,Estandar
Nuevo,Cripto,Movil,Lenta,LATAM,Express
Nuevo,Cripto,Movil,Lenta,LATAM,Pickup
Nuevo,Cripto,Movil,Lenta,EU,Economico
Nuevo,Cripto,Movil,Lenta,EU,Estandar
Nuevo,Cripto,Movil,Lenta,EU,Express
Nuevo,Cripto,Movil,Lenta,EU,Pickup
Nuevo,Cripto,Movil,Lenta,US,Economico
Nuevo,Cripto,Movil,Lenta,US,Estandar
Nuevo,Cripto,Movil,Lenta,US,Express
Nuevo,Cripto,Movil,Lenta,US,Pickup
Nuevo,Cripto,Movil,Lenta,APAC,Economico
Nuevo,Cripto,Movil,Lenta,APAC,Estandar
Nuevo,Cripto,Movil,Lenta,APAC,Express
Nuevo,Cripto,Movil,Lenta,APAC,Pickup
Nuevo,Cripto,Movil,Intermitente,LATAM,Economico
Nuevo,Cripto,Movil,Intermitente,LATAM,Estandar
Nuevo,Cripto,Movil,Intermitente,LATAM,Express
Nuevo,Cripto,Movil,Intermitente,LATAM,Pickup
Nuevo,Cripto,Movil,Intermitente,EU,Economico
Nuevo,Cripto,Movil,Intermitente,EU,Estandar
Nuevo,Cripto,Movil,Intermitente,EU,Express
Nuevo,Cripto,Movil,Intermitente,EU,Pickup
Nuevo,Cripto,Movil,Intermitente,US,Economico
Nuevo,Cripto,Movil,Intermitente,US,Estandar
Nuevo,Cripto,Movil,Intermitente,US,Express
Nuevo,Cripto,Movil,Intermitente,US,Pickup
Nuevo,Cripto,Movil,Intermitente,APAC,Economico
Nuevo,Cripto,Movil,Intermitente,APAC,Estandar
Nuevo,Cripto,Movil,Intermitente,APAC,Express
Nuevo,Cripto,Movil,Intermitente,APAC,Pickup
Nuevo,Cripto,Movil,SinConexion,LATAM,Economico
Nuevo,Cripto,Movil,SinConexion,LATAM,Estandar
Nuevo,Cripto,Movil,SinConexion,LATAM,Express
Nuevo,Cripto,Movil,SinConexion,LATAM,Pickup
Nuevo,Cripto,Movil,SinConexion,EU,Economico
Nuevo,Cripto,Movil,SinConexion,EU,Estandar
Nuevo,Cripto,Movil,SinConexion,EU,Express
Nuevo,Cripto,Movil,SinConexion,EU,Pickup
Nuevo,Cripto,Movil,SinConexion,US,Economico
Nuevo,Cripto,Movil,SinConexion,US,Estandar
Nuevo,Cripto,Movil,SinConexion,US,Express
Nuevo,Cripto,Movil,SinConexion,US,Pickup
Nuevo,Cripto,Movil,SinConexion,APAC,Economico
Nuevo,Cripto,Movil,SinConexion,APAC,Estandar
Nuevo,Cripto,Movil,SinConexion,APAC,Express
Nuevo,Cripto,Movil,SinConexion,APAC,Pickup
Nuevo,Cripto,Desktop,Buena,LATAM,Economico
Nuevo,Cripto,Desktop,Buena,LATAM,Estandar
Nuevo,Cripto,Desktop,Buena,LATAM,Express
Nuevo,Cripto,Desktop,Buena,LATAM,Pickup
Nuevo,Cripto,Desktop,Buena,EU,Economico
Nuevo,Cripto,Desktop,Buena,EU,Estandar
Nuevo,Cripto,Desktop,Buena,EU,Express
Nuevo,Cripto,Desktop,Buena,EU,Pickup
Nuevo,Cripto,Desktop,Buena,US,Economico
Nuevo,Cripto,Desktop,Buena,US,Estandar
Nuevo,Cripto,Desktop,Buena,US,Express
Nuevo,Cripto,Desktop,Buena,US,Pickup
Nuevo,Cripto,Desktop,Buena,APAC,Economico
Nuevo,Cripto,Desktop,Buena,APAC,Estandar
Nuevo,Cripto,Desktop,Buena,APAC,Express
Nuevo,Cripto,Desktop,Buena,APAC,Pickup
Nuevo,Cripto,Desktop,Media,LATAM,Economico
Nuevo,Cripto,Desktop,Media,LATAM,Estandar
Nuevo,Cripto,Desktop,Media,LATAM,Express
Nuevo,Cripto,Desktop,Media,LATAM,Pickup
Nuevo,Cripto,Desktop,Media,EU,Economico
Nuevo,Cripto,Desktop,Media,EU,Estandar
Nuevo,Cripto,Desktop,Media,EU,Express
Nuevo,Cripto,Desktop,Media,EU,Pickup
Nuevo,Cripto,Desktop,Media,US,Economico
Nuevo,Cripto,Desktop,Media,US,Estandar
Nuevo,Cripto,Desktop,Media,US,Express
Nuevo,Cripto,Desktop,Media,US,Pickup
Nuevo,Cripto,Desktop,Media,APAC,Economico
Nuevo,Cripto,Desktop,Media,APAC,Estandar
Nuevo,Cripto,Desktop,Media,APAC,Express
Nuevo,Cripto,Desktop,Media,APAC,Pickup
Nuevo,Cripto,Desktop,Lenta,LATAM,Economico
Nuevo,Cripto,Desktop,Lenta,LATAM,Estandar
Nuevo,Cripto,Desktop,Lenta,LATAM,Express
Nuevo,Cripto,Desktop,Lenta,LATAM,Pickup
Nuevo,Cripto,Desktop,Lenta,EU,Economico
Nuevo,Cripto,Desktop,Lenta,EU,Estandar
Nuevo,Cripto,Desktop,Lenta,EU,Express
Nuevo,Cripto,Desktop,Lenta,EU,Pickup
Nuevo,Cripto,Desktop,Lenta,US,Economico
Nuevo,Cripto,Desktop,Lenta,US,Estandar
Nuevo,Cripto,Desktop,Lenta,US,Express
Nuevo,Cripto,Desktop,Lenta,US,Pickup
Nuevo,Cripto,Desktop,Lenta,APAC,Economico
Nuevo,Cripto,Desktop,Lenta,APAC,Estandar
Nuevo,Cripto,Desktop,Lenta,APAC,Express
Nuevo,Cripto,Desktop,Lenta,APAC,Pickup
Nuevo,Cripto,Desktop,Intermitente,LATAM,Economico
Nuevo,Cripto,Desktop,Intermitente,LATAM,Estandar
Nuevo,Cripto,Desktop,Intermitente,LATAM,Express
Nuevo,Cripto,Desktop,Intermitente,LATAM,Pickup
Nuevo,Cripto,Desktop,Intermitente,EU,Economico
Nuevo,Cripto,Desktop,Intermitente,EU,Estandar
Nuevo,Cripto,Desktop,Intermitente,EU,Express
Nuevo,Cripto,Desktop,Intermitente,EU,Pickup
Nuevo,Cripto,Desktop,Intermitente,US,Economico
Nuevo,Cripto,Desktop,Intermitente,US,Estandar
Nuevo,Cripto,Desktop,Intermitente,US,Express
Nuevo,Cripto,Desktop,Intermitente,US,Pickup
Nuevo,Cripto,Desktop,Intermitente,APAC,Economico
Nuevo,Cripto,Desktop,Intermitente,APAC,Estandar
Nuevo,Cripto,Desktop,Intermitente,APAC,Express
Nuevo,Cripto,Desktop,Intermitente,APAC,Pickup
Nuevo,Cripto,Desktop,SinConexion,LATAM,Economico
Nuevo,Cripto,Desktop,SinConexion,LATAM,Estandar
Nuevo,Cripto,Desktop,SinConexion,LATAM,Express
Nuevo,Cripto,Desktop,SinConexion,LATAM,Pickup
Nuevo,Cripto,Desktop,SinConexion,EU,Economico
Nuevo,Cripto,Desktop,SinConexion,EU,Estandar
Nuevo,Cripto,Desktop,SinConexion,EU,Express
Nuevo,Cripto,Desktop,SinConexion,EU,Pickup
Nuevo,Cripto,Desktop,SinConexion,US,Economico
Nuevo,Cripto,Desktop,SinConexion,US,Estandar
Nuevo,Cripto,Desktop,SinConexion,US,Express
Nuevo,Cripto,Desktop,SinConexion,US,Pickup
Nuevo,Cripto,Desktop,SinConexion,APAC,Economico
Nuevo,Cripto,Desktop,SinConexion,APAC,Estandar
Nuevo,Cripto,Desktop,SinConexion,APAC,Express
Nuevo,Cripto,Desktop,SinConexion,APAC,Pickup
Nuevo,Cripto,Tableta,Buena,LATAM,Economico
Nuevo,Cripto,Tableta,Buena,LATAM,Estandar
Nuevo,Cripto,Tableta,Buena,LATAM,Express
Nuevo,Cripto,Tableta,Buena,LATAM,Pickup
Nuevo,Cripto,Tableta,Buena,EU,Economico
Nuevo,Cripto,Tableta,Buena,EU,Estandar
Nuevo,Cripto,Tableta,Buena,EU,Express
Nuevo,Cripto,Tableta,Buena,EU,Pickup
Nuevo,Cripto,Tableta,Buena,US,Economico
Nuevo,Cripto,Tableta,Buena,US,Estandar
Nuevo,Cripto,Tableta,Buena,US,Express
Nuevo,Cripto,Tableta,Buena,US,Pickup
Nuevo,Cripto,Tableta,Buena,APAC,Economico
Nuevo,Cripto,Tableta,Buena,APAC,Estandar
Nuevo,Cripto,Tableta,Buena,APAC,Express
Nuevo,Cripto,Tableta,Buena,APAC,Pickup
Nuevo,Cripto,Tableta,Media,LATAM,Economico
Nuevo,Cripto,Tableta,Media,LATAM,Estandar
Nuevo,Cripto,Tableta,Media,LATAM,Express
Nuevo,Cripto,Tableta,Media,LATAM,Pickup
Nuevo,Cripto,Tableta,Media,EU,Economico
Nuevo,Cripto,Tableta,Media,EU,Estandar
Nuevo,Cripto,Tableta,Media,EU,Express
Nuevo,Cripto,Tableta,Media,EU,Pickup
Nuevo,Cripto,Tableta,Media,US,Economico
Nuevo,Cripto,Tableta,Media,US,Estandar
Nuevo,Cripto,Tableta,Media,US,Express
Nuevo,Cripto,Tableta,Media,US,Pickup
Nuevo,Cripto,Tableta,Media,APAC,Economico
Nuevo,Cripto,Tableta,Media,APAC,Estandar
Nuevo,Cripto,Tableta,Media,APAC,Express
Nuevo,Cripto,Tableta,Media,APAC,Pickup
Nuevo,Cripto,Tableta,Lenta,LATAM,Economico
Nuevo,Cripto,Tableta,Lenta,LATAM,Estandar
Nuevo,Cripto,Tableta,Lenta,LATAM,Express
Nuevo,Cripto,Tableta,Lenta,LATAM,Pickup
Nuevo,Cripto,Tableta,Lenta,EU,Economico
Nuevo,Cripto,Tableta,Lenta,EU,Estandar
Nuevo,Cripto,Tableta,Lenta,EU,Express
Nuevo,Cripto,Tableta,Lenta,EU,Pickup
Nuevo,Cripto,Tableta,Lenta,US,Economico
Nuevo,Cripto,Tableta,Lenta,US,Estandar
Nuevo,Cripto,Tableta,Lenta,US,Express
Nuevo,Cripto,Tableta,Lenta,US,Pickup
Nuevo,Cripto,Tableta,Lenta,APAC,Economico
Nuevo,Cripto,Tableta,Lenta,APAC,Estandar
Nuevo,Cripto,Tableta,Lenta,APAC,Express
Nuevo,Cripto,Tableta,Lenta,APAC,Pickup
Nuevo,Cripto,Tableta,Intermitente,LATAM,Economico
Nuevo,Cripto,Tableta,Intermitente,LATAM,Estandar
Nuevo,Cripto,Tableta,Intermitente,LATAM,Express
Nuevo,Cripto,Tableta,Intermitente,LATAM,Pickup
Nuevo,Cripto,Tableta,Intermitente,EU,Economico
Nuevo,Cripto,Tableta,Intermitente,EU,Estandar
Nuevo,Cripto,Tableta,Intermitente,EU,Express
Nuevo,Cripto,Tableta,Intermitente,EU,Pickup
Nuevo,Cripto,Tableta,Intermitente,US,Economico
Nuevo,Cripto,Tableta,Intermitente,US,Estandar
Nuevo,Cripto,Tableta,Intermitente,US,Express
Nuevo,Cripto,Tableta,Intermitente,US,Pickup
Nuevo,Cripto,Tableta,Intermitente,APAC,Economico
Nuevo,Cripto,Tableta,Intermitente,APAC,Estandar
Nuevo,Cripto,Tableta,Intermitente,APAC,Express
Nuevo,Cripto,Tableta,Intermitente,APAC,Pickup
Nuevo,Cripto,Tableta,SinConexion,LATAM,Economico
Nuevo,Cripto,Tableta,SinConexion,LATAM,Estandar
Nuevo,Cripto,Tableta,SinConexion,LATAM,Express
Nuevo,Cripto,Tableta,SinConexion,LATAM,Pickup
Nuevo,Cripto,Tableta,SinConexion,EU,Economico
Nuevo,Cripto,Tableta,SinConexion,EU,Estandar
Nuevo,Cripto,Tableta,SinConexion,EU,Express
Nuevo,Cripto,Tableta,SinConexion,EU,Pickup
Nuevo,Cripto,Tableta,SinConexion,US,Economico
Nuevo,Cripto,Tableta,SinConexion,US,Estandar
Nuevo,Cripto,Tableta,SinConexion,US,Express
Nuevo,Cripto,Tableta,SinConexion,US,Pickup
Nuevo,Cripto,Tableta,SinConexion,APAC,Economico
Nuevo,Cripto,Tableta,SinConexion,APAC,Estandar
Nuevo,Cripto,Tableta,SinConexion,APAC,Express
Nuevo,Cripto,Tableta,SinConexion,APAC,Pickup
Nuevo,Cripto,SmartTV,Buena,LATAM,Economico
Nuevo,Cripto,SmartTV,Buena,LATAM,Estandar
Nuevo,Cripto,SmartTV,Buena,LATAM,Express
Nuevo,Cripto,SmartTV,Buena,LATAM,Pickup
Nuevo,Cripto,SmartTV,Buena,EU,Economico
Nuevo,Cripto,SmartTV,Buena,EU,Estandar
Nuevo,Cripto,SmartTV,Buena,EU,Express
Nuevo,Cripto,SmartTV,Buena,EU,Pickup
Nuevo,Cripto,SmartTV,Buena,US,Economico
Nuevo,Cripto,SmartTV,Buena,US,Estandar
Nuevo,Cripto,SmartTV,Buena,US,Express
Nuevo,Cripto,SmartTV,Buena,US,Pickup
Nuevo,Cripto,SmartTV,Buena,APAC,Economico
Nuevo,Cripto,SmartTV,Buena,APAC,Estandar
Nuevo,Cripto,SmartTV,Buena,APAC,Express
Nuevo,Cripto,SmartTV,Buena,APAC,Pickup
Nuevo,Cripto,SmartTV,Media,LATAM,Economico
Nuevo,Cripto,SmartTV,Media,LATAM,Estandar
Nuevo,Cripto,SmartTV,Media,LATAM,Express
Nuevo,Cripto,SmartTV,Media,LATAM,Pickup
Nuevo,Cripto,SmartTV,Media,EU,Economico
Nuevo,Cripto,SmartTV,Media,EU,Estandar
Nuevo,Cripto,SmartTV,Media,EU,Express
Nuevo,Cripto,SmartTV,Media,EU,Pickup
Nuevo,Cripto,SmartTV,Media,US,Economico
Nuevo,Cripto,SmartTV,Media,US,Estandar
Nuevo,Cripto,SmartTV,Media,US,Express
Nuevo,Cripto,SmartTV,Media,US,Pickup
Nuevo,Cripto,SmartTV,Media,APAC,Economico
Nuevo,Cripto,SmartTV,Media,APAC,Estandar
Nuevo,Cripto,SmartTV,Media,APAC,Express
Nuevo,Cripto,SmartTV,Media,APAC,Pickup
Nuevo,Cripto,SmartTV,Lenta,LATAM,Economico
Nuevo,Cripto,SmartTV,Lenta,LATAM,Estandar
Nuevo,Cripto,SmartTV,Lenta,LATAM,Express
Nuevo,Cripto,SmartTV,Lenta,LATAM,Pickup
Nuevo,Cripto,SmartTV,Lenta,EU,Economico
Nuevo,Cripto,SmartTV,Lenta,EU,Estandar
Nuevo,Cripto,SmartTV,Lenta,EU,Express
Nuevo,Cripto,SmartTV,Lenta,EU,Pickup
Nuevo,Cripto,SmartTV,Lenta,US,Economico
Nuevo,Cripto,SmartTV,Lenta,US,Estandar
Nuevo,Cripto,SmartTV,Lenta,US,Express
Nuevo,Cripto,SmartTV,Lenta,US,Pickup
Nuevo,Cripto,SmartTV,Lenta,APAC,Economico
Nuevo,Cripto,SmartTV,Lenta,APAC,Estandar
Nuevo,Cripto,SmartTV,Lenta,APAC,Express
Nuevo,Cripto,SmartTV,Lenta,APAC,Pickup
Nuevo,Cripto,SmartTV,Intermitente,LATAM,Economico
Nuevo,Cripto,SmartTV,Intermitente,LATAM,Estandar
Nuevo,Cripto,SmartTV,Intermitente,LATAM,Express
Nuevo,Cripto,SmartTV,Intermitente,LATAM,Pickup
Nuevo,Cripto,SmartTV,Intermitente,EU,Economico
Nuevo,Cripto,SmartTV,Intermitente,EU,Estandar
Nuevo,Cripto,SmartTV,Intermitente,EU,Express
Nuevo,Cripto,SmartTV,Intermitente,EU,Pickup
Nuevo,Cripto,SmartTV,Intermitente,US,Economico
Nuevo,Cripto,SmartTV,Intermitente,US,Estandar
Nuevo,Cripto,SmartTV,Intermitente,US,Express
Nuevo,Cripto,SmartTV,Intermitente,US,Pickup
Nuevo,Cripto,SmartTV,Intermitente,APAC,Economico
Nuevo,Cripto,SmartTV,Intermitente,APAC,Estandar
Nuevo,Cripto,SmartTV,Intermitente,APAC,Express
Nuevo,Cripto,SmartTV,Intermitente,APAC,Pickup
Nuevo,Cripto,SmartTV,SinConexion,LATAM,Economico
Nuevo,Cripto,SmartTV,SinConexion,LATAM,Estandar
Nuevo,Cripto,SmartTV,SinConexion,LATAM,Express
Nuevo,Cripto,SmartTV,SinConexion,LATAM,Pickup
Nuevo,Cripto,SmartTV,SinConexion,EU,Economico
Nuevo,Cripto,SmartTV,SinConexion,EU,Estandar
Nuevo,Cripto,SmartTV,SinConexion,EU,Express
Nuevo,Cripto,SmartTV,SinConexion,EU,Pickup
Nuevo,Cripto,SmartTV,SinConexion,US,Economico
Nuevo,Cripto,SmartTV,SinConexion,US,Estandar
Nuevo,Cripto,SmartTV,SinConexion,US,Express
Nuevo,Cripto,SmartTV,SinConexion,US,Pickup
Nuevo,Cripto,SmartTV,SinConexion,APAC,Economico
Nuevo,Cripto,SmartTV,SinConexion,APAC,Estandar
Nuevo,Cripto,SmartTV,SinConexion,APAC,Express
Nuevo,Cripto,SmartTV,SinConexion,APAC,Pickup
Nuevo,Cripto,Consola,Buena,LATAM,Economico
Nuevo,Cripto,Consola,Buena,LATAM,Estandar
Nuevo,Cripto,Consola,Buena,LATAM,Express
Nuevo,Cripto,Consola,Buena,LATAM,Pickup
Nuevo,Cripto,Consola,Buena,EU,Economico
Nuevo,Cripto,Consola,Buena,EU,Estandar
Nuevo,Cripto,Consola,Buena,EU,Express
Nuevo,Cripto,Consola,Buena,EU,Pickup
Nuevo,Cripto,Consola,Buena,US,Economico
Nuevo,Cripto,Consola,Buena,US,Estandar
Nuevo,Cripto,Consola,Buena,US,Express
Nuevo,Cripto,Consola,Buena,US,Pickup
Nuevo,Cripto,Consola,Buena,APAC,Economico
Nuevo,Cripto,Consola,Buena,APAC,Estandar
Nuevo,Cripto,Consola,Buena,APAC,Express
Nuevo,Cripto,Consola,Buena,APAC,Pickup
Nuevo,Cripto,Consola,Media,LATAM,Economico
Nuevo,Cripto,Consola,Media,LATAM,Estandar
Nuevo,Cripto,Consola,Media,LATAM,Express
Nuevo,Cripto,Consola,Media,LATAM,Pickup
Nuevo,Cripto,Consola,Media,EU,Economico
Nuevo,Cripto,Consola,Media,EU,Estandar
Nuevo,Cripto,Consola,Media,EU,Express
Nuevo,Cripto,Consola,Media,EU,Pickup
Nuevo,Cripto,Consola,Media,US,Economico
Nuevo,Cripto,Consola,Media,US,Estandar
Nuevo,Cripto,Consola,Media,US,Express
Nuevo,Cripto,Consola,Media,US,Pickup
Nuevo,Cripto,Consola,Media,APAC,Economico
Nuevo,Cripto,Consola,Media,APAC,Estandar
Nuevo,Cripto,Consola,Media,APAC,Express
Nuevo,Cripto,Consola,Media,APAC,Pickup
Nuevo,Cripto,Consola,Lenta,LATAM,Economico
Nuevo,Cripto,Consola,Lenta,LATAM,Estandar
Nuevo,Cripto,Consola,Lenta,LATAM,Express
Nuevo,Cripto,Consola,Lenta,LATAM,Pickup
Nuevo,Cripto,Consola,Lenta,EU,Economico
Nuevo,Cripto,Consola,Lenta,EU,Estandar
Nuevo,Cripto,Consola,Lenta,EU,Express
Nuevo,Cripto,Consola,Lenta,EU,Pickup
Nuevo,Cripto,Consola,Lenta,US,Economico
Nuevo,Cripto,Consola,Lenta,US,Estandar
Nuevo,Cripto,Consola,Lenta,US,Express
Nuevo,Cripto,Consola,Lenta,US,Pickup
Nuevo,Cripto,Consola,Lenta,APAC,Economico
Nuevo,Cripto,Consola,Lenta,APAC,Estandar
Nuevo,Cripto,Consola,Lenta,APAC,Express
Nuevo,Cripto,Consola,Lenta,APAC,Pickup
Nuevo,Cripto,Consola,Intermitente,LATAM,Economico
Nuevo,Cripto,Consola,Intermitente,LATAM,Estandar
Nuevo,Cripto,Consola,Intermitente,LATAM,Express
Nuevo,Cripto,Consola,Intermitente,LATAM,Pickup
Nuevo,Cripto,Consola,Intermitente,EU,Economico
Nuevo,Cripto,Consola,Intermitente,EU,Estandar
Nuevo,Cripto,Consola,Intermitente,EU,Express
Nuevo,Cripto,Consola,Intermitente,EU,Pickup
Nuevo,Cripto,Consola,Intermitente,US,Economico
Nuevo,Cripto,Consola,Intermitente,US,Estandar
Nuevo,Cripto,Consola,Intermitente,US,Express
Nuevo,Cripto,Consola,Intermitente,US,Pickup
Nuevo,Cripto,Consola,Intermitente,APAC,Economico
Nuevo,Cripto,Consola,Intermitente,APAC,Estandar
Nuevo,Cripto,Consola,Intermitente,APAC,Express
Nuevo,Cripto,Consola,Intermitente,APAC,Pickup
Nuevo,Cripto,Consola,SinConexion,LATAM,Economico
Nuevo,Cripto,Consola,SinConexion,LATAM,Estandar
Nuevo,Cripto,Consola,SinConexion,LATAM,Express
Nuevo,Cripto,Consola,SinConexion,LATAM,Pickup
Nuevo,Cripto,Consola,SinConexion,EU,Economico
Nuevo,Cripto,Consola,SinConexion,EU,Estandar
Nuevo,Cripto,Consola,SinConexion,EU,Express
Nuevo,Cripto,Consola,SinConexion,EU,Pickup
Nuevo,Cripto,Consola,SinConexion,US,Economico
Nuevo,Cripto,Consola,SinConexion,US,Estandar
Nuevo,Cripto,Consola,SinConexion,US,Express
Nuevo,Cripto,Consola,SinConexion,US,Pickup
Nuevo,Cripto,Consola,SinConexion,APAC,Economico
Nuevo,Cripto,Consola,SinConexion,APAC,Estandar
Nuevo,Cripto,Consola,SinConexion,APAC,Express
Nuevo,Cripto,Consola,SinConexion,APAC,Pickup
Recurrente,Tarjeta,Movil,Buena,LATAM,Economico
Recurrente,Tarjeta,Movil,Buena,LATAM,Estandar
Recurrente,Tarjeta,Movil,Buena,LATAM,Express
Recurrente,Tarjeta,Movil,Buena,LATAM,Pickup
Recurrente,Tarjeta,Movil,Buena,EU,Economico
Recurrente,Tarjeta,Movil,Buena,EU,Estandar
Recurrente,Tarjeta,Movil,Buena,EU,Express
Recurrente,Tarjeta,Movil,Buena,EU,Pickup
Recurrente,Tarjeta,Movil,Buena,US,Economico
Recurrente,Tarjeta,Movil,Buena,US,Estandar
Recurrente,Tarjeta,Movil,Buena,US,Express
Recurrente,Tarjeta,Movil,Buena,US,Pickup
Recurrente,Tarjeta,Movil,Buena,APAC,Economico
Recurrente,Tarjeta,Movil,Buena,APAC,Estandar
Recurrente,Tarjeta,Movil,Buena,APAC,Express
Recurrente,Tarjeta,Movil,Buena,APAC,Pickup
Recurrente,Tarjeta,Movil,Media,LATAM,Economico
Recurrente,Tarjeta,Movil,Media,LATAM,Estandar
Recurrente,Tarjeta,Movil,Media,LATAM,Express
Recurrente,Tarjeta,Movil,Media,LATAM,Pickup
Recurrente,Tarjeta,Movil,Media,EU,Economico
Recurrente,Tarjeta,Movil,Media,EU,Estandar
Recurrente,Tarjeta,Movil,Media,EU,Express
Recurrente,Tarjeta,Movil,Media,EU,Pickup
Recurrente,Tarjeta,Movil,Media,US,Economico
Recurrente,Tarjeta,Movil,Media,US,Estandar
Recurrente,Tarjeta,Movil,Media,US,Express
Recurrente,Tarjeta,Movil,Media,US,Pickup
Recurrente,Tarjeta,Movil,Media,APAC,Economico
Recurrente,Tarjeta,Movil,Media,APAC,Estandar
Recurrente,Tarjeta,Movil,Media,APAC,Express
Recurrente,Tarjeta,Movil,Media,APAC,Pickup
Recurrente,Tarjeta,Movil,Lenta,LATAM,Economico
Recurrente,Tarjeta,Movil,Lenta,LATAM,Estandar
Recurrente,Tarjeta,Movil,Lenta,LATAM,Express
Recurrente,Tarjeta,Movil,Lenta,LATAM,Pickup
Recurrente,Tarjeta,Movil,Lenta,EU,Economico
Recurrente,Tarjeta,Movil,Lenta,EU,Estandar
Recurrente,Tarjeta,Movil,Lenta,EU,Express
Recurrente,Tarjeta,Movil,Lenta,EU,Pickup
Recurrente,Tarjeta,Movil,Lenta,US,Economico
Recurrente,Tarjeta,Movil,Lenta,US,Estandar
Recurrente,Tarjeta,Movil,Lenta,US,Express
Recurrente,Tarjeta,Movil,Lenta,US,Pickup
Recurrente,Tarjeta,Movil,Lenta,APAC,Economico
Recurrente,Tarjeta,Movil,Lenta,APAC,Estandar
Recurrente,Tarjeta,Movil,Lenta,APAC,Express
Recurrente,Tarjeta,Movil,Lenta,APAC,Pickup
Recurrente,Tarjeta,Movil,Intermitente,LATAM,Economico
Recurrente,Tarjeta,Movil,Intermitente,LATAM,Estandar
Recurrente,Tarjeta,Movil,Intermitente,LATAM,Express
Recurrente,Tarjeta,Movil,Intermitente,LATAM,Pickup
Recurrente,Tarjeta,Movil,Intermitente,EU,Economico
Recurrente,Tarjeta,Movil,Intermitente,EU,Estandar
Recurrente,Tarjeta,Movil,Intermitente,EU,Express
Recurrente,Tarjeta,Movil,Intermitente,EU,Pickup
Recurrente,Tarjeta,Movil,Intermitente,US,Economico
Recurrente,Tarjeta,Movil,Intermitente,US,Estandar
Recurrente,Tarjeta,Movil,Intermitente,US,Express
Recurrente,Tarjeta,Movil,Intermitente,US,Pickup
Recurrente,Tarjeta,Movil,Intermitente,APAC,Economico
Recurrente,Tarjeta,Movil,Intermitente,APAC,Estandar
Recurrente,Tarjeta,Movil,Intermitente,APAC,Express
Recurrente,Tarjeta,Movil,Intermitente,APAC,Pickup
Recurrente,Tarjeta,Movil,SinConexion,LATAM,Economico
Recurrente,Tarjeta,Movil,SinConexion,LATAM,Estandar
Recurrente,Tarjeta,Movil,SinConexion,LATAM,Express
Recurrente,Tarjeta,Movil,SinConexion,LATAM,Pickup
Recurrente,Tarjeta,Movil,SinConexion,EU,Economico
Recurrente,Tarjeta,Movil,SinConexion,EU,Estandar
Recurrente,Tarjeta,Movil,SinConexion,EU,Express
Recurrente,Tarjeta,Movil,SinConexion,EU,Pickup
Recurrente,Tarjeta,Movil,SinConexion,US,Economico
Recurrente,Tarjeta,Movil,SinConexion,US,Estandar
Recurrente,Tarjeta,Movil,SinConexion,US,Express
Recurrente,Tarjeta,Movil,SinConexion,US,Pickup
Recurrente,Tarjeta,Movil,SinConexion,APAC,Economico
Recurrente,Tarjeta,Movil,SinConexion,APAC,Estandar
Recurrente,Tarjeta,Movil,SinConexion,APAC,Express
Recurrente,Tarjeta,Movil,SinConexion,APAC,Pickup
Recurrente,Tarjeta,Desktop,Buena,LATAM,Economico
Recurrente,Tarjeta,Desktop,Buena,LATAM,Estandar
Recurrente,Tarjeta,Desktop,Buena,LATAM,Express
Recurrente,Tarjeta,Desktop,Buena,LATAM,Pickup
Recurrente,Tarjeta,Desktop,Buena,EU,Economico
Recurrente,Tarjeta,Desktop,Buena,EU,Estandar
Recurrente,Tarjeta,Desktop,Buena,EU,Express
Recurrente,Tarjeta,Desktop,Buena,EU,Pickup
Recurrente,Tarjeta,Desktop,Buena,US,Economico
Recurrente,Tarjeta,Desktop,Buena,US,Estandar
Recurrente,Tarjeta,Desktop,Buena,US,Express
Recurrente,Tarjeta,Desktop,Buena,US,Pickup
Recurrente,Tarjeta,Desktop,Buena,APAC,Economico
Recurrente,Tarjeta,Desktop,Buena,APAC,Estandar
Recurrente,Tarjeta,Desktop,Buena,APAC,Express
Recurrente,Tarjeta,Desktop,Buena,APAC,Pickup
Recurrente,Tarjeta,Desktop,Media,LATAM,Economico
Recurrente,Tarjeta,Desktop,Media,LATAM,Estandar
Recurrente,Tarjeta,Desktop,Media,LATAM,Express
Recurrente,Tarjeta,Desktop,Media,LATAM,Pickup
Recurrente,Tarjeta,Desktop,Media,EU,Economico
Recurrente,Tarjeta,Desktop,Media,EU,Estandar
Recurrente,Tarjeta,Desktop,Media,EU,Express
Recurrente,Tarjeta,Desktop,Media,EU,Pickup
Recurrente,Tarjeta,Desktop,Media,US,Economico
Recurrente,Tarjeta,Desktop,Media,US,Estandar
Recurrente,Tarjeta,Desktop,Media,US,Express
Recurrente,Tarjeta,Desktop,Media,US,Pickup
Recurrente,Tarjeta,Desktop,Media,APAC,Economico
Recurrente,Tarjeta,Desktop,Media,APAC,Estandar
Recurrente,Tarjeta,Desktop,Media,APAC,Express
Recurrente,Tarjeta,Desktop,Media,APAC,Pickup
Recurrente,Tarjeta,Desktop,Lenta,LATAM,Economico
Recurrente,Tarjeta,Desktop,Lenta,LATAM,Estandar
Recurrente,Tarjeta,Desktop,Lenta,LATAM,Express
Recurrente,Tarjeta,Desktop,Lenta,LATAM,Pickup
Recurrente,Tarjeta,Desktop,Lenta,EU,Economico
Recurrente,Tarjeta,Desktop,Lenta,EU,Estandar
Recurrente,Tarjeta,Desktop,Lenta,EU,Express
Recurrente,Tarjeta,Desktop,Lenta,EU,Pickup
Recurrente,Tarjeta,Desktop,Lenta,US,Economico
Recurrente,Tarjeta,Desktop,Lenta,US,Estandar
Recurrente,Tarjeta,Desktop,Lenta,US,Express
Recurrente,Tarjeta,Desktop,Lenta,US,Pickup
Recurrente,Tarjeta,Desktop,Lenta,APAC,Economico
Recurrente,Tarjeta,Desktop,Lenta,APAC,Estandar
Recurrente,Tarjeta,Desktop,Lenta,APAC,Express
Recurrente,Tarjeta,Desktop,Lenta,APAC,Pickup
Recurrente,Tarjeta,Desktop,Intermitente,LATAM,Economico
Recurrente,Tarjeta,Desktop,Intermitente,LATAM,Estandar
Recurrente,Tarjeta,Desktop,Intermitente,LATAM,Express
Recurrente,Tarjeta,Desktop,Intermitente,LATAM,Pickup
Recurrente,Tarjeta,Desktop,Intermitente,EU,Economico
Recurrente,Tarjeta,Desktop,Intermitente,EU,Estandar
Recurrente,Tarjeta,Desktop,Intermitente,EU,Express
Recurrente,Tarjeta,Desktop,Intermitente,EU,Pickup
Recurrente,Tarjeta,Desktop,Intermitente,US,Economico
Recurrente,Tarjeta,Desktop,Intermitente,US,Estandar
Recurrente,Tarjeta,Desktop,Intermitente,US,Express
Recurrente,Tarjeta,Desktop,Intermitente,US,Pickup
Recurrente,Tarjeta,Desktop,Intermitente,APAC,Economico
Recurrente,Tarjeta,Desktop,Intermitente,APAC,Estandar
Recurrente,Tarjeta,Desktop,Intermitente,APAC,Express
Recurrente,Tarjeta,Desktop,Intermitente,APAC,Pickup
Recurrente,Tarjeta,Desktop,SinConexion,LATAM,Economico
Recurrente,Tarjeta,Desktop,SinConexion,LATAM,Estandar
Recurrente,Tarjeta,Desktop,SinConexion,LATAM,Express
Recurrente,Tarjeta,Desktop,SinConexion,LATAM,Pickup
Recurrente,Tarjeta,Desktop,SinConexion,EU,Economico
Recurrente,Tarjeta,Desktop,SinConexion,EU,Estandar
Recurrente,Tarjeta,Desktop,SinConexion,EU,Express
Recurrente,Tarjeta,Desktop,SinConexion,EU,Pickup
Recurrente,Tarjeta,Desktop,SinConexion,US,Economico
Recurrente,Tarjeta,Desktop,SinConexion,US,Estandar
Recurrente,Tarjeta,Desktop,SinConexion,US,Express
Recurrente,Tarjeta,Desktop,SinConexion,US,Pickup
Recurrente,Tarjeta,Desktop,SinConexion,APAC,Economico
Recurrente,Tarjeta,Desktop,SinConexion,APAC,Estandar
Recurrente,Tarjeta,Desktop,SinConexion,APAC,Express
Recurrente,Tarjeta,Desktop,SinConexion,APAC,Pickup
Recurrente,Tarjeta,Tableta,Buena,LATAM,Economico
Recurrente,Tarjeta,Tableta,Buena,LATAM,Estandar
Recurrente,Tarjeta,Tableta,Buena,LATAM,Express
Recurrente,Tarjeta,Tableta,Buena,LATAM,Pickup
Recurrente,Tarjeta,Tableta,Buena,EU,Economico
Recurrente,Tarjeta,Tableta,Buena,EU,Estandar
Recurrente,Tarjeta,Tableta,Buena,EU,Express
Recurrente,Tarjeta,Tableta,Buena,EU,Pickup
Recurrente,Tarjeta,Tableta,Buena,US,Economico
Recurrente,Tarjeta,Tableta,Buena,US,Estandar
Recurrente,Tarjeta,Tableta,Buena,US,Express
Recurrente,Tarjeta,Tableta,Buena,US,Pickup
Recurrente,Tarjeta,Tableta,Buena,APAC,Economico
Recurrente,Tarjeta,Tableta,Buena,APAC,Estandar
Recurrente,Tarjeta,Tableta,Buena,APAC,Express
Recurrente,Tarjeta,Tableta,Buena,APAC,Pickup
Recurrente,Tarjeta,Tableta,Media,LATAM,Economico
Recurrente,Tarjeta,Tableta,Media,LATAM,Estandar
Recurrente,Tarjeta,Tableta,Media,LATAM,Express
Recurrente,Tarjeta,Tableta,Media,LATAM,Pickup
Recurrente,Tarjeta,Tableta,Media,EU,Economico
Recurrente,Tarjeta,Tableta,Media,EU,Estandar
Recurrente,Tarjeta,Tableta,Media,EU,Express
Recurrente,Tarjeta,Tableta,Media,EU,Pickup
Recurrente,Tarjeta,Tableta,Media,US,Economico
Recurrente,Tarjeta,Tableta,Media,US,Estandar
Recurrente,Tarjeta,Tableta,Media,US,Express
Recurrente,Tarjeta,Tableta,Media,US,Pickup
Recurrente,Tarjeta,Tableta,Media,APAC,Economico
Recurrente,Tarjeta,Tableta,Media,APAC,Estandar
Recurrente,Tarjeta,Tableta,Media,APAC,Express
Recurrente,Tarjeta,Tableta,Media,APAC,Pickup
Recurrente,Tarjeta,Tableta,Lenta,LATAM,Economico
Recurrente,Tarjeta,Tableta,Lenta,LATAM,Estandar
Recurrente,Tarjeta,Tableta,Lenta,LATAM,Express
Recurrente,Tarjeta,Tableta,Lenta,LATAM,Pickup
Recurrente,Tarjeta,Tableta,Lenta,EU,Economico
Recurrente,Tarjeta,Tableta,Lenta,EU,Estandar
Recurrente,Tarjeta,Tableta,Lenta,EU,Express
Recurrente,Tarjeta,Tableta,Lenta,EU,Pickup
Recurrente,Tarjeta,Tableta,Lenta,US,Economico
Recurrente,Tarjeta,Tableta,Lenta,US,Estandar
Recurrente,Tarjeta,Tableta,Lenta,US,Express
Recurrente,Tarjeta,Tableta,Lenta,US,Pickup
Recurrente,Tarjeta,Tableta,Lenta,APAC,Economico
Recurrente,Tarjeta,Tableta,Lenta,APAC,Estandar
Recurrente,Tarjeta,Tableta,Lenta,APAC,Express
Recurrente,Tarjeta,Tableta,Lenta,APAC,Pickup
Recurrente,Tarjeta,Tableta,Intermitente,LATAM,Economico
Recurrente,Tarjeta,Tableta,Intermitente,LATAM,Estandar
Recurrente,Tarjeta,Tableta,Intermitente,LATAM,Express
Recurrente,Tarjeta,Tableta,Intermitente,LATAM,Pickup
Recurrente,Tarjeta,Tableta,Intermitente,EU,Economico
Recurrente,Tarjeta,Tableta,Intermitente,EU,Estandar
Recurrente,Tarjeta,Tableta,Intermitente,EU,Express
Recurrente,Tarjeta,Tableta,Intermitente,EU,Pickup
Recurrente,Tarjeta,Tableta,Intermitente,US,Economico
Recurrente,Tarjeta,Tableta,Intermitente,US,Estandar
Recurrente,Tarjeta,Tableta,Intermitente,US,Express
Recurrente,Tarjeta,Tableta,Intermitente,US,Pickup
Recurrente,Tarjeta,Tableta,Intermitente,APAC,Economico
Recurrente,Tarjeta,Tableta,Intermitente,APAC,Estandar
Recurrente,Tarjeta,Tableta,Intermitente,APAC,Express
Recurrente,Tarjeta,Tableta,Intermitente,APAC,Pickup
Recurrente,Tarjeta,Tableta,SinConexion,LATAM,Economico
Recurrente,Tarjeta,Tableta,SinConexion,LATAM,Estandar
Recurrente,Tarjeta,Tableta,SinConexion,LATAM,Express
Recurrente,Tarjeta,Tableta,SinConexion,LATAM,Pickup
Recurrente,Tarjeta,Tableta,SinConexion,EU,Economico
Recurrente,Tarjeta,Tableta,SinConexion,EU,Estandar
Recurrente,Tarjeta,Tableta,SinConexion,EU,Express
Recurrente,Tarjeta,Tableta,SinConexion,EU,Pickup
Recurrente,Tarjeta,Tableta,SinConexion,US,Economico
Recurrente,Tarjeta,Tableta,SinConexion,US,Estandar
Recurrente,Tarjeta,Tableta,SinConexion,US,Express
Recurrente,Tarjeta,Tableta,SinConexion,US,Pickup
Recurrente,Tarjeta,Tableta,SinConexion,APAC,Economico
Recurrente,Tarjeta,Tableta,SinConexion,APAC,Estandar
Recurrente,Tarjeta,Tableta,SinConexion,APAC,Express
Recurrente,Tarjeta,Tableta,SinConexion,APAC,Pickup
Recurrente,Tarjeta,SmartTV,Buena,LATAM,Economico
Recurrente,Tarjeta,SmartTV,Buena,LATAM,Estandar
Recurrente,Tarjeta,SmartTV,Buena,LATAM,Express
Recurrente,Tarjeta,SmartTV,Buena,LATAM,Pickup
Recurrente,Tarjeta,SmartTV,Buena,EU,Economico
Recurrente,Tarjeta,SmartTV,Buena,EU,Estandar
Recurrente,Tarjeta,SmartTV,Buena,EU,Express
Recurrente,Tarjeta,SmartTV,Buena,EU,Pickup
Recurrente,Tarjeta,SmartTV,Buena,US,Economico
Recurrente,Tarjeta,SmartTV,Buena,US,Estandar
Recurrente,Tarjeta,SmartTV,Buena,US,Express
Recurrente,Tarjeta,SmartTV,Buena,US,Pickup
Recurrente,Tarjeta,SmartTV,Buena,APAC,Economico
Recurrente,Tarjeta,SmartTV,Buena,APAC,Estandar
Recurrente,Tarjeta,SmartTV,Buena,APAC,Express
Recurrente,Tarjeta,SmartTV,Buena,APAC,Pickup
Recurrente,Tarjeta,SmartTV,Media,LATAM,Economico
Recurrente,Tarjeta,SmartTV,Media,LATAM,Estandar
Recurrente,Tarjeta,SmartTV,Media,LATAM,Express
Recurrente,Tarjeta,SmartTV,Media,LATAM,Pickup
Recurrente,Tarjeta,SmartTV,Media,EU,Economico
Recurrente,Tarjeta,SmartTV,Media,EU,Estandar
Recurrente,Tarjeta,SmartTV,Media,EU,Express
Recurrente,Tarjeta,SmartTV,Media,EU,Pickup
Recurrente,Tarjeta,SmartTV,Media,US,Economico
Recurrente,Tarjeta,SmartTV,Media,US,Estandar
Recurrente,Tarjeta,SmartTV,Media,US,Express
Recurrente,Tarjeta,SmartTV,Media,US,Pickup
Recurrente,Tarjeta,SmartTV,Media,APAC,Economico
Recurrente,Tarjeta,SmartTV,Media,APAC,Estandar
Recurrente,Tarjeta,SmartTV,Media,APAC,Express
Recurrente,Tarjeta,SmartTV,Media,APAC,Pickup
Recurrente,Tarjeta,SmartTV,Lenta,LATAM,Economico
Recurrente,Tarjeta,SmartTV,Lenta,LATAM,Estandar
Recurrente,Tarjeta,SmartTV,Lenta,LATAM,Express
Recurrente,Tarjeta,SmartTV,Lenta,LATAM,Pickup
Recurrente,Tarjeta,SmartTV,Lenta,EU,Economico
Recurrente,Tarjeta,SmartTV,Lenta,EU,Estandar
Recurrente,Tarjeta,SmartTV,Lenta,EU,Express
Recurrente,Tarjeta,SmartTV,Lenta,EU,Pickup
Recurrente,Tarjeta,SmartTV,Lenta,US,Economico
Recurrente,Tarjeta,SmartTV,Lenta,US,Estandar
Recurrente,Tarjeta,SmartTV,Lenta,US,Express
Recurrente,Tarjeta,SmartTV,Lenta,US,Pickup
Recurrente,Tarjeta,SmartTV,Lenta,APAC,Economico
Recurrente,Tarjeta,SmartTV,Lenta,APAC,Estandar
Recurrente,Tarjeta,SmartTV,Lenta,APAC,Express
Recurrente,Tarjeta,SmartTV,Lenta,APAC,Pickup
Recurrente,Tarjeta,SmartTV,Intermitente,LATAM,Economico
Recurrente,Tarjeta,SmartTV,Intermitente,LATAM,Estandar
Recurrente,Tarjeta,SmartTV,Intermitente,LATAM,Express
Recurrente,Tarjeta,SmartTV,Intermitente,LATAM,Pickup
Recurrente,Tarjeta,SmartTV,Intermitente,EU,Economico
Recurrente,Tarjeta,SmartTV,Intermitente,EU,Estandar
Recurrente,Tarjeta,SmartTV,Intermitente,EU,Express
Recurrente,Tarjeta,SmartTV,Intermitente,EU,Pickup
Recurrente,Tarjeta,SmartTV,Intermitente,US,Economico
Recurrente,Tarjeta,SmartTV,Intermitente,US,Estandar
Recurrente,Tarjeta,SmartTV,Intermitente,US,Express
Recurrente,Tarjeta,SmartTV,Intermitente,US,Pickup
Recurrente,Tarjeta,SmartTV,Intermitente,APAC,Economico
Recurrente,Tarjeta,SmartTV,Intermitente,APAC,Estandar
Recurrente,Tarjeta,SmartTV,Intermitente,APAC,Express
Recurrente,Tarjeta,SmartTV,Intermitente,APAC,Pickup
Recurrente,Tarjeta,SmartTV,SinConexion,LATAM,Economico
Recurrente,Tarjeta,SmartTV,SinConexion,LATAM,Estandar
Recurrente,Tarjeta,SmartTV,SinConexion,LATAM,Express
Recurrente,Tarjeta,SmartTV,SinConexion,LATAM,Pickup
Recurrente,Tarjeta,SmartTV,SinConexion,EU,Economico
Recurrente,Tarjeta,SmartTV,SinConexion,EU,Estandar
Recurrente,Tarjeta,SmartTV,SinConexion,EU,Express
Recurrente,Tarjeta,SmartTV,SinConexion,EU,Pickup
Recurrente,Tarjeta,SmartTV,SinConexion,US,Economico
Recurrente,Tarjeta,SmartTV,SinConexion,US,Estandar
Recurrente,Tarjeta,SmartTV,SinConexion,US,Express
Recurrente,Tarjeta,SmartTV,SinConexion,US,Pickup
Recurrente,Tarjeta,SmartTV,SinConexion,APAC,Economico
Recurrente,Tarjeta,SmartTV,SinConexion,APAC,Estandar
Recurrente,Tarjeta,SmartTV,SinConexion,APAC,Express
Recurrente,Tarjeta,SmartTV,SinConexion,APAC,Pickup
Recurrente,Tarjeta,Consola,Buena,LATAM,Economico
Recurrente,Tarjeta,Consola,Buena,LATAM,Estandar
Recurrente,Tarjeta,Consola,Buena,LATAM,Express
Recurrente,Tarjeta,Consola,Buena,LATAM,Pickup
Recurrente,Tarjeta,Consola,Buena,EU,Economico
Recurrente,Tarjeta,Consola,Buena,EU,Estandar
Recurrente,Tarjeta,Consola,Buena,EU,Express
Recurrente,Tarjeta,Consola,Buena,EU,Pickup
Recurrente,Tarjeta,Consola,Buena,US,Economico
Recurrente,Tarjeta,Consola,Buena,US,Estandar
Recurrente,Tarjeta,Consola,Buena,US,Express
Recurrente,Tarjeta,Consola,Buena,US,Pickup
Recurrente,Tarjeta,Consola,Buena,APAC,Economico
Recurrente,Tarjeta,Consola,Buena,APAC,Estandar
Recurrente,Tarjeta,Consola,Buena,APAC,Express
Recurrente,Tarjeta,Consola,Buena,APAC,Pickup
Recurrente,Tarjeta,Consola,Media,LATAM,Economico
Recurrente,Tarjeta,Consola,Media,LATAM,Estandar
Recurrente,Tarjeta,Consola,Media,LATAM,Express
Recurrente,Tarjeta,Consola,Media,LATAM,Pickup
Recurrente,Tarjeta,Consola,Media,EU,Economico
Recurrente,Tarjeta,Consola,Media,EU,Estandar
Recurrente,Tarjeta,Consola,Media,EU,Express
Recurrente,Tarjeta,Consola,Media,EU,Pickup
Recurrente,Tarjeta,Consola,Media,US,Economico
Recurrente,Tarjeta,Consola,Media,US,Estandar
Recurrente,Tarjeta,Consola,Media,US,Express
Recurrente,Tarjeta,Consola,Media,US,Pickup
Recurrente,Tarjeta,Consola,Media,APAC,Economico
Recurrente,Tarjeta,Consola,Media,APAC,Estandar
Recurrente,Tarjeta,Consola,Media,APAC,Express
Recurrente,Tarjeta,Consola,Media,APAC,Pickup
Recurrente,Tarjeta,Consola,Lenta,LATAM,Economico
Recurrente,Tarjeta,Consola,Lenta,LATAM,Estandar
Recurrente,Tarjeta,Consola,Lenta,LATAM,Express
Recurrente,Tarjeta,Consola,Lenta,LATAM,Pickup
Recurrente,Tarjeta,Consola,Lenta,EU,Economico
Recurrente,Tarjeta,Consola,Lenta,EU,Estandar
Recurrente,Tarjeta,Consola,Lenta,EU,Express
Recurrente,Tarjeta,Consola,Lenta,EU,Pickup
Recurrente,Tarjeta,Consola,Lenta,US,Economico
Recurrente,Tarjeta,Consola,Lenta,US,Estandar
Recurrente,Tarjeta,Consola,Lenta,US,Express
Recurrente,Tarjeta,Consola,Lenta,US,Pickup
Recurrente,Tarjeta,Consola,Lenta,APAC,Economico
Recurrente,Tarjeta,Consola,Lenta,APAC,Estandar
Recurrente,Tarjeta,Consola,Lenta,APAC,Express
Recurrente,Tarjeta,Consola,Lenta,APAC,Pickup
Recurrente,Tarjeta,Consola,Intermitente,LATAM,Economico
Recurrente,Tarjeta,Consola,Intermitente,LATAM,Estandar
Recurrente,Tarjeta,Consola,Intermitente,LATAM,Express
Recurrente,Tarjeta,Consola,Intermitente,LATAM,Pickup
Recurrente,Tarjeta,Consola,Intermitente,EU,Economico
Recurrente,Tarjeta,Consola,Intermitente,EU,Estandar
Recurrente,Tarjeta,Consola,Intermitente,EU,Express
Recurrente,Tarjeta,Consola,Intermitente,EU,Pickup
Recurrente,Tarjeta,Consola,Intermitente,US,Economico
Recurrente,Tarjeta,Consola,Intermitente,US,Estandar
Recurrente,Tarjeta,Consola,Intermitente,US,Express
Recurrente,Tarjeta,Consola,Intermitente,US,Pickup
Recurrente,Tarjeta,Consola,Intermitente,APAC,Economico
Recurrente,Tarjeta,Consola,Intermitente,APAC,Estandar
Recurrente,Tarjeta,Consola,Intermitente,APAC,Express
Recurrente,Tarjeta,Consola,Intermitente,APAC,Pickup
Recurrente,Tarjeta,Consola,SinConexion,LATAM,Economico
Recurrente,Tarjeta,Consola,SinConexion,LATAM,Estandar
Recurrente,Tarjeta,Consola,SinConexion,LATAM,Express
Recurrente,Tarjeta,Consola,SinConexion,LATAM,Pickup
Recurrente,Tarjeta,Consola,SinConexion,EU,Economico
Recurrente,Tarjeta,Consola,SinConexion,EU,Estandar
Recurrente,Tarjeta,Consola,SinConexion,EU,Express
Recurrente,Tarjeta,Consola,SinConexion,EU,Pickup
Recurrente,Tarjeta,Consola,SinConexion,US,Economico
Recurrente,Tarjeta,Consola,SinConexion,US,Estandar
Recurrente,Tarjeta,Consola,SinConexion,US,Express
Recurrente,Tarjeta,Consola,SinConexion,US,Pickup
Recurrente,Tarjeta,Consola,SinConexion,APAC,Economico
Recurrente,Tarjeta,Consola,SinConexion,APAC,Estandar
Recurrente,Tarjeta,Consola,SinConexion,APAC,Express
Recurrente,Tarjeta,Consola,SinConexion,APAC,Pickup
Recurrente,PayPal,Movil,Buena,LATAM,Economico
Recurrente,PayPal,Movil,Buena,LATAM,Estandar
Recurrente,PayPal,Movil,Buena,LATAM,Express
Recurrente,PayPal,Movil,Buena,LATAM,Pickup
Recurrente,PayPal,Movil,Buena,EU,Economico
Recurrente,PayPal,Movil,Buena,EU,Estandar
Recurrente,PayPal,Movil,Buena,EU,Express
Recurrente,PayPal,Movil,Buena,EU,Pickup
Recurrente,PayPal,Movil,Buena,US,Economico
Recurrente,PayPal,Movil,Buena,US,Estandar
Recurrente,PayPal,Movil,Buena,US,Express
Recurrente,PayPal,Movil,Buena,US,Pickup
Recurrente,PayPal,Movil,Buena,APAC,Economico
Recurrente,PayPal,Movil,Buena,APAC,Estandar
Recurrente,PayPal,Movil,Buena,APAC,Express
Recurrente,PayPal,Movil,Buena,APAC,Pickup
Recurrente,PayPal,Movil,Media,LATAM,Economico
Recurrente,PayPal,Movil,Media,LATAM,Estandar
Recurrente,PayPal,Movil,Media,LATAM,Express
Recurrente,PayPal,Movil,Media,LATAM,Pickup
Recurrente,PayPal,Movil,Media,EU,Economico
Recurrente,PayPal,Movil,Media,EU,Estandar
Recurrente,PayPal,Movil,Media,EU,Express
Recurrente,PayPal,Movil,Media,EU,Pickup
Recurrente,PayPal,Movil,Media,US,Economico
Recurrente,PayPal,Movil,Media,US,Estandar
Recurrente,PayPal,Movil,Media,US,Express
Recurrente,PayPal,Movil,Media,US,Pickup
Recurrente,PayPal,Movil,Media,APAC,Economico
Recurrente,PayPal,Movil,Media,APAC,Estandar
Recurrente,PayPal,Movil,Media,APAC,Express
Recurrente,PayPal,Movil,Media,APAC,Pickup
Recurrente,PayPal,Movil,Lenta,LATAM,Economico
Recurrente,PayPal,Movil,Lenta,LATAM,Estandar
Recurrente,PayPal,Movil,Lenta,LATAM,Express
Recurrente,PayPal,Movil,Lenta,LATAM,Pickup
Recurrente,PayPal,Movil,Lenta,EU,Economico
Recurrente,PayPal,Movil,Lenta,EU,Estandar
Recurrente,PayPal,Movil,Lenta,EU,Express
Recurrente,PayPal,Movil,Lenta,EU,Pickup
Recurrente,PayPal,Movil,Lenta,US,Economico
Recurrente,PayPal,Movil,Lenta,US,Estandar
Recurrente,PayPal,Movil,Lenta,US,Express
Recurrente,PayPal,Movil,Lenta,US,Pickup
Recurrente,PayPal,Movil,Lenta,APAC,Economico
Recurrente,PayPal,Movil,Lenta,APAC,Estandar
Recurrente,PayPal,Movil,Lenta,APAC,Express
Recurrente,PayPal,Movil,Lenta,APAC,Pickup
Recurrente,PayPal,Movil,Intermitente,LATAM,Economico
Recurrente,PayPal,Movil,Intermitente,LATAM,Estandar
Recurrente,PayPal,Movil,Intermitente,LATAM,Express
Recurrente,PayPal,Movil,Intermitente,LATAM,Pickup
Recurrente,PayPal,Movil,Intermitente,EU,Economico
Recurrente,PayPal,Movil,Intermitente,EU,Estandar
Recurrente,PayPal,Movil,Intermitente,EU,Express
Recurrente,PayPal,Movil,Intermitente,EU,Pickup
Recurrente,PayPal,Movil,Intermitente,US,Economico
Recurrente,PayPal,Movil,Intermitente,US,Estandar
Recurrente,PayPal,Movil,Intermitente,US,Express
Recurrente,PayPal,Movil,Intermitente,US,Pickup
Recurrente,PayPal,Movil,Intermitente,APAC,Economico
Recurrente,PayPal,Movil,Intermitente,APAC,Estandar
Recurrente,PayPal,Movil,Intermitente,APAC,Express
Recurrente,PayPal,Movil,Intermitente,APAC,Pickup
Recurrente,PayPal,Movil,SinConexion,LATAM,Economico
Recurrente,PayPal,Movil,SinConexion,LATAM,Estandar
Recurrente,PayPal,Movil,SinConexion,LATAM,Express
Recurrente,PayPal,Movil,SinConexion,LATAM,Pickup
Recurrente,PayPal,Movil,SinConexion,EU,Economico
Recurrente,PayPal,Movil,SinConexion,EU,Estandar
Recurrente,PayPal,Movil,SinConexion,EU,Express
Recurrente,PayPal,Movil,SinConexion,EU,Pickup
Recurrente,PayPal,Movil,SinConexion,US,Economico
Recurrente,PayPal,Movil,SinConexion,US,Estandar
Recurrente,PayPal,Movil,SinConexion,US,Express
Recurrente,PayPal,Movil,SinConexion,US,Pickup
Recurrente,PayPal,Movil,SinConexion,APAC,Economico
Recurrente,PayPal,Movil,SinConexion,APAC,Estandar
Recurrente,PayPal,Movil,SinConexion,APAC,Express
Recurrente,PayPal,Movil,SinConexion,APAC,Pickup
Recurrente,PayPal,Desktop,Buena,LATAM,Economico
Recurrente,PayPal,Desktop,Buena,LATAM,Estandar
Recurrente,PayPal,Desktop,Buena,LATAM,Express
Recurrente,PayPal,Desktop,Buena,LATAM,Pickup
Recurrente,PayPal,Desktop,Buena,EU,Economico
Recurrente,PayPal,Desktop,Buena,EU,Estandar
Recurrente,PayPal,Desktop,Buena,EU,Express
Recurrente,PayPal,Desktop,Buena,EU,Pickup
Recurrente,PayPal,Desktop,Buena,US,Economico
Recurrente,PayPal,Desktop,Buena,US,Estandar
Recurrente,PayPal,Desktop,Buena,US,Express
Recurrente,PayPal,Desktop,Buena,US,Pickup
Recurrente,PayPal,Desktop,Buena,APAC,Economico
Recurrente,PayPal,Desktop,Buena,APAC,Estandar
Recurrente,PayPal,Desktop,Buena,APAC,Express
Recurrente,PayPal,Desktop,Buena,APAC,Pickup
Recurrente,PayPal,Desktop,Media,LATAM,Economico
Recurrente,PayPal,Desktop,Media,LATAM,Estandar
Recurrente,PayPal,Desktop,Media,LATAM,Express
Recurrente,PayPal,Desktop,Media,LATAM,Pickup
Recurrente,PayPal,Desktop,Media,EU,Economico
Recurrente,PayPal,Desktop,Media,EU,Estandar
Recurrente,PayPal,Desktop,Media,EU,Express
Recurrente,PayPal,Desktop,Media,EU,Pickup
Recurrente,PayPal,Desktop,Media,US,Economico
Recurrente,PayPal,Desktop,Media,US,Estandar
Recurrente,PayPal,Desktop,Media,US,Express
Recurrente,PayPal,Desktop,Media,US,Pickup
Recurrente,PayPal,Desktop,Media,APAC,Economico
Recurrente,PayPal,Desktop,Media,APAC,Estandar
Recurrente,PayPal,Desktop,Media,APAC,Express
Recurrente,PayPal,Desktop,Media,APAC,Pickup
Recurrente,PayPal,Desktop,Lenta,LATAM,Economico
Recurrente,PayPal,Desktop,Lenta,LATAM,Estandar
Recurrente,PayPal,Desktop,Lenta,LATAM,Express
Recurrente,PayPal,Desktop,Lenta,LATAM,Pickup
Recurrente,PayPal,Desktop,Lenta,EU,Economico
Recurrente,PayPal,Desktop,Lenta,EU,Estandar
Recurrente,PayPal,Desktop,Lenta,EU,Express
Recurrente,PayPal,Desktop,Lenta,EU,Pickup
Recurrente,PayPal,Desktop,Lenta,US,Economico
Recurrente,PayPal,Desktop,Lenta,US,Estandar
Recurrente,PayPal,Desktop,Lenta,US,Express
Recurrente,PayPal,Desktop,Lenta,US,Pickup
Recurrente,PayPal,Desktop,Lenta,APAC,Economico
Recurrente,PayPal,Desktop,Lenta,APAC,Estandar
Recurrente,PayPal,Desktop,Lenta,APAC,Express
Recurrente,PayPal,Desktop,Lenta,APAC,Pickup
Recurrente,PayPal,Desktop,Intermitente,LATAM,Economico
Recurrente,PayPal,Desktop,Intermitente,LATAM,Estandar
Recurrente,PayPal,Desktop,Intermitente,LATAM,Express
Recurrente,PayPal,Desktop,Intermitente,LATAM,Pickup
Recurrente,PayPal,Desktop,Intermitente,EU,Economico
Recurrente,PayPal,Desktop,Intermitente,EU,Estandar
Recurrente,PayPal,Desktop,Intermitente,EU,Express
Recurrente,PayPal,Desktop,Intermitente,EU,Pickup
Recurrente,PayPal,Desktop,Intermitente,US,Economico
Recurrente,PayPal,Desktop,Intermitente,US,Estandar
Recurrente,PayPal,Desktop,Intermitente,US,Express
Recurrente,PayPal,Desktop,Intermitente,US,Pickup
Recurrente,PayPal,Desktop,Intermitente,APAC,Economico
Recurrente,PayPal,Desktop,Intermitente,APAC,Estandar
Recurrente,PayPal,Desktop,Intermitente,APAC,Express
Recurrente,PayPal,Desktop,Intermitente,APAC,Pickup
Recurrente,PayPal,Desktop,SinConexion,LATAM,Economico
Recurrente,PayPal,Desktop,SinConexion,LATAM,Estandar
Recurrente,PayPal,Desktop,SinConexion,LATAM,Express
Recurrente,PayPal,Desktop,SinConexion,LATAM,Pickup
Recurrente,PayPal,Desktop,SinConexion,EU,Economico
Recurrente,PayPal,Desktop,SinConexion,EU,Estandar
Recurrente,PayPal,Desktop,SinConexion,EU,Express
Recurrente,PayPal,Desktop,SinConexion,EU,Pickup
Recurrente,PayPal,Desktop,SinConexion,US,Economico
Recurrente,PayPal,Desktop,SinConexion,US,Estandar
Recurrente,PayPal,Desktop,SinConexion,US,Express
Recurrente,PayPal,Desktop,SinConexion,US,Pickup
Recurrente,PayPal,Desktop,SinConexion,APAC,Economico
Recurrente,PayPal,Desktop,SinConexion,APAC,Estandar
Recurrente,PayPal,Desktop,SinConexion,APAC,Express
Recurrente,PayPal,Desktop,SinConexion,APAC,Pickup
Recurrente,PayPal,Tableta,Buena,LATAM,Economico
Recurrente,PayPal,Tableta,Buena,LATAM,Estandar
Recurrente,PayPal,Tableta,Buena,LATAM,Express
Recurrente,PayPal,Tableta,Buena,LATAM,Pickup
Recurrente,PayPal,Tableta,Buena,EU,Economico
Recurrente,PayPal,Tableta,Buena,EU,Estandar
Recurrente,PayPal,Tableta,Buena,EU,Express
Recurrente,PayPal,Tableta,Buena,EU,Pickup
Recurrente,PayPal,Tableta,Buena,US,Economico
Recurrente,PayPal,Tableta,Buena,US,Estandar
Recurrente,PayPal,Tableta,Buena,US,Express
Recurrente,PayPal,Tableta,Buena,US,Pickup
Recurrente,PayPal,Tableta,Buena,APAC,Economico
Recurrente,PayPal,Tableta,Buena,APAC,Estandar
Recurrente,PayPal,Tableta,Buena,APAC,Express
Recurrente,PayPal,Tableta,Buena,APAC,Pickup
Recurrente,PayPal,Tableta,Media,LATAM,Economico
Recurrente,PayPal,Tableta,Media,LATAM,Estandar
Recurrente,PayPal,Tableta,Media,LATAM,Express
Recurrente,PayPal,Tableta,Media,LATAM,Pickup
Recurrente,PayPal,Tableta,Media,EU,Economico
Recurrente,PayPal,Tableta,Media,EU,Estandar
Recurrente,PayPal,Tableta,Media,EU,Express
Recurrente,PayPal,Tableta,Media,EU,Pickup
Recurrente,PayPal,Tableta,Media,US,Economico
Recurrente,PayPal,Tableta,Media,US,Estandar
Recurrente,PayPal,Tableta,Media,US,Express
Recurrente,PayPal,Tableta,Media,US,Pickup
Recurrente,PayPal,Tableta,Media,APAC,Economico
Recurrente,PayPal,Tableta,Media,APAC,Estandar
Recurrente,PayPal,Tableta,Media,APAC,Express
Recurrente,PayPal,Tableta,Media,APAC,Pickup
Recurrente,PayPal,Tableta,Lenta,LATAM,Economico
Recurrente,PayPal,Tableta,Lenta,LATAM,Estandar
Recurrente,PayPal,Tableta,Lenta,LATAM,Express
Recurrente,PayPal,Tableta,Lenta,LATAM,Pickup
Recurrente,PayPal,Tableta,Lenta,EU,Economico
Recurrente,PayPal,Tableta,Lenta,EU,Estandar
Recurrente,PayPal,Tableta,Lenta,EU,Express
Recurrente,PayPal,Tableta,Lenta,EU,Pickup
Recurrente,PayPal,Tableta,Lenta,US,Economico
Recurrente,PayPal,Tableta,Lenta,US,Estandar
Recurrente,PayPal,Tableta,Lenta,US,Express
Recurrente,PayPal,Tableta,Lenta,US,Pickup
Recurrente,PayPal,Tableta,Lenta,APAC,Economico
Recurrente,PayPal,Tableta,Lenta,APAC,Estandar
Recurrente,PayPal,Tableta,Lenta,APAC,Express
Recurrente,PayPal,Tableta,Lenta,APAC,Pickup
Recurrente,PayPal,Tableta,Intermitente,LATAM,Economico
Recurrente,PayPal,Tableta,Intermitente,LATAM,Estandar
Recurrente,PayPal,Tableta,Intermitente,LATAM,Express
Recurrente,PayPal,Tableta,Intermitente,LATAM,Pickup
Recurrente,PayPal,Tableta,Intermitente,EU,Economico
Recurrente,PayPal,Tableta,Intermitente,EU,Estandar
Recurrente,PayPal,Tableta,Intermitente,EU,Express
Recurrente,PayPal,Tableta,Intermitente,EU,Pickup
Recurrente,PayPal,Tableta,Intermitente,US,Economico
Recurrente,PayPal,Tableta,Intermitente,US,Estandar
Recurrente,PayPal,Tableta,Intermitente,US,Express
Recurrente,PayPal,Tableta,Intermitente,US,Pickup
Recurrente,PayPal,Tableta,Intermitente,APAC,Economico
Recurrente,PayPal,Tableta,Intermitente,APAC,Estandar
Recurrente,PayPal,Tableta,Intermitente,APAC,Express
Recurrente,PayPal,Tableta,Intermitente,APAC,Pickup
Recurrente,PayPal,Tableta,SinConexion,LATAM,Economico
Recurrente,PayPal,Tableta,SinConexion,LATAM,Estandar
Recurrente,PayPal,Tableta,SinConexion,LATAM,Express
Recurrente,PayPal,Tableta,SinConexion,LATAM,Pickup
Recurrente,PayPal,Tableta,SinConexion,EU,Economico
Recurrente,PayPal,Tableta,SinConexion,EU,Estandar
Recurrente,PayPal,Tableta,SinConexion,EU,Express
Recurrente,PayPal,Tableta,SinConexion,EU,Pickup
Recurrente,PayPal,Tableta,SinConexion,US,Economico
Recurrente,PayPal,Tableta,SinConexion,US,Estandar
Recurrente,PayPal,Tableta,SinConexion,US,Express
Recurrente,PayPal,Tableta,SinConexion,US,Pickup
Recurrente,PayPal,Tableta,SinConexion,APAC,Economico
Recurrente,PayPal,Tableta,SinConexion,APAC,Estandar
Recurrente,PayPal,Tableta,SinConexion,APAC,Express
Recurrente,PayPal,Tableta,SinConexion,APAC,Pickup
Recurrente,PayPal,SmartTV,Buena,LATAM,Economico
Recurrente,PayPal,SmartTV,Buena,LATAM,Estandar
Recurrente,PayPal,SmartTV,Buena,LATAM,Express
Recurrente,PayPal,SmartTV,Buena,LATAM,Pickup
Recurrente,PayPal,SmartTV,Buena,EU,Economico
Recurrente,PayPal,SmartTV,Buena,EU,Estandar
Recurrente,PayPal,SmartTV,Buena,EU,Express
Recurrente,PayPal,SmartTV,Buena,EU,Pickup
Recurrente,PayPal,SmartTV,Buena,US,Economico
Recurrente,PayPal,SmartTV,Buena,US,Estandar
Recurrente,PayPal,SmartTV,Buena,US,Express
Recurrente,PayPal,SmartTV,Buena,US,Pickup
Recurrente,PayPal,SmartTV,Buena,APAC,Economico
Recurrente,PayPal,SmartTV,Buena,APAC,Estandar
Recurrente,PayPal,SmartTV,Buena,APAC,Express
Recurrente,PayPal,SmartTV,Buena,APAC,Pickup
Recurrente,PayPal,SmartTV,Media,LATAM,Economico
Recurrente,PayPal,SmartTV,Media,LATAM,Estandar
Recurrente,PayPal,SmartTV,Media,LATAM,Express
Recurrente,PayPal,SmartTV,Media,LATAM,Pickup
Recurrente,PayPal,SmartTV,Media,EU,Economico
Recurrente,PayPal,SmartTV,Media,EU,Estandar
Recurrente,PayPal,SmartTV,Media,EU,Express
Recurrente,PayPal,SmartTV,Media,EU,Pickup
Recurrente,PayPal,SmartTV,Media,US,Economico
Recurrente,PayPal,SmartTV,Media,US,Estandar
Recurrente,PayPal,SmartTV,Media,US,Express
Recurrente,PayPal,SmartTV,Media,US,Pickup
Recurrente,PayPal,SmartTV,Media,APAC,Economico
Recurrente,PayPal,SmartTV,Media,APAC,Estandar
Recurrente,PayPal,SmartTV,Media,APAC,Express
Recurrente,PayPal,SmartTV,Media,APAC,Pickup
Recurrente,PayPal,SmartTV,Lenta,LATAM,Economico
Recurrente,PayPal,SmartTV,Lenta,LATAM,Estandar
Recurrente,PayPal,SmartTV,Lenta,LATAM,Express
Recurrente,PayPal,SmartTV,Lenta,LATAM,Pickup
Recurrente,PayPal,SmartTV,Lenta,EU,Economico
Recurrente,PayPal,SmartTV,Lenta,EU,Estandar
Recurrente,PayPal,SmartTV,Lenta,EU,Express
Recurrente,PayPal,SmartTV,Lenta,EU,Pickup
Recurrente,PayPal,SmartTV,Lenta,US,Economico
Recurrente,PayPal,SmartTV,Lenta,US,Estandar
Recurrente,PayPal,SmartTV,Lenta,US,Express
Recurrente,PayPal,SmartTV,Lenta,US,Pickup
Recurrente,PayPal,SmartTV,Lenta,APAC,Economico
Recurrente,PayPal,SmartTV,Lenta,APAC,Estandar
Recurrente,PayPal,SmartTV,Lenta,APAC,Express
Recurrente,PayPal,SmartTV,Lenta,APAC,Pickup
Recurrente,PayPal,SmartTV,Intermitente,LATAM,Economico
Recurrente,PayPal,SmartTV,Intermitente,LATAM,Estandar
Recurrente,PayPal,SmartTV,Intermitente,LATAM,Express
Recurrente,PayPal,SmartTV,Intermitente,LATAM,Pickup
Recurrente,PayPal,SmartTV,Intermitente,EU,Economico
Recurrente,PayPal,SmartTV,Intermitente,EU,Estandar
Recurrente,PayPal,SmartTV,Intermitente,EU,Express
Recurrente,PayPal,SmartTV,Intermitente,EU,Pickup
Recurrente,PayPal,SmartTV,Intermitente,US,Economico
Recurrente,PayPal,SmartTV,Intermitente,US,Estandar
Recurrente,PayPal,SmartTV,Intermitente,US,Express
Recurrente,PayPal,SmartTV,Intermitente,US,Pickup
Recurrente,PayPal,SmartTV,Intermitente,APAC,Economico
Recurrente,PayPal,SmartTV,Intermitente,APAC,Estandar
Recurrente,PayPal,SmartTV,Intermitente,APAC,Express
Recurrente,PayPal,SmartTV,Intermitente,APAC,Pickup
Recurrente,PayPal,SmartTV,SinConexion,LATAM,Economico
Recurrente,PayPal,SmartTV,SinConexion,LATAM,Estandar
Recurrente,PayPal,SmartTV,SinConexion,LATAM,Express
Recurrente,PayPal,SmartTV,SinConexion,LATAM,Pickup
Recurrente,PayPal,SmartTV,SinConexion,EU,Economico
Recurrente,PayPal,SmartTV,SinConexion,EU,Estandar
Recurrente,PayPal,SmartTV,SinConexion,EU,Express
Recurrente,PayPal,SmartTV,SinConexion,EU,Pickup
Recurrente,PayPal,SmartTV,SinConexion,US,Economico
Recurrente,PayPal,SmartTV,SinConexion,US,Estandar
Recurrente,PayPal,SmartTV,SinConexion,US,Express
Recurrente,PayPal,SmartTV,SinConexion,US,Pickup
Recurrente,PayPal,SmartTV,SinConexion,APAC,Economico
Recurrente,PayPal,SmartTV,SinConexion,APAC,Estandar
Recurrente,PayPal,SmartTV,SinConexion,APAC,Express
Recurrente,PayPal,SmartTV,SinConexion,APAC,Pickup
Recurrente,PayPal,Consola,Buena,LATAM,Economico
Recurrente,PayPal,Consola,Buena,LATAM,Estandar
Recurrente,PayPal,Consola,Buena,LATAM,Express
Recurrente,PayPal,Consola,Buena,LATAM,Pickup
Recurrente,PayPal,Consola,Buena,EU,Economico
Recurrente,PayPal,Consola,Buena,EU,Estandar
Recurrente,PayPal,Consola,Buena,EU,Express
Recurrente,PayPal,Consola,Buena,EU,Pickup
Recurrente,PayPal,Consola,Buena,US,Economico
Recurrente,PayPal,Consola,Buena,US,Estandar
Recurrente,PayPal,Consola,Buena,US,Express
Recurrente,PayPal,Consola,Buena,US,Pickup
Recurrente,PayPal,Consola,Buena,APAC,Economico
Recurrente,PayPal,Consola,Buena,APAC,Estandar
Recurrente,PayPal,Consola,Buena,APAC,Express
Recurrente,PayPal,Consola,Buena,APAC,Pickup
Recurrente,PayPal,Consola,Media,LATAM,Economico
Recurrente,PayPal,Consola,Media,LATAM,Estandar
Recurrente,PayPal,Consola,Media,LATAM,Express
Recurrente,PayPal,Consola,Media,LATAM,Pickup
Recurrente,PayPal,Consola,Media,EU,Economico
Recurrente,PayPal,Consola,Media,EU,Estandar
Recurrente,PayPal,Consola,Media,EU,Express
Recurrente,PayPal,Consola,Media,EU,Pickup
Recurrente,PayPal,Consola,Media,US,Economico
Recurrente,PayPal,Consola,Media,US,Estandar
Recurrente,PayPal,Consola,Media,US,Express
Recurrente,PayPal,Consola,Media,US,Pickup
Recurrente,PayPal,Consola,Media,APAC,Economico
Recurrente,PayPal,Consola,Media,APAC,Estandar
Recurrente,PayPal,Consola,Media,APAC,Express
Recurrente,PayPal,Consola,Media,APAC,Pickup
Recurrente,PayPal,Consola,Lenta,LATAM,Economico
Recurrente,PayPal,Consola,Lenta,LATAM,Estandar
Recurrente,PayPal,Consola,Lenta,LATAM,Express
Recurrente,PayPal,Consola,Lenta,LATAM,Pickup
Recurrente,PayPal,Consola,Lenta,EU,Economico
Recurrente,PayPal,Consola,Lenta,EU,Estandar
Recurrente,PayPal,Consola,Lenta,EU,Express
Recurrente,PayPal,Consola,Lenta,EU,Pickup
Recurrente,PayPal,Consola,Lenta,US,Economico
Recurrente,PayPal,Consola,Lenta,US,Estandar
Recurrente,PayPal,Consola,Lenta,US,Express
Recurrente,PayPal,Consola,Lenta,US,Pickup
Recurrente,PayPal,Consola,Lenta,APAC,Economico
Recurrente,PayPal,Consola,Lenta,APAC,Estandar
Recurrente,PayPal,Consola,Lenta,APAC,Express
Recurrente,PayPal,Consola,Lenta,APAC,Pickup
Recurrente,PayPal,Consola,Intermitente,LATAM,Economico
Recurrente,PayPal,Consola,Intermitente,LATAM,Estandar
Recurrente,PayPal,Consola,Intermitente,LATAM,Express
Recurrente,PayPal,Consola,Intermitente,LATAM,Pickup
Recurrente,PayPal,Consola,Intermitente,EU,Economico
Recurrente,PayPal,Consola,Intermitente,EU,Estandar
Recurrente,PayPal,Consola,Intermitente,EU,Express
Recurrente,PayPal,Consola,Intermitente,EU,Pickup
Recurrente,PayPal,Consola,Intermitente,US,Economico
Recurrente,PayPal,Consola,Intermitente,US,Estandar
Recurrente,PayPal,Consola,Intermitente,US,Express
Recurrente,PayPal,Consola,Intermitente,US,Pickup
Recurrente,PayPal,Consola,Intermitente,APAC,Economico
Recurrente,PayPal,Consola,Intermitente,APAC,Estandar
Recurrente,PayPal,Consola,Intermitente,APAC,Express
Recurrente,PayPal,Consola,Intermitente,APAC,Pickup
Recurrente,PayPal,Consola,SinConexion,LATAM,Economico
Recurrente,PayPal,Consola,SinConexion,LATAM,Estandar
Recurrente,PayPal,Consola,SinConexion,LATAM,Express
Recurrente,PayPal,Consola,SinConexion,LATAM,Pickup
Recurrente,PayPal,Consola,SinConexion,EU,Economico
Recurrente,PayPal,Consola,SinConexion,EU,Estandar
Recurrente,PayPal,Consola,SinConexion,EU,Express
Recurrente,PayPal,Consola,SinConexion,EU,Pickup
Recurrente,PayPal,Consola,SinConexion,US,Economico
Recurrente,PayPal,Consola,SinConexion,US,Estandar
Recurrente,PayPal,Consola,SinConexion,US,Express
Recurrente,PayPal,Consola,SinConexion,US,Pickup
Recurrente,PayPal,Consola,SinConexion,APAC,Economico
Recurrente,PayPal,Consola,SinConexion,APAC,Estandar
Recurrente,PayPal,Consola,SinConexion,APAC,Express
Recurrente,PayPal,Consola,SinConexion,APAC,Pickup
Recurrente,Transferencia,Movil,Buena,LATAM,Economico
Recurrente,Transferencia,Movil,Buena,LATAM,Estandar
Recurrente,Transferencia,Movil,Buena,LATAM,Express
Recurrente,Transferencia,Movil,Buena,LATAM,Pickup
Recurrente,Transferencia,Movil,Buena,EU,Economico
Recurrente,Transferencia,Movil,Buena,EU,Estandar
Recurrente,Transferencia,Movil,Buena,EU,Express
Recurrente,Transferencia,Movil,Buena,EU,Pickup
Recurrente,Transferencia,Movil,Buena,US,Economico
Recurrente,Transferencia,Movil,Buena,US,Estandar
Recurrente,Transferencia,Movil,Buena,US,Express
Recurrente,Transferencia,Movil,Buena,US,Pickup
Recurrente,Transferencia,Movil,Buena,APAC,Economico
Recurrente,Transferencia,Movil,Buena,APAC,Estandar
Recurrente,Transferencia,Movil,Buena,APAC,Express
Recurrente,Transferencia,Movil,Buena,APAC,Pickup
Recurrente,Transferencia,Movil,Media,LATAM,Economico
Recurrente,Transferencia,Movil,Media,LATAM,Estandar
Recurrente,Transferencia,Movil,Media,LATAM,Express
Recurrente,Transferencia,Movil,Media,LATAM,Pickup
Recurrente,Transferencia,Movil,Media,EU,Economico
Recurrente,Transferencia,Movil,Media,EU,Estandar
Recurrente,Transferencia,Movil,Media,EU,Express
Recurrente,Transferencia,Movil,Media,EU,Pickup
Recurrente,Transferencia,Movil,Media,US,Economico
Recurrente,Transferencia,Movil,Media,US,Estandar
Recurrente,Transferencia,Movil,Media,US,Express
Recurrente,Transferencia,Movil,Media,US,Pickup
Recurrente,Transferencia,Movil,Media,APAC,Economico
Recurrente,Transferencia,Movil,Media,APAC,Estandar
Recurrente,Transferencia,Movil,Media,APAC,Express
Recurrente,Transferencia,Movil,Media,APAC,Pickup
Recurrente,Transferencia,Movil,Lenta,LATAM,Economico
Recurrente,Transferencia,Movil,Lenta,LATAM,Estandar
Recurrente,Transferencia,Movil,Lenta,LATAM,Express
Recurrente,Transferencia,Movil,Lenta,LATAM,Pickup
Recurrente,Transferencia,Movil,Lenta,EU,Economico
Recurrente,Transferencia,Movil,Lenta,EU,Estandar
Recurrente,Transferencia,Movil,Lenta,EU,Express
Recurrente,Transferencia,Movil,Lenta,EU,Pickup
Recurrente,Transferencia,Movil,Lenta,US,Economico
Recurrente,Transferencia,Movil,Lenta,US,Estandar
Recurrente,Transferencia,Movil,Lenta,US,Express
Recurrente,Transferencia,Movil,Lenta,US,Pickup
Recurrente,Transferencia,Movil,Lenta,APAC,Economico
Recurrente,Transferencia,Movil,Lenta,APAC,Estandar
Recurrente,Transferencia,Movil,Lenta,APAC,Express
Recurrente,Transferencia,Movil,Lenta,APAC,Pickup
Recurrente,Transferencia,Movil,Intermitente,LATAM,Economico
Recurrente,Transferencia,Movil,Intermitente,LATAM,Estandar
Recurrente,Transferencia,Movil,Intermitente,LATAM,Express
Recurrente,Transferencia,Movil,Intermitente,LATAM,Pickup
Recurrente,Transferencia,Movil,Intermitente,EU,Economico
Recurrente,Transferencia,Movil,Intermitente,EU,Estandar
Recurrente,Transferencia,Movil,Intermitente,EU,Express
Recurrente,Transferencia,Movil,Intermitente,EU,Pickup
Recurrente,Transferencia,Movil,Intermitente,US,Economico
Recurrente,Transferencia,Movil,Intermitente,US,Estandar
Recurrente,Transferencia,Movil,Intermitente,US,Express
Recurrente,Transferencia,Movil,Intermitente,US,Pickup
Recurrente,Transferencia,Movil,Intermitente,APAC,Economico
Recurrente,Transferencia,Movil,Intermitente,APAC,Estandar
Recurrente,Transferencia,Movil,Intermitente,APAC,Express
Recurrente,Transferencia,Movil,Intermitente,APAC,Pickup
Recurrente,Transferencia,Movil,SinConexion,LATAM,Economico
Recurrente,Transferencia,Movil,SinConexion,LATAM,Estandar
Recurrente,Transferencia,Movil,SinConexion,LATAM,Express
Recurrente,Transferencia,Movil,SinConexion,LATAM,Pickup
Recurrente,Transferencia,Movil,SinConexion,EU,Economico
Recurrente,Transferencia,Movil,SinConexion,EU,Estandar
Recurrente,Transferencia,Movil,SinConexion,EU,Express
Recurrente,Transferencia,Movil,SinConexion,EU,Pickup
Recurrente,Transferencia,Movil,SinConexion,US,Economico
Recurrente,Transferencia,Movil,SinConexion,US,Estandar
Recurrente,Transferencia,Movil,SinConexion,US,Express
Recurrente,Transferencia,Movil,SinConexion,US,Pickup
Recurrente,Transferencia,Movil,SinConexion,APAC,Economico
Recurrente,Transferencia,Movil,SinConexion,APAC,Estandar
Recurrente,Transferencia,Movil,SinConexion,APAC,Express
Recurrente,Transferencia,Movil,SinConexion,APAC,Pickup
Recurrente,Transferencia,Desktop,Buena,LATAM,Economico
Recurrente,Transferencia,Desktop,Buena,LATAM,Estandar
Recurrente,Transferencia,Desktop,Buena,LATAM,Express
Recurrente,Transferencia,Desktop,Buena,LATAM,Pickup
Recurrente,Transferencia,Desktop,Buena,EU,Economico
Recurrente,Transferencia,Desktop,Buena,EU,Estandar
Recurrente,Transferencia,Desktop,Buena,EU,Express
Recurrente,Transferencia,Desktop,Buena,EU,Pickup
Recurrente,Transferencia,Desktop,Buena,US,Economico
Recurrente,Transferencia,Desktop,Buena,US,Estandar
Recurrente,Transferencia,Desktop,Buena,US,Express
Recurrente,Transferencia,Desktop,Buena,US,Pickup
Recurrente,Transferencia,Desktop,Buena,APAC,Economico
Recurrente,Transferencia,Desktop,Buena,APAC,Estandar
Recurrente,Transferencia,Desktop,Buena,APAC,Express
Recurrente,Transferencia,Desktop,Buena,APAC,Pickup
Recurrente,Transferencia,Desktop,Media,LATAM,Economico
Recurrente,Transferencia,Desktop,Media,LATAM,Estandar
Recurrente,Transferencia,Desktop,Media,LATAM,Express
Recurrente,Transferencia,Desktop,Media,LATAM,Pickup
Recurrente,Transferencia,Desktop,Media,EU,Economico
Recurrente,Transferencia,Desktop,Media,EU,Estandar
Recurrente,Transferencia,Desktop,Media,EU,Express
Recurrente,Transferencia,Desktop,Media,EU,Pickup
Recurrente,Transferencia,Desktop,Media,US,Economico
Recurrente,Transferencia,Desktop,Media,US,Estandar
Recurrente,Transferencia,Desktop,Media,US,Express
Recurrente,Transferencia,Desktop,Media,US,Pickup
Recurrente,Transferencia,Desktop,Media,APAC,Economico
Recurrente,Transferencia,Desktop,Media,APAC,Estandar
Recurrente,Transferencia,Desktop,Media,APAC,Express
Recurrente,Transferencia,Desktop,Media,APAC,Pickup
Recurrente,Transferencia,Desktop,Lenta,LATAM,Economico
Recurrente,Transferencia,Desktop,Lenta,LATAM,Estandar
Recurrente,Transferencia,Desktop,Lenta,LATAM,Express
Recurrente,Transferencia,Desktop,Lenta,LATAM,Pickup
Recurrente,Transferencia,Desktop,Lenta,EU,Economico
Recurrente,Transferencia,Desktop,Lenta,EU,Estandar
Recurrente,Transferencia,Desktop,Lenta,EU,Express
Recurrente,Transferencia,Desktop,Lenta,EU,Pickup
Recurrente,Transferencia,Desktop,Lenta,US,Economico
Recurrente,Transferencia,Desktop,Lenta,US,Estandar
Recurrente,Transferencia,Desktop,Lenta,US,Express
Recurrente,Transferencia,Desktop,Lenta,US,Pickup
Recurrente,Transferencia,Desktop,Lenta,APAC,Economico
Recurrente,Transferencia,Desktop,Lenta,APAC,Estandar
Recurrente,Transferencia,Desktop,Lenta,APAC,Express
Recurrente,Transferencia,Desktop,Lenta,APAC,Pickup
Recurrente,Transferencia,Desktop,Intermitente,LATAM,Economico
Recurrente,Transferencia,Desktop,Intermitente,LATAM,Estandar
Recurrente,Transferencia,Desktop,Intermitente,LATAM,Express
Recurrente,Transferencia,Desktop,Intermitente,LATAM,Pickup
Recurrente,Transferencia,Desktop,Intermitente,EU,Economico
Recurrente,Transferencia,Desktop,Intermitente,EU,Estandar
Recurrente,Transferencia,Desktop,Intermitente,EU,Express
Recurrente,Transferencia,Desktop,Intermitente,EU,Pickup
Recurrente,Transferencia,Desktop,Intermitente,US,Economico
Recurrente,Transferencia,Desktop,Intermitente,US,Estandar
Recurrente,Transferencia,Desktop,Intermitente,US,Express
Recurrente,Transferencia,Desktop,Intermitente,US,Pickup
Recurrente,Transferencia,Desktop,Intermitente,APAC,Economico
Recurrente,Transferencia,Desktop,Intermitente,APAC,Estandar
Recurrente,Transferencia,Desktop,Intermitente,APAC,Express
Recurrente,Transferencia,Desktop,Intermitente,APAC,Pickup
Recurrente,Transferencia,Desktop,SinConexion,LATAM,Economico
Recurrente,Transferencia,Desktop,SinConexion,LATAM,Estandar
Recurrente,Transferencia,Desktop,SinConexion,LATAM,Express
Recurrente,Transferencia,Desktop,SinConexion,LATAM,Pickup
Recurrente,Transferencia,Desktop,SinConexion,EU,Economico
Recurrente,Transferencia,Desktop,SinConexion,EU,Estandar
Recurrente,Transferencia,Desktop,SinConexion,EU,Express
Recurrente,Transferencia,Desktop,SinConexion,EU,Pickup
Recurrente,Transferencia,Desktop,SinConexion,US,Economico
Recurrente,Transferencia,Desktop,SinConexion,US,Estandar
Recurrente,Transferencia,Desktop,SinConexion,US,Express
Recurrente,Transferencia,Desktop,SinConexion,US,Pickup
Recurrente,Transferencia,Desktop,SinConexion,APAC,Economico
Recurrente,Transferencia,Desktop,SinConexion,APAC,Estandar
Recurrente,Transferencia,Desktop,SinConexion,APAC,Express
Recurrente,Transferencia,Desktop,SinConexion,APAC,Pickup
Recurrente,Transferencia,Tableta,Buena,LATAM,Economico
Recurrente,Transferencia,Tableta,Buena,LATAM,Estandar
Recurrente,Transferencia,Tableta,Buena,LATAM,Express
Recurrente,Transferencia,Tableta,Buena,LATAM,Pickup
Recurrente,Transferencia,Tableta,Buena,EU,Economico
Recurrente,Transferencia,Tableta,Buena,EU,Estandar
Recurrente,Transferencia,Tableta,Buena,EU,Express
Recurrente,Transferencia,Tableta,Buena,EU,Pickup
Recurrente,Transferencia,Tableta,Buena,US,Economico
Recurrente,Transferencia,Tableta,Buena,US,Estandar
Recurrente,Transferencia,Tableta,Buena,US,Express
Recurrente,Transferencia,Tableta,Buena,US,Pickup
Recurrente,Transferencia,Tableta,Buena,APAC,Economico
Recurrente,Transferencia,Tableta,Buena,APAC,Estandar
Recurrente,Transferencia,Tableta,Buena,APAC,Express
Recurrente,Transferencia,Tableta,Buena,APAC,Pickup
Recurrente,Transferencia,Tableta,Media,LATAM,Economico
Recurrente,Transferencia,Tableta,Media,LATAM,Estandar
Recurrente,Transferencia,Tableta,Media,LATAM,Express
Recurrente,Transferencia,Tableta,Media,LATAM,Pickup
Recurrente,Transferencia,Tableta,Media,EU,Economico
Recurrente,Transferencia,Tableta,Media,EU,Estandar
Recurrente,Transferencia,Tableta,Media,EU,Express
Recurrente,Transferencia,Tableta,Media,EU,Pickup
Recurrente,Transferencia,Tableta,Media,US,Economico
Recurrente,Transferencia,Tableta,Media,US,Estandar
Recurrente,Transferencia,Tableta,Media,US,Express
Recurrente,Transferencia,Tableta,Media,US,Pickup
Recurrente,Transferencia,Tableta,Media,APAC,Economico
Recurrente,Transferencia,Tableta,Media,APAC,Estandar
Recurrente,Transferencia,Tableta,Media,APAC,Express
Recurrente,Transferencia,Tableta,Media,APAC,Pickup
Recurrente,Transferencia,Tableta,Lenta,LATAM,Economico
Recurrente,Transferencia,Tableta,Lenta,LATAM,Estandar
Recurrente,Transferencia,Tableta,Lenta,LATAM,Express
Recurrente,Transferencia,Tableta,Lenta,LATAM,Pickup
Recurrente,Transferencia,Tableta,Lenta,EU,Economico
Recurrente,Transferencia,Tableta,Lenta,EU,Estandar
Recurrente,Transferencia,Tableta,Lenta,EU,Express
Recurrente,Transferencia,Tableta,Lenta,EU,Pickup
Recurrente,Transferencia,Tableta,Lenta,US,Economico
Recurrente,Transferencia,Tableta,Lenta,US,Estandar
Recurrente,Transferencia,Tableta,Lenta,US,Express
Recurrente,Transferencia,Tableta,Lenta,US,Pickup
Recurrente,Transferencia,Tableta,Lenta,APAC,Economico
Recurrente,Transferencia,Tableta,Lenta,APAC,Estandar
Recurrente,Transferencia,Tableta,Lenta,APAC,Express
Recurrente,Transferencia,Tableta,Lenta,APAC,Pickup
Recurrente,Transferencia,Tableta,Intermitente,LATAM,Economico
Recurrente,Transferencia,Tableta,Intermitente,LATAM,Estandar
Recurrente,Transferencia,Tableta,Intermitente,LATAM,Express
Recurrente,Transferencia,Tableta,Intermitente,LATAM,Pickup
Recurrente,Transferencia,Tableta,Intermitente,EU,Economico
Recurrente,Transferencia,Tableta,Intermitente,EU,Estandar
Recurrente,Transferencia,Tableta,Intermitente,EU,Express
Recurrente,Transferencia,Tableta,Intermitente,EU,Pickup
Recurrente,Transferencia,Tableta,Intermitente,US,Economico
Recurrente,Transferencia,Tableta,Intermitente,US,Estandar
Recurrente,Transferencia,Tableta,Intermitente,US,Express
Recurrente,Transferencia,Tableta,Intermitente,US,Pickup
Recurrente,Transferencia,Tableta,Intermitente,APAC,Economico
Recurrente,Transferencia,Tableta,Intermitente,APAC,Estandar
Recurrente,Transferencia,Tableta,Intermitente,APAC,Express
Recurrente,Transferencia,Tableta,Intermitente,APAC,Pickup
Recurrente,Transferencia,Tableta,SinConexion,LATAM,Economico
Recurrente,Transferencia,Tableta,SinConexion,LATAM,Estandar
Recurrente,Transferencia,Tableta,SinConexion,LATAM,Express
Recurrente,Transferencia,Tableta,SinConexion,LATAM,Pickup
Recurrente,Transferencia,Tableta,SinConexion,EU,Economico
Recurrente,Transferencia,Tableta,SinConexion,EU,Estandar
Recurrente,Transferencia,Tableta,SinConexion,EU,Express
Recurrente,Transferencia,Tableta,SinConexion,EU,Pickup
Recurrente,Transferencia,Tableta,SinConexion,US,Economico
Recurrente,Transferencia,Tableta,SinConexion,US,Estandar
Recurrente,Transferencia,Tableta,SinConexion,US,Express
Recurrente,Transferencia,Tableta,SinConexion,US,Pickup
Recurrente,Transferencia,Tableta,SinConexion,APAC,Economico
Recurrente,Transferencia,Tableta,SinConexion,APAC,Estandar
Recurrente,Transferencia,Tableta,SinConexion,APAC,Express
Recurrente,Transferencia,Tableta,SinConexion,APAC,Pickup
Recurrente,Transferencia,SmartTV,Buena,LATAM,Economico
Recurrente,Transferencia,SmartTV,Buena,LATAM,Estandar
Recurrente,Transferencia,SmartTV,Buena,LATAM,Express
Recurrente,Transferencia,SmartTV,Buena,LATAM,Pickup
Recurrente,Transferencia,SmartTV,Buena,EU,Economico
Recurrente,Transferencia,SmartTV,Buena,EU,Estandar
Recurrente,Transferencia,SmartTV,Buena,EU,Express
Recurrente,Transferencia,SmartTV,Buena,EU,Pickup
Recurrente,Transferencia,SmartTV,Buena,US,Economico
Recurrente,Transferencia,SmartTV,Buena,US,Estandar
Recurrente,Transferencia,SmartTV,Buena,US,Express
Recurrente,Transferencia,SmartTV,Buena,US,Pickup
Recurrente,Transferencia,SmartTV,Buena,APAC,Economico
Recurrente,Transferencia,SmartTV,Buena,APAC,Estandar
Recurrente,Transferencia,SmartTV,Buena,APAC,Express
Recurrente,Transferencia,SmartTV,Buena,APAC,Pickup
Recurrente,Transferencia,SmartTV,Media,LATAM,Economico
Recurrente,Transferencia,SmartTV,Media,LATAM,Estandar
Recurrente,Transferencia,SmartTV,Media,LATAM,Express
Recurrente,Transferencia,SmartTV,Media,LATAM,Pickup
Recurrente,Transferencia,SmartTV,Media,EU,Economico
Recurrente,Transferencia,SmartTV,Media,EU,Estandar
Recurrente,Transferencia,SmartTV,Media,EU,Express
Recurrente,Transferencia,SmartTV,Media,EU,Pickup
Recurrente,Transferencia,SmartTV,Media,US,Economico
Recurrente,Transferencia,SmartTV,Media,US,Estandar
Recurrente,Transferencia,SmartTV,Media,US,Express
Recurrente,Transferencia,SmartTV,Media,US,Pickup
Recurrente,Transferencia,SmartTV,Media,APAC,Economico
Recurrente,Transferencia,SmartTV,Media,APAC,Estandar
Recurrente,Transferencia,SmartTV,Media,APAC,Express
Recurrente,Transferencia,SmartTV,Media,APAC,Pickup
Recurrente,Transferencia,SmartTV,Lenta,LATAM,Economico
Recurrente,Transferencia,SmartTV,Lenta,LATAM,Estandar
Recurrente,Transferencia,SmartTV,Lenta,LATAM,Express
Recurrente,Transferencia,SmartTV,Lenta,LATAM,Pickup
Recurrente,Transferencia,SmartTV,Lenta,EU,Economico
Recurrente,Transferencia,SmartTV,Lenta,EU,Estandar
Recurrente,Transferencia,SmartTV,Lenta,EU,Express
Recurrente,Transferencia,SmartTV,Lenta,EU,Pickup
Recurrente,Transferencia,SmartTV,Lenta,US,Economico
Recurrente,Transferencia,SmartTV,Lenta,US,Estandar
Recurrente,Transferencia,SmartTV,Lenta,US,Express
Recurrente,Transferencia,SmartTV,Lenta,US,Pickup
Recurrente,Transferencia,SmartTV,Lenta,APAC,Economico
Recurrente,Transferencia,SmartTV,Lenta,APAC,Estandar
Recurrente,Transferencia,SmartTV,Lenta,APAC,Express
Recurrente,Transferencia,SmartTV,Lenta,APAC,Pickup
Recurrente,Transferencia,SmartTV,Intermitente,LATAM,Economico
Recurrente,Transferencia,SmartTV,Intermitente,LATAM,Estandar
Recurrente,Transferencia,SmartTV,Intermitente,LATAM,Express
Recurrente,Transferencia,SmartTV,Intermitente,LATAM,Pickup
Recurrente,Transferencia,SmartTV,Intermitente,EU,Economico
Recurrente,Transferencia,SmartTV,Intermitente,EU,Estandar
Recurrente,Transferencia,SmartTV,Intermitente,EU,Express
Recurrente,Transferencia,SmartTV,Intermitente,EU,Pickup
Recurrente,Transferencia,SmartTV,Intermitente,US,Economico
Recurrente,Transferencia,SmartTV,Intermitente,US,Estandar
Recurrente,Transferencia,SmartTV,Intermitente,US,Express
Recurrente,Transferencia,SmartTV,Intermitente,US,Pickup
Recurrente,Transferencia,SmartTV,Intermitente,APAC,Economico
Recurrente,Transferencia,SmartTV,Intermitente,APAC,Estandar
Recurrente,Transferencia,SmartTV,Intermitente,APAC,Express
Recurrente,Transferencia,SmartTV,Intermitente,APAC,Pickup
Recurrente,Transferencia,SmartTV,SinConexion,LATAM,Economico
Recurrente,Transferencia,SmartTV,SinConexion,LATAM,Estandar
Recurrente,Transferencia,SmartTV,SinConexion,LATAM,Express
Recurrente,Transferencia,SmartTV,SinConexion,LATAM,Pickup
Recurrente,Transferencia,SmartTV,SinConexion,EU,Economico
Recurrente,Transferencia,SmartTV,SinConexion,EU,Estandar
Recurrente,Transferencia,SmartTV,SinConexion,EU,Express
Recurrente,Transferencia,SmartTV,SinConexion,EU,Pickup
Recurrente,Transferencia,SmartTV,SinConexion,US,Economico
Recurrente,Transferencia,SmartTV,SinConexion,US,Estandar
Recurrente,Transferencia,SmartTV,SinConexion,US,Express
Recurrente,Transferencia,SmartTV,SinConexion,US,Pickup
Recurrente,Transferencia,SmartTV,SinConexion,APAC,Economico
Recurrente,Transferencia,SmartTV,SinConexion,APAC,Estandar
Recurrente,Transferencia,SmartTV,SinConexion,APAC,Express
Recurrente,Transferencia,SmartTV,SinConexion,APAC,Pickup
Recurrente,Transferencia,Consola,Buena,LATAM,Economico
Recurrente,Transferencia,Consola,Buena,LATAM,Estandar
Recurrente,Transferencia,Consola,Buena,LATAM,Express
Recurrente,Transferencia,Consola,Buena,LATAM,Pickup
Recurrente,Transferencia,Consola,Buena,EU,Economico
Recurrente,Transferencia,Consola,Buena,EU,Estandar
Recurrente,Transferencia,Consola,Buena,EU,Express
Recurrente,Transferencia,Consola,Buena,EU,Pickup
Recurrente,Transferencia,Consola,Buena,US,Economico
Recurrente,Transferencia,Consola,Buena,US,Estandar
Recurrente,Transferencia,Consola,Buena,US,Express
Recurrente,Transferencia,Consola,Buena,US,Pickup
Recurrente,Transferencia,Consola,Buena,APAC,Economico
Recurrente,Transferencia,Consola,Buena,APAC,Estandar
Recurrente,Transferencia,Consola,Buena,APAC,Express
Recurrente,Transferencia,Consola,Buena,APAC,Pickup
Recurrente,Transferencia,Consola,Media,LATAM,Economico
Recurrente,Transferencia,Consola,Media,LATAM,Estandar
Recurrente,Transferencia,Consola,Media,LATAM,Express
Recurrente,Transferencia,Consola,Media,LATAM,Pickup
Recurrente,Transferencia,Consola,Media,EU,Economico
Recurrente,Transferencia,Consola,Media,EU,Estandar
Recurrente,Transferencia,Consola,Media,EU,Express
Recurrente,Transferencia,Consola,Media,EU,Pickup
Recurrente,Transferencia,Consola,Media,US,Economico
Recurrente,Transferencia,Consola,Media,US,Estandar
Recurrente,Transferencia,Consola,Media,US,Express
Recurrente,Transferencia,Consola,Media,US,Pickup
Recurrente,Transferencia,Consola,Media,APAC,Economico
Recurrente,Transferencia,Consola,Media,APAC,Estandar
Recurrente,Transferencia,Consola,Media,APAC,Express
Recurrente,Transferencia,Consola,Media,APAC,Pickup
Recurrente,Transferencia,Consola,Lenta,LATAM,Economico
Recurrente,Transferencia,Consola,Lenta,LATAM,Estandar
Recurrente,Transferencia,Consola,Lenta,LATAM,Express
Recurrente,Transferencia,Consola,Lenta,LATAM,Pickup
Recurrente,Transferencia,Consola,Lenta,EU,Economico
Recurrente,Transferencia,Consola,Lenta,EU,Estandar
Recurrente,Transferencia,Consola,Lenta,EU,Express
Recurrente,Transferencia,Consola,Lenta,EU,Pickup
Recurrente,Transferencia,Consola,Lenta,US,Economico
Recurrente,Transferencia,Consola,Lenta,US,Estandar
Recurrente,Transferencia,Consola,Lenta,US,Express
Recurrente,Transferencia,Consola,Lenta,US,Pickup
Recurrente,Transferencia,Consola,Lenta,APAC,Economico
Recurrente,Transferencia,Consola,Lenta,APAC,Estandar
Recurrente,Transferencia,Consola,Lenta,APAC,Express
Recurrente,Transferencia,Consola,Lenta,APAC,Pickup
Recurrente,Transferencia,Consola,Intermitente,LATAM,Economico
Recurrente,Transferencia,Consola,Intermitente,LATAM,Estandar
Recurrente,Transferencia,Consola,Intermitente,LATAM,Express
Recurrente,Transferencia,Consola,Intermitente,LATAM,Pickup
Recurrente,Transferencia,Consola,Intermitente,EU,Economico
Recurrente,Transferencia,Consola,Intermitente,EU,Estandar
Recurrente,Transferencia,Consola,Intermitente,EU,Express
Recurrente,Transferencia,Consola,Intermitente,EU,Pickup
Recurrente,Transferencia,Consola,Intermitente,US,Economico
Recurrente,Transferencia,Consola,Intermitente,US,Estandar
Recurrente,Transferencia,Consola,Intermitente,US,Express
Recurrente,Transferencia,Consola,Intermitente,US,Pickup
Recurrente,Transferencia,Consola,Intermitente,APAC,Economico
Recurrente,Transferencia,Consola,Intermitente,APAC,Estandar
Recurrente,Transferencia,Consola,Intermitente,APAC,Express
Recurrente,Transferencia,Consola,Intermitente,APAC,Pickup
Recurrente,Transferencia,Consola,SinConexion,LATAM,Economico
Recurrente,Transferencia,Consola,SinConexion,LATAM,Estandar
Recurrente,Transferencia,Consola,SinConexion,LATAM,Express
Recurrente,Transferencia,Consola,SinConexion,LATAM,Pickup
Recurrente,Transferencia,Consola,SinConexion,EU,Economico
Recurrente,Transferencia,Consola,SinConexion,EU,Estandar
Recurrente,Transferencia,Consola,SinConexion,EU,Express
Recurrente,Transferencia,Consola,SinConexion,EU,Pickup
Recurrente,Transferencia,Consola,SinConexion,US,Economico
Recurrente,Transferencia,Consola,SinConexion,US,Estandar
Recurrente,Transferencia,Consola,SinConexion,US,Express
Recurrente,Transferencia,Consola,SinConexion,US,Pickup
Recurrente,Transferencia,Consola,SinConexion,APAC,Economico
Recurrente,Transferencia,Consola,SinConexion,APAC,Estandar
Recurrente,Transferencia,Consola,SinConexion,APAC,Express
Recurrente,Transferencia,Consola,SinConexion,APAC,Pickup
Recurrente,Contraentrega,Movil,Buena,LATAM,Economico
Recurrente,Contraentrega,Movil,Buena,LATAM,Estandar
Recurrente,Contraentrega,Movil,Buena,LATAM,Express
Recurrente,Contraentrega,Movil,Buena,LATAM,Pickup
Recurrente,Contraentrega,Movil,Buena,EU,Economico
Recurrente,Contraentrega,Movil,Buena,EU,Estandar
Recurrente,Contraentrega,Movil,Buena,EU,Express
Recurrente,Contraentrega,Movil,Buena,EU,Pickup
Recurrente,Contraentrega,Movil,Buena,US,Economico
Recurrente,Contraentrega,Movil,Buena,US,Estandar
Recurrente,Contraentrega,Movil,Buena,US,Express
Recurrente,Contraentrega,Movil,Buena,US,Pickup
Recurrente,Contraentrega,Movil,Buena,APAC,Economico
Recurrente,Contraentrega,Movil,Buena,APAC,Estandar
Recurrente,Contraentrega,Movil,Buena,APAC,Express
Recurrente,Contraentrega,Movil,Buena,APAC,Pickup
Recurrente,Contraentrega,Movil,Media,LATAM,Economico
Recurrente,Contraentrega,Movil,Media,LATAM,Estandar
Recurrente,Contraentrega,Movil,Media,LATAM,Express
Recurrente,Contraentrega,Movil,Media,LATAM,Pickup
Recurrente,Contraentrega,Movil,Media,EU,Economico
Recurrente,Contraentrega,Movil,Media,EU,Estandar
Recurrente,Contraentrega,Movil,Media,EU,Express
Recurrente,Contraentrega,Movil,Media,EU,Pickup
Recurrente,Contraentrega,Movil,Media,US,Economico
Recurrente,Contraentrega,Movil,Media,US,Estandar
Recurrente,Contraentrega,Movil,Media,US,Express
Recurrente,Contraentrega,Movil,Media,US,Pickup
Recurrente,Contraentrega,Movil,Media,APAC,Economico
Recurrente,Contraentrega,Movil,Media,APAC,Estandar
Recurrente,Contraentrega,Movil,Media,APAC,Express
Recurrente,Contraentrega,Movil,Media,APAC,Pickup
Recurrente,Contraentrega,Movil,Lenta,LATAM,Economico
Recurrente,Contraentrega,Movil,Lenta,LATAM,Estandar
Recurrente,Contraentrega,Movil,Lenta,LATAM,Express
Recurrente,Contraentrega,Movil,Lenta,LATAM,Pickup
Recurrente,Contraentrega,Movil,Lenta,EU,Economico
Recurrente,Contraentrega,Movil,Lenta,EU,Estandar
Recurrente,Contraentrega,Movil,Lenta,EU,Express
Recurrente,Contraentrega,Movil,Lenta,EU,Pickup
Recurrente,Contraentrega,Movil,Lenta,US,Economico
Recurrente,Contraentrega,Movil,Lenta,US,Estandar
Recurrente,Contraentrega,Movil,Lenta,US,Express
Recurrente,Contraentrega,Movil,Lenta,US,Pickup
Recurrente,Contraentrega,Movil,Lenta,APAC,Economico
Recurrente,Contraentrega,Movil,Lenta,APAC,Estandar
Recurrente,Contraentrega,Movil,Lenta,APAC,Express
Recurrente,Contraentrega,Movil,Lenta,APAC,Pickup
Recurrente,Contraentrega,Movil,Intermitente,LATAM,Economico
Recurrente,Contraentrega,Movil,Intermitente,LATAM,Estandar
Recurrente,Contraentrega,Movil,Intermitente,LATAM,Express
Recurrente,Contraentrega,Movil,Intermitente,LATAM,Pickup
Recurrente,Contraentrega,Movil,Intermitente,EU,Economico
Recurrente,Contraentrega,Movil,Intermitente,EU,Estandar
Recurrente,Contraentrega,Movil,Intermitente,EU,Express
Recurrente,Contraentrega,Movil,Intermitente,EU,Pickup
Recurrente,Contraentrega,Movil,Intermitente,US,Economico
Recurrente,Contraentrega,Movil,Intermitente,US,Estandar
Recurrente,Contraentrega,Movil,Intermitente,US,Express
Recurrente,Contraentrega,Movil,Intermitente,US,Pickup
Recurrente,Contraentrega,Movil,Intermitente,APAC,Economico
Recurrente,Contraentrega,Movil,Intermitente,APAC,Estandar
Recurrente,Contraentrega,Movil,Intermitente,APAC,Express
Recurrente,Contraentrega,Movil,Intermitente,APAC,Pickup
Recurrente,Contraentrega,Movil,SinConexion,LATAM,Economico
Recurrente,Contraentrega,Movil,SinConexion,LATAM,Estandar
Recurrente,Contraentrega,Movil,SinConexion,LATAM,Express
Recurrente,Contraentrega,Movil,SinConexion,LATAM,Pickup
Recurrente,Contraentrega,Movil,SinConexion,EU,Economico
Recurrente,Contraentrega,Movil,SinConexion,EU,Estandar
Recurrente,Contraentrega,Movil,SinConexion,EU,Express
Recurrente,Contraentrega,Movil,SinConexion,EU,Pickup
Recurrente,Contraentrega,Movil,SinConexion,US,Economico
Recurrente,Contraentrega,Movil,SinConexion,US,Estandar
Recurrente,Contraentrega,Movil,SinConexion,US,Express
Recurrente,Contraentrega,Movil,SinConexion,US,Pickup
Recurrente,Contraentrega,Movil,SinConexion,APAC,Economico
Recurrente,Contraentrega,Movil,SinConexion,APAC,Estandar
Recurrente,Contraentrega,Movil,SinConexion,APAC,Express
Recurrente,Contraentrega,Movil,SinConexion,APAC,Pickup
Recurrente,Contraentrega,Desktop,Buena,LATAM,Economico
Recurrente,Contraentrega,Desktop,Buena,LATAM,Estandar
Recurrente,Contraentrega,Desktop,Buena,LATAM,Express
Recurrente,Contraentrega,Desktop,Buena,LATAM,Pickup
Recurrente,Contraentrega,Desktop,Buena,EU,Economico
Recurrente,Contraentrega,Desktop,Buena,EU,Estandar
Recurrente,Contraentrega,Desktop,Buena,EU,Express
Recurrente,Contraentrega,Desktop,Buena,EU,Pickup
Recurrente,Contraentrega,Desktop,Buena,US,Economico
Recurrente,Contraentrega,Desktop,Buena,US,Estandar
Recurrente,Contraentrega,Desktop,Buena,US,Express
Recurrente,Contraentrega,Desktop,Buena,US,Pickup
Recurrente,Contraentrega,Desktop,Buena,APAC,Economico
Recurrente,Contraentrega,Desktop,Buena,APAC,Estandar
Recurrente,Contraentrega,Desktop,Buena,APAC,Express
Recurrente,Contraentrega,Desktop,Buena,APAC,Pickup
Recurrente,Contraentrega,Desktop,Media,LATAM,Economico
Recurrente,Contraentrega,Desktop,Media,LATAM,Estandar
Recurrente,Contraentrega,Desktop,Media,LATAM,Express
Recurrente,Contraentrega,Desktop,Media,LATAM,Pickup
Recurrente,Contraentrega,Desktop,Media,EU,Economico
Recurrente,Contraentrega,Desktop,Media,EU,Estandar
Recurrente,Contraentrega,Desktop,Media,EU,Express
Recurrente,Contraentrega,Desktop,Media,EU,Pickup
Recurrente,Contraentrega,Desktop,Media,US,Economico
Recurrente,Contraentrega,Desktop,Media,US,Estandar
Recurrente,Contraentrega,Desktop,Media,US,Express
Recurrente,Contraentrega,Desktop,Media,US,Pickup
Recurrente,Contraentrega,Desktop,Media,APAC,Economico
Recurrente,Contraentrega,Desktop,Media,APAC,Estandar
Recurrente,Contraentrega,Desktop,Media,APAC,Express
Recurrente,Contraentrega,Desktop,Media,APAC,Pickup
Recurrente,Contraentrega,Desktop,Lenta,LATAM,Economico
Recurrente,Contraentrega,Desktop,Lenta,LATAM,Estandar
Recurrente,Contraentrega,Desktop,Lenta,LATAM,Express
Recurrente,Contraentrega,Desktop,Lenta,LATAM,Pickup
Recurrente,Contraentrega,Desktop,Lenta,EU,Economico
Recurrente,Contraentrega,Desktop,Lenta,EU,Estandar
Recurrente,Contraentrega,Desktop,Lenta,EU,Express
Recurrente,Contraentrega,Desktop,Lenta,EU,Pickup
Recurrente,Contraentrega,Desktop,Lenta,US,Economico
Recurrente,Contraentrega,Desktop,Lenta,US,Estandar
Recurrente,Contraentrega,Desktop,Lenta,US,Express
Recurrente,Contraentrega,Desktop,Lenta,US,Pickup
Recurrente,Contraentrega,Desktop,Lenta,APAC,Economico
Recurrente,Contraentrega,Desktop,Lenta,APAC,Estandar
Recurrente,Contraentrega,Desktop,Lenta,APAC,Express
Recurrente,Contraentrega,Desktop,Lenta,APAC,Pickup
Recurrente,Contraentrega,Desktop,Intermitente,LATAM,Economico
Recurrente,Contraentrega,Desktop,Intermitente,LATAM,Estandar
Recurrente,Contraentrega,Desktop,Intermitente,LATAM,Express
Recurrente,Contraentrega,Desktop,Intermitente,LATAM,Pickup
Recurrente,Contraentrega,Desktop,Intermitente,EU,Economico
Recurrente,Contraentrega,Desktop,Intermitente,EU,Estandar
Recurrente,Contraentrega,Desktop,Intermitente,EU,Express
Recurrente,Contraentrega,Desktop,Intermitente,EU,Pickup
Recurrente,Contraentrega,Desktop,Intermitente,US,Economico
Recurrente,Contraentrega,Desktop,Intermitente,US,Estandar
Recurrente,Contraentrega,Desktop,Intermitente,US,Express
Recurrente,Contraentrega,Desktop,Intermitente,US,Pickup
Recurrente,Contraentrega,Desktop,Intermitente,APAC,Economico
Recurrente,Contraentrega,Desktop,Intermitente,APAC,Estandar
Recurrente,Contraentrega,Desktop,Intermitente,APAC,Express
Recurrente,Contraentrega,Desktop,Intermitente,APAC,Pickup
Recurrente,Contraentrega,Desktop,SinConexion,LATAM,Economico
Recurrente,Contraentrega,Desktop,SinConexion,LATAM,Estandar
Recurrente,Contraentrega,Desktop,SinConexion,LATAM,Express
Recurrente,Contraentrega,Desktop,SinConexion,LATAM,Pickup
Recurrente,Contraentrega,Desktop,SinConexion,EU,Economico
Recurrente,Contraentrega,Desktop,SinConexion,EU,Estandar
Recurrente,Contraentrega,Desktop,SinConexion,EU,Express
Recurrente,Contraentrega,Desktop,SinConexion,EU,Pickup
Recurrente,Contraentrega,Desktop,SinConexion,US,Economico
Recurrente,Contraentrega,Desktop,SinConexion,US,Estandar
Recurrente,Contraentrega,Desktop,SinConexion,US,Express
Recurrente,Contraentrega,Desktop,SinConexion,US,Pickup
Recurrente,Contraentrega,Desktop,SinConexion,APAC,Economico
Recurrente,Contraentrega,Desktop,SinConexion,APAC,Estandar
Recurrente,Contraentrega,Desktop,SinConexion,APAC,Express
Recurrente,Contraentrega,Desktop,SinConexion,APAC,Pickup
Recurrente,Contraentrega,Tableta,Buena,LATAM,Economico
Recurrente,Contraentrega,Tableta,Buena,LATAM,Estandar
Recurrente,Contraentrega,Tableta,Buena,LATAM,Express
Recurrente,Contraentrega,Tableta,Buena,LATAM,Pickup
Recurrente,Contraentrega,Tableta,Buena,EU,Economico
Recurrente,Contraentrega,Tableta,Buena,EU,Estandar
Recurrente,Contraentrega,Tableta,Buena,EU,Express
Recurrente,Contraentrega,Tableta,Buena,EU,Pickup
Recurrente,Contraentrega,Tableta,Buena,US,Economico
Recurrente,Contraentrega,Tableta,Buena,US,Estandar
Recurrente,Contraentrega,Tableta,Buena,US,Express
Recurrente,Contraentrega,Tableta,Buena,US,Pickup
Recurrente,Contraentrega,Tableta,Buena,APAC,Economico
Recurrente,Contraentrega,Tableta,Buena,APAC,Estandar
Recurrente,Contraentrega,Tableta,Buena,APAC,Express
Recurrente,Contraentrega,Tableta,Buena,APAC,Pickup
Recurrente,Contraentrega,Tableta,Media,LATAM,Economico
Recurrente,Contraentrega,Tableta,Media,LATAM,Estandar
Recurrente,Contraentrega,Tableta,Media,LATAM,Express
Recurrente,Contraentrega,Tableta,Media,LATAM,Pickup
Recurrente,Contraentrega,Tableta,Media,EU,Economico
Recurrente,Contraentrega,Tableta,Media,EU,Estandar
Recurrente,Contraentrega,Tableta,Media,EU,Express
Recurrente,Contraentrega,Tableta,Media,EU,Pickup
Recurrente,Contraentrega,Tableta,Media,US,Economico
Recurrente,Contraentrega,Tableta,Media,US,Estandar
Recurrente,Contraentrega,Tableta,Media,US,Express
Recurrente,Contraentrega,Tableta,Media,US,Pickup
Recurrente,Contraentrega,Tableta,Media,APAC,Economico
Recurrente,Contraentrega,Tableta,Media,APAC,Estandar
Recurrente,Contraentrega,Tableta,Media,APAC,Express
Recurrente,Contraentrega,Tableta,Media,APAC,Pickup
Recurrente,Contraentrega,Tableta,Lenta,LATAM,Economico
Recurrente,Contraentrega,Tableta,Lenta,LATAM,Estandar
Recurrente,Contraentrega,Tableta,Lenta,LATAM,Express
Recurrente,Contraentrega,Tableta,Lenta,LATAM,Pickup
Recurrente,Contraentrega,Tableta,Lenta,EU,Economico
Recurrente,Contraentrega,Tableta,Lenta,EU,Estandar
Recurrente,Contraentrega,Tableta,Lenta,EU,Express
Recurrente,Contraentrega,Tableta,Lenta,EU,Pickup
Recurrente,Contraentrega,Tableta,Lenta,US,Economico
Recurrente,Contraentrega,Tableta,Lenta,US,Estandar
Recurrente,Contraentrega,Tableta,Lenta,US,Express
Recurrente,Contraentrega,Tableta,Lenta,US,Pickup
Recurrente,Contraentrega,Tableta,Lenta,APAC,Economico
Recurrente,Contraentrega,Tableta,Lenta,APAC,Estandar
Recurrente,Contraentrega,Tableta,Lenta,APAC,Express
Recurrente,Contraentrega,Tableta,Lenta,APAC,Pickup
Recurrente,Contraentrega,Tableta,Intermitente,LATAM,Economico
Recurrente,Contraentrega,Tableta,Intermitente,LATAM,Estandar
Recurrente,Contraentrega,Tableta,Intermitente,LATAM,Express
Recurrente,Contraentrega,Tableta,Intermitente,LATAM,Pickup
Recurrente,Contraentrega,Tableta,Intermitente,EU,Economico
Recurrente,Contraentrega,Tableta,Intermitente,EU,Estandar
Recurrente,Contraentrega,Tableta,Intermitente,EU,Express
Recurrente,Contraentrega,Tableta,Intermitente,EU,Pickup
Recurrente,Contraentrega,Tableta,Intermitente,US,Economico
Recurrente,Contraentrega,Tableta,Intermitente,US,Estandar
Recurrente,Contraentrega,Tableta,Intermitente,US,Express
Recurrente,Contraentrega,Tableta,Intermitente,US,Pickup
Recurrente,Contraentrega,Tableta,Intermitente,APAC,Economico
Recurrente,Contraentrega,Tableta,Intermitente,APAC,Estandar
Recurrente,Contraentrega,Tableta,Intermitente,APAC,Express
Recurrente,Contraentrega,Tableta,Intermitente,APAC,Pickup
Recurrente,Contraentrega,Tableta,SinConexion,LATAM,Economico
Recurrente,Contraentrega,Tableta,SinConexion,LATAM,Estandar
Recurrente,Contraentrega,Tableta,SinConexion,LATAM,Express
Recurrente,Contraentrega,Tableta,SinConexion,LATAM,Pickup
Recurrente,Contraentrega,Tableta,SinConexion,EU,Economico
Recurrente,Contraentrega,Tableta,SinConexion,EU,Estandar
Recurrente,Contraentrega,Tableta,SinConexion,EU,Express
Recurrente,Contraentrega,Tableta,SinConexion,EU,Pickup
Recurrente,Contraentrega,Tableta,SinConexion,US,Economico
Recurrente,Contraentrega,Tableta,SinConexion,US,Estandar
Recurrente,Contraentrega,Tableta,SinConexion,US,Express
Recurrente,Contraentrega,Tableta,SinConexion,US,Pickup
Recurrente,Contraentrega,Tableta,SinConexion,APAC,Economico
Recurrente,Contraentrega,Tableta,SinConexion,APAC,Estandar
Recurrente,Contraentrega,Tableta,SinConexion,APAC,Express
Recurrente,Contraentrega,Tableta,SinConexion,APAC,Pickup
Recurrente,Contraentrega,SmartTV,Buena,LATAM,Economico
Recurrente,Contraentrega,SmartTV,Buena,LATAM,Estandar
Recurrente,Contraentrega,SmartTV,Buena,LATAM,Express
Recurrente,Contraentrega,SmartTV,Buena,LATAM,Pickup
Recurrente,Contraentrega,SmartTV,Buena,EU,Economico
Recurrente,Contraentrega,SmartTV,Buena,EU,Estandar
Recurrente,Contraentrega,SmartTV,Buena,EU,Express
Recurrente,Contraentrega,SmartTV,Buena,EU,Pickup
Recurrente,Contraentrega,SmartTV,Buena,US,Economico
Recurrente,Contraentrega,SmartTV,Buena,US,Estandar
Recurrente,Contraentrega,SmartTV,Buena,US,Express
Recurrente,Contraentrega,SmartTV,Buena,US,Pickup
Recurrente,Contraentrega,SmartTV,Buena,APAC,Economico
Recurrente,Contraentrega,SmartTV,Buena,APAC,Estandar
Recurrente,Contraentrega,SmartTV,Buena,APAC,Express
Recurrente,Contraentrega,SmartTV,Buena,APAC,Pickup
Recurrente,Contraentrega,SmartTV,Media,LATAM,Economico
Recurrente,Contraentrega,SmartTV,Media,LATAM,Estandar
Recurrente,Contraentrega,SmartTV,Media,LATAM,Express
Recurrente,Contraentrega,SmartTV,Media,LATAM,Pickup
Recurrente,Contraentrega,SmartTV,Media,EU,Economico
Recurrente,Contraentrega,SmartTV,Media,EU,Estandar
Recurrente,Contraentrega,SmartTV,Media,EU,Express
Recurrente,Contraentrega,SmartTV,Media,EU,Pickup
Recurrente,Contraentrega,SmartTV,Media,US,Economico
Recurrente,Contraentrega,SmartTV,Media,US,Estandar
Recurrente,Contraentrega,SmartTV,Media,US,Express
Recurrente,Contraentrega,SmartTV,Media,US,Pickup
Recurrente,Contraentrega,SmartTV,Media,APAC,Economico
Recurrente,Contraentrega,SmartTV,Media,APAC,Estandar
Recurrente,Contraentrega,SmartTV,Media,APAC,Express
Recurrente,Contraentrega,SmartTV,Media,APAC,Pickup
Recurrente,Contraentrega,SmartTV,Lenta,LATAM,Economico
Recurrente,Contraentrega,SmartTV,Lenta,LATAM,Estandar
Recurrente,Contraentrega,SmartTV,Lenta,LATAM,Express
Recurrente,Contraentrega,SmartTV,Lenta,LATAM,Pickup
Recurrente,Contraentrega,SmartTV,Lenta,EU,Economico
Recurrente,Contraentrega,SmartTV,Lenta,EU,Estandar
Recurrente,Contraentrega,SmartTV,Lenta,EU,Express
Recurrente,Contraentrega,SmartTV,Lenta,EU,Pickup
Recurrente,Contraentrega,SmartTV,Lenta,US,Economico
Recurrente,Contraentrega,SmartTV,Lenta,US,Estandar
Recurrente,Contraentrega,SmartTV,Lenta,US,Express
Recurrente,Contraentrega,SmartTV,Lenta,US,Pickup
Recurrente,Contraentrega,SmartTV,Lenta,APAC,Economico
Recurrente,Contraentrega,SmartTV,Lenta,APAC,Estandar
Recurrente,Contraentrega,SmartTV,Lenta,APAC,Express
Recurrente,Contraentrega,SmartTV,Lenta,APAC,Pickup
Recurrente,Contraentrega,SmartTV,Intermitente,LATAM,Economico
Recurrente,Contraentrega,SmartTV,Intermitente,LATAM,Estandar
Recurrente,Contraentrega,SmartTV,Intermitente,LATAM,Express
Recurrente,Contraentrega,SmartTV,Intermitente,LATAM,Pickup
Recurrente,Contraentrega,SmartTV,Intermitente,EU,Economico
Recurrente,Contraentrega,SmartTV,Intermitente,EU,Estandar
Recurrente,Contraentrega,SmartTV,Intermitente,EU,Express
Recurrente,Contraentrega,SmartTV,Intermitente,EU,Pickup
Recurrente,Contraentrega,SmartTV,Intermitente,US,Economico
Recurrente,Contraentrega,SmartTV,Intermitente,US,Estandar
Recurrente,Contraentrega,SmartTV,Intermitente,US,Express
Recurrente,Contraentrega,SmartTV,Intermitente,US,Pickup
Recurrente,Contraentrega,SmartTV,Intermitente,APAC,Economico
Recurrente,Contraentrega,SmartTV,Intermitente,APAC,Estandar
Recurrente,Contraentrega,SmartTV,Intermitente,APAC,Express
Recurrente,Contraentrega,SmartTV,Intermitente,APAC,Pickup
Recurrente,Contraentrega,SmartTV,SinConexion,LATAM,Economico
Recurrente,Contraentrega,SmartTV,SinConexion,LATAM,Estandar
Recurrente,Contraentrega,SmartTV,SinConexion,LATAM,Express
Recurrente,Contraentrega,SmartTV,SinConexion,LATAM,Pickup
Recurrente,Contraentrega,SmartTV,SinConexion,EU,Economico
Recurrente,Contraentrega,SmartTV,SinConexion,EU,Estandar
Recurrente,Contraentrega,SmartTV,SinConexion,EU,Express
Recurrente,Contraentrega,SmartTV,SinConexion,EU,Pickup
Recurrente,Contraentrega,SmartTV,SinConexion,US,Economico
Recurrente,Contraentrega,SmartTV,SinConexion,US,Estandar
Recurrente,Contraentrega,SmartTV,SinConexion,US,Express
Recurrente,Contraentrega,SmartTV,SinConexion,US,Pickup
Recurrente,Contraentrega,SmartTV,SinConexion,APAC,Economico
Recurrente,Contraentrega,SmartTV,SinConexion,APAC,Estandar
Recurrente,Contraentrega,SmartTV,SinConexion,APAC,Express
Recurrente,Contraentrega,SmartTV,SinConexion,APAC,Pickup
Recurrente,Contraentrega,Consola,Buena,LATAM,Economico
Recurrente,Contraentrega,Consola,Buena,LATAM,Estandar
Recurrente,Contraentrega,Consola,Buena,LATAM,Express
Recurrente,Contraentrega,Consola,Buena,LATAM,Pickup
Recurrente,Contraentrega,Consola,Buena,EU,Economico
Recurrente,Contraentrega,Consola,Buena,EU,Estandar
Recurrente,Contraentrega,Consola,Buena,EU,Express
Recurrente,Contraentrega,Consola,Buena,EU,Pickup
Recurrente,Contraentrega,Consola,Buena,US,Economico
Recurrente,Contraentrega,Consola,Buena,US,Estandar
Recurrente,Contraentrega,Consola,Buena,US,Express
Recurrente,Contraentrega,Consola,Buena,US,Pickup
Recurrente,Contraentrega,Consola,Buena,APAC,Economico
Recurrente,Contraentrega,Consola,Buena,APAC,Estandar
Recurrente,Contraentrega,Consola,Buena,APAC,Express
Recurrente,Contraentrega,Consola,Buena,APAC,Pickup
Recurrente,Contraentrega,Consola,Media,LATAM,Economico
Recurrente,Contraentrega,Consola,Media,LATAM,Estandar
Recurrente,Contraentrega,Consola,Media,LATAM,Express
Recurrente,Contraentrega,Consola,Media,LATAM,Pickup
Recurrente,Contraentrega,Consola,Media,EU,Economico
Recurrente,Contraentrega,Consola,Media,EU,Estandar
Recurrente,Contraentrega,Consola,Media,EU,Express
Recurrente,Contraentrega,Consola,Media,EU,Pickup
Recurrente,Contraentrega,Consola,Media,US,Economico
Recurrente,Contraentrega,Consola,Media,US,Estandar
Recurrente,Contraentrega,Consola,Media,US,Express
Recurrente,Contraentrega,Consola,Media,US,Pickup
Recurrente,Contraentrega,Consola,Media,APAC,Economico
Recurrente,Contraentrega,Consola,Media,APAC,Estandar
Recurrente,Contraentrega,Consola,Media,APAC,Express
Recurrente,Contraentrega,Consola,Media,APAC,Pickup
Recurrente,Contraentrega,Consola,Lenta,LATAM,Economico
Recurrente,Contraentrega,Consola,Lenta,LATAM,Estandar
Recurrente,Contraentrega,Consola,Lenta,LATAM,Express
Recurrente,Contraentrega,Consola,Lenta,LATAM,Pickup
Recurrente,Contraentrega,Consola,Lenta,EU,Economico
Recurrente,Contraentrega,Consola,Lenta,EU,Estandar
Recurrente,Contraentrega,Consola,Lenta,EU,Express
Recurrente,Contraentrega,Consola,Lenta,EU,Pickup
Recurrente,Contraentrega,Consola,Lenta,US,Economico
Recurrente,Contraentrega,Consola,Lenta,US,Estandar
Recurrente,Contraentrega,Consola,Lenta,US,Express
Recurrente,Contraentrega,Consola,Lenta,US,Pickup
Recurrente,Contraentrega,Consola,Lenta,APAC,Economico
Recurrente,Contraentrega,Consola,Lenta,APAC,Estandar
Recurrente,Contraentrega,Consola,Lenta,APAC,Express
Recurrente,Contraentrega,Consola,Lenta,APAC,Pickup
Recurrente,Contraentrega,Consola,Intermitente,LATAM,Economico
Recurrente,Contraentrega,Consola,Intermitente,LATAM,Estandar
Recurrente,Contraentrega,Consola,Intermitente,LATAM,Express
Recurrente,Contraentrega,Consola,Intermitente,LATAM,Pickup
Recurrente,Contraentrega,Consola,Intermitente,EU,Economico
Recurrente,Contraentrega,Consola,Intermitente,EU,Estandar
Recurrente,Contraentrega,Consola,Intermitente,EU,Express
Recurrente,Contraentrega,Consola,Intermitente,EU,Pickup
Recurrente,Contraentrega,Consola,Intermitente,US,Economico
Recurrente,Contraentrega,Consola,Intermitente,US,Estandar
Recurrente,Contraentrega,Consola,Intermitente,US,Express
Recurrente,Contraentrega,Consola,Intermitente,US,Pickup
Recurrente,Contraentrega,Consola,Intermitente,APAC,Economico
Recurrente,Contraentrega,Consola,Intermitente,APAC,Estandar
Recurrente,Contraentrega,Consola,Intermitente,APAC,Express
Recurrente,Contraentrega,Consola,Intermitente,APAC,Pickup
Recurrente,Contraentrega,Consola,SinConexion,LATAM,Economico
Recurrente,Contraentrega,Consola,SinConexion,LATAM,Estandar
Recurrente,Contraentrega,Consola,SinConexion,LATAM,Express
Recurrente,Contraentrega,Consola,SinConexion,LATAM,Pickup
Recurrente,Contraentrega,Consola,SinConexion,EU,Economico
Recurrente,Contraentrega,Consola,SinConexion,EU,Estandar
Recurrente,Contraentrega,Consola,SinConexion,EU,Express
Recurrente,Contraentrega,Consola,SinConexion,EU,Pickup
Recurrente,Contraentrega,Consola,SinConexion,US,Economico
Recurrente,Contraentrega,Consola,SinConexion,US,Estandar
Recurrente,Contraentrega,Consola,SinConexion,US,Express
Recurrente,Contraentrega,Consola,SinConexion,US,Pickup
Recurrente,Contraentrega,Consola,SinConexion,APAC,Economico
Recurrente,Contraentrega,Consola,SinConexion,APAC,Estandar
Recurrente,Contraentrega,Consola,SinConexion,APAC,Express
Recurrente,Contraentrega,Consola,SinConexion,APAC,Pickup
Recurrente,Cripto,Movil,Buena,LATAM,Economico
Recurrente,Cripto,Movil,Buena,LATAM,Estandar
Recurrente,Cripto,Movil,Buena,LATAM,Express
Recurrente,Cripto,Movil,Buena,LATAM,Pickup
Recurrente,Cripto,Movil,Buena,EU,Economico
Recurrente,Cripto,Movil,Buena,EU,Estandar
Recurrente,Cripto,Movil,Buena,EU,Express
Recurrente,Cripto,Movil,Buena,EU,Pickup
Recurrente,Cripto,Movil,Buena,US,Economico
Recurrente,Cripto,Movil,Buena,US,Estandar
Recurrente,Cripto,Movil,Buena,US,Express
Recurrente,Cripto,Movil,Buena,US,Pickup
Recurrente,Cripto,Movil,Buena,APAC,Economico
Recurrente,Cripto,Movil,Buena,APAC,Estandar
Recurrente,Cripto,Movil,Buena,APAC,Express
Recurrente,Cripto,Movil,Buena,APAC,Pickup
Recurrente,Cripto,Movil,Media,LATAM,Economico
Recurrente,Cripto,Movil,Media,LATAM,Estandar
Recurrente,Cripto,Movil,Media,LATAM,Express
Recurrente,Cripto,Movil,Media,LATAM,Pickup
Recurrente,Cripto,Movil,Media,EU,Economico
Recurrente,Cripto,Movil,Media,EU,Estandar
Recurrente,Cripto,Movil,Media,EU,Express
Recurrente,Cripto,Movil,Media,EU,Pickup
Recurrente,Cripto,Movil,Media,US,Economico
Recurrente,Cripto,Movil,Media,US,Estandar
Recurrente,Cripto,Movil,Media,US,Express
Recurrente,Cripto,Movil,Media,US,Pickup
Recurrente,Cripto,Movil,Media,APAC,Economico
Recurrente,Cripto,Movil,Media,APAC,Estandar
Recurrente,Cripto,Movil,Media,APAC,Express
Recurrente,Cripto,Movil,Media,APAC,Pickup
Recurrente,Cripto,Movil,Lenta,LATAM,Economico
Recurrente,Cripto,Movil,Lenta,LATAM,Estandar
Recurrente,Cripto,Movil,Lenta,LATAM,Express
Recurrente,Cripto,Movil,Lenta,LATAM,Pickup
Recurrente,Cripto,Movil,Lenta,EU,Economico
Recurrente,Cripto,Movil,Lenta,EU,Estandar
Recurrente,Cripto,Movil,Lenta,EU,Express
Recurrente,Cripto,Movil,Lenta,EU,Pickup
Recurrente,Cripto,Movil,Lenta,US,Economico
Recurrente,Cripto,Movil,Lenta,US,Estandar
Recurrente,Cripto,Movil,Lenta,US,Express
Recurrente,Cripto,Movil,Lenta,US,Pickup
Recurrente,Cripto,Movil,Lenta,APAC,Economico
Recurrente,Cripto,Movil,Lenta,APAC,Estandar
Recurrente,Cripto,Movil,Lenta,APAC,Express
Recurrente,Cripto,Movil,Lenta,APAC,Pickup
Recurrente,Cripto,Movil,Intermitente,LATAM,Economico
Recurrente,Cripto,Movil,Intermitente,LATAM,Estandar
Recurrente,Cripto,Movil,Intermitente,LATAM,Express
Recurrente,Cripto,Movil,Intermitente,LATAM,Pickup
Recurrente,Cripto,Movil,Intermitente,EU,Economico
Recurrente,Cripto,Movil,Intermitente,EU,Estandar
Recurrente,Cripto,Movil,Intermitente,EU,Express
Recurrente,Cripto,Movil,Intermitente,EU,Pickup
Recurrente,Cripto,Movil,Intermitente,US,Economico
Recurrente,Cripto,Movil,Intermitente,US,Estandar
Recurrente,Cripto,Movil,Intermitente,US,Express
Recurrente,Cripto,Movil,Intermitente,US,Pickup
Recurrente,Cripto,Movil,Intermitente,APAC,Economico
Recurrente,Cripto,Movil,Intermitente,APAC,Estandar
Recurrente,Cripto,Movil,Intermitente,APAC,Express
Recurrente,Cripto,Movil,Intermitente,APAC,Pickup
Recurrente,Cripto,Movil,SinConexion,LATAM,Economico
Recurrente,Cripto,Movil,SinConexion,LATAM,Estandar
Recurrente,Cripto,Movil,SinConexion,LATAM,Express
Recurrente,Cripto,Movil,SinConexion,LATAM,Pickup
Recurrente,Cripto,Movil,SinConexion,EU,Economico
Recurrente,Cripto,Movil,SinConexion,EU,Estandar
Recurrente,Cripto,Movil,SinConexion,EU,Express
Recurrente,Cripto,Movil,SinConexion,EU,Pickup
Recurrente,Cripto,Movil,SinConexion,US,Economico
Recurrente,Cripto,Movil,SinConexion,US,Estandar
Recurrente,Cripto,Movil,SinConexion,US,Express
Recurrente,Cripto,Movil,SinConexion,US,Pickup
Recurrente,Cripto,Movil,SinConexion,APAC,Economico
Recurrente,Cripto,Movil,SinConexion,APAC,Estandar
Recurrente,Cripto,Movil,SinConexion,APAC,Express
Recurrente,Cripto,Movil,SinConexion,APAC,Pickup
Recurrente,Cripto,Desktop,Buena,LATAM,Economico
Recurrente,Cripto,Desktop,Buena,LATAM,Estandar
Recurrente,Cripto,Desktop,Buena,LATAM,Express
Recurrente,Cripto,Desktop,Buena,LATAM,Pickup
Recurrente,Cripto,Desktop,Buena,EU,Economico
Recurrente,Cripto,Desktop,Buena,EU,Estandar
Recurrente,Cripto,Desktop,Buena,EU,Express
Recurrente,Cripto,Desktop,Buena,EU,Pickup
Recurrente,Cripto,Desktop,Buena,US,Economico
Recurrente,Cripto,Desktop,Buena,US,Estandar
Recurrente,Cripto,Desktop,Buena,US,Express
Recurrente,Cripto,Desktop,Buena,US,Pickup
Recurrente,Cripto,Desktop,Buena,APAC,Economico
Recurrente,Cripto,Desktop,Buena,APAC,Estandar
Recurrente,Cripto,Desktop,Buena,APAC,Express
Recurrente,Cripto,Desktop,Buena,APAC,Pickup
Recurrente,Cripto,Desktop,Media,LATAM,Economico
Recurrente,Cripto,Desktop,Media,LATAM,Estandar
Recurrente,Cripto,Desktop,Media,LATAM,Express
Recurrente,Cripto,Desktop,Media,LATAM,Pickup
Recurrente,Cripto,Desktop,Media,EU,Economico
Recurrente,Cripto,Desktop,Media,EU,Estandar
Recurrente,Cripto,Desktop,Media,EU,Express
Recurrente,Cripto,Desktop,Media,EU,Pickup
Recurrente,Cripto,Desktop,Media,US,Economico
Recurrente,Cripto,Desktop,Media,US,Estandar
Recurrente,Cripto,Desktop,Media,US,Express
Recurrente,Cripto,Desktop,Media,US,Pickup
Recurrente,Cripto,Desktop,Media,APAC,Economico
Recurrente,Cripto,Desktop,Media,APAC,Estandar
Recurrente,Cripto,Desktop,Media,APAC,Express
Recurrente,Cripto,Desktop,Media,APAC,Pickup
Recurrente,Cripto,Desktop,Lenta,LATAM,Economico
Recurrente,Cripto,Desktop,Lenta,LATAM,Estandar
Recurrente,Cripto,Desktop,Lenta,LATAM,Express
Recurrente,Cripto,Desktop,Lenta,LATAM,Pickup
Recurrente,Cripto,Desktop,Lenta,EU,Economico
Recurrente,Cripto,Desktop,Lenta,EU,Estandar
Recurrente,Cripto,Desktop,Lenta,EU,Express
Recurrente,Cripto,Desktop,Lenta,EU,Pickup
Recurrente,Cripto,Desktop,Lenta,US,Economico
Recurrente,Cripto,Desktop,Lenta,US,Estandar
Recurrente,Cripto,Desktop,Lenta,US,Express
Recurrente,Cripto,Desktop,Lenta,US,Pickup
Recurrente,Cripto,Desktop,Lenta,APAC,Economico
Recurrente,Cripto,Desktop,Lenta,APAC,Estandar
Recurrente,Cripto,Desktop,Lenta,APAC,Express
Recurrente,Cripto,Desktop,Lenta,APAC,Pickup
Recurrente,Cripto,Desktop,Intermitente,LATAM,Economico
Recurrente,Cripto,Desktop,Intermitente,LATAM,Estandar
Recurrente,Cripto,Desktop,Intermitente,LATAM,Express
Recurrente,Cripto,Desktop,Intermitente,LATAM,Pickup
Recurrente,Cripto,Desktop,Intermitente,EU,Economico
Recurrente,Cripto,Desktop,Intermitente,EU,Estandar
Recurrente,Cripto,Desktop,Intermitente,EU,Express
Recurrente,Cripto,Desktop,Intermitente,EU,Pickup
Recurrente,Cripto,Desktop,Intermitente,US,Economico
Recurrente,Cripto,Desktop,Intermitente,US,Estandar
Recurrente,Cripto,Desktop,Intermitente,US,Express
Recurrente,Cripto,Desktop,Intermitente,US,Pickup
Recurrente,Cripto,Desktop,Intermitente,APAC,Economico
Recurrente,Cripto,Desktop,Intermitente,APAC,Estandar
Recurrente,Cripto,Desktop,Intermitente,APAC,Express
Recurrente,Cripto,Desktop,Intermitente,APAC,Pickup
Recurrente,Cripto,Desktop,SinConexion,LATAM,Economico
Recurrente,Cripto,Desktop,SinConexion,LATAM,Estandar
Recurrente,Cripto,Desktop,SinConexion,LATAM,Express
Recurrente,Cripto,Desktop,SinConexion,LATAM,Pickup
Recurrente,Cripto,Desktop,SinConexion,EU,Economico
Recurrente,Cripto,Desktop,SinConexion,EU,Estandar
Recurrente,Cripto,Desktop,SinConexion,EU,Express
Recurrente,Cripto,Desktop,SinConexion,EU,Pickup
Recurrente,Cripto,Desktop,SinConexion,US,Economico
Recurrente,Cripto,Desktop,SinConexion,US,Estandar
Recurrente,Cripto,Desktop,SinConexion,US,Express
Recurrente,Cripto,Desktop,SinConexion,US,Pickup
Recurrente,Cripto,Desktop,SinConexion,APAC,Economico
Recurrente,Cripto,Desktop,SinConexion,APAC,Estandar
Recurrente,Cripto,Desktop,SinConexion,APAC,Express
Recurrente,Cripto,Desktop,SinConexion,APAC,Pickup
Recurrente,Cripto,Tableta,Buena,LATAM,Economico
Recurrente,Cripto,Tableta,Buena,LATAM,Estandar
Recurrente,Cripto,Tableta,Buena,LATAM,Express
Recurrente,Cripto,Tableta,Buena,LATAM,Pickup
Recurrente,Cripto,Tableta,Buena,EU,Economico
Recurrente,Cripto,Tableta,Buena,EU,Estandar
Recurrente,Cripto,Tableta,Buena,EU,Express
Recurrente,Cripto,Tableta,Buena,EU,Pickup
Recurrente,Cripto,Tableta,Buena,US,Economico
Recurrente,Cripto,Tableta,Buena,US,Estandar
Recurrente,Cripto,Tableta,Buena,US,Express
Recurrente,Cripto,Tableta,Buena,US,Pickup
Recurrente,Cripto,Tableta,Buena,APAC,Economico
Recurrente,Cripto,Tableta,Buena,APAC,Estandar
Recurrente,Cripto,Tableta,Buena,APAC,Express
Recurrente,Cripto,Tableta,Buena,APAC,Pickup
Recurrente,Cripto,Tableta,Media,LATAM,Economico
Recurrente,Cripto,Tableta,Media,LATAM,Estandar
Recurrente,Cripto,Tableta,Media,LATAM,Express
Recurrente,Cripto,Tableta,Media,LATAM,Pickup
Recurrente,Cripto,Tableta,Media,EU,Economico
Recurrente,Cripto,Tableta,Media,EU,Estandar
Recurrente,Cripto,Tableta,Media,EU,Express
Recurrente,Cripto,Tableta,Media,EU,Pickup
Recurrente,Cripto,Tableta,Media,US,Economico
Recurrente,Cripto,Tableta,Media,US,Estandar
Recurrente,Cripto,Tableta,Media,US,Express
Recurrente,Cripto,Tableta,Media,US,Pickup
Recurrente,Cripto,Tableta,Media,APAC,Economico
Recurrente,Cripto,Tableta,Media,APAC,Estandar
Recurrente,Cripto,Tableta,Media,APAC,Express
Recurrente,Cripto,Tableta,Media,APAC,Pickup
Recurrente,Cripto,Tableta,Lenta,LATAM,Economico
Recurrente,Cripto,Tableta,Lenta,LATAM,Estandar
Recurrente,Cripto,Tableta,Lenta,LATAM,Express
Recurrente,Cripto,Tableta,Lenta,LATAM,Pickup
Recurrente,Cripto,Tableta,Lenta,EU,Economico
Recurrente,Cripto,Tableta,Lenta,EU,Estandar
Recurrente,Cripto,Tableta,Lenta,EU,Express
Recurrente,Cripto,Tableta,Lenta,EU,Pickup
Recurrente,Cripto,Tableta,Lenta,US,Economico
Recurrente,Cripto,Tableta,Lenta,US,Estandar
Recurrente,Cripto,Tableta,Lenta,US,Express
Recurrente,Cripto,Tableta,Lenta,US,Pickup
Recurrente,Cripto,Tableta,Lenta,APAC,Economico
Recurrente,Cripto,Tableta,Lenta,APAC,Estandar
Recurrente,Cripto,Tableta,Lenta,APAC,Express
Recurrente,Cripto,Tableta,Lenta,APAC,Pickup
Recurrente,Cripto,Tableta,Intermitente,LATAM,Economico
Recurrente,Cripto,Tableta,Intermitente,LATAM,Estandar
Recurrente,Cripto,Tableta,Intermitente,LATAM,Express
Recurrente,Cripto,Tableta,Intermitente,LATAM,Pickup
Recurrente,Cripto,Tableta,Intermitente,EU,Economico
Recurrente,Cripto,Tableta,Intermitente,EU,Estandar
Recurrente,Cripto,Tableta,Intermitente,EU,Express
Recurrente,Cripto,Tableta,Intermitente,EU,Pickup
Recurrente,Cripto,Tableta,Intermitente,US,Economico
Recurrente,Cripto,Tableta,Intermitente,US,Estandar
Recurrente,Cripto,Tableta,Intermitente,US,Express
Recurrente,Cripto,Tableta,Intermitente,US,Pickup
Recurrente,Cripto,Tableta,Intermitente,APAC,Economico
Recurrente,Cripto,Tableta,Intermitente,APAC,Estandar
Recurrente,Cripto,Tableta,Intermitente,APAC,Express
Recurrente,Cripto,Tableta,Intermitente,APAC,Pickup
Recurrente,Cripto,Tableta,SinConexion,LATAM,Economico
Recurrente,Cripto,Tableta,SinConexion,LATAM,Estandar
Recurrente,Cripto,Tableta,SinConexion,LATAM,Express
Recurrente,Cripto,Tableta,SinConexion,LATAM,Pickup
Recurrente,Cripto,Tableta,SinConexion,EU,Economico
Recurrente,Cripto,Tableta,SinConexion,EU,Estandar
Recurrente,Cripto,Tableta,SinConexion,EU,Express
Recurrente,Cripto,Tableta,SinConexion,EU,Pickup
Recurrente,Cripto,Tableta,SinConexion,US,Economico
Recurrente,Cripto,Tableta,SinConexion,US,Estandar
Recurrente,Cripto,Tableta,SinConexion,US,Express
Recurrente,Cripto,Tableta,SinConexion,US,Pickup
Recurrente,Cripto,Tableta,SinConexion,APAC,Economico
Recurrente,Cripto,Tableta,SinConexion,APAC,Estandar
Recurrente,Cripto,Tableta,SinConexion,APAC,Express
Recurrente,Cripto,Tableta,SinConexion,APAC,Pickup
Recurrente,Cripto,SmartTV,Buena,LATAM,Economico
Recurrente,Cripto,SmartTV,Buena,LATAM,Estandar
Recurrente,Cripto,SmartTV,Buena,LATAM,Express
Recurrente,Cripto,SmartTV,Buena,LATAM,Pickup
Recurrente,Cripto,SmartTV,Buena,EU,Economico
Recurrente,Cripto,SmartTV,Buena,EU,Estandar
Recurrente,Cripto,SmartTV,Buena,EU,Express
Recurrente,Cripto,SmartTV,Buena,EU,Pickup
Recurrente,Cripto,SmartTV,Buena,US,Economico
Recurrente,Cripto,SmartTV,Buena,US,Estandar
Recurrente,Cripto,SmartTV,Buena,US,Express
Recurrente,Cripto,SmartTV,Buena,US,Pickup
Recurrente,Cripto,SmartTV,Buena,APAC,Economico
Recurrente,Cripto,SmartTV,Buena,APAC,Estandar
Recurrente,Cripto,SmartTV,Buena,APAC,Express
Recurrente,Cripto,SmartTV,Buena,APAC,Pickup
Recurrente,Cripto,SmartTV,Media,LATAM,Economico
Recurrente,Cripto,SmartTV,Media,LATAM,Estandar
Recurrente,Cripto,SmartTV,Media,LATAM,Express
Recurrente,Cripto,SmartTV,Media,LATAM,Pickup
Recurrente,Cripto,SmartTV,Media,EU,Economico
Recurrente,Cripto,SmartTV,Media,EU,Estandar
Recurrente,Cripto,SmartTV,Media,EU,Express
Recurrente,Cripto,SmartTV,Media,EU,Pickup
Recurrente,Cripto,SmartTV,Media,US,Economico
Recurrente,Cripto,SmartTV,Media,US,Estandar
Recurrente,Cripto,SmartTV,Media,US,Express
Recurrente,Cripto,SmartTV,Media,US,Pickup
Recurrente,Cripto,SmartTV,Media,APAC,Economico
Recurrente,Cripto,SmartTV,Media,APAC,Estandar
Recurrente,Cripto,SmartTV,Media,APAC,Express
Recurrente,Cripto,SmartTV,Media,APAC,Pickup
Recurrente,Cripto,SmartTV,Lenta,LATAM,Economico
Recurrente,Cripto,SmartTV,Lenta,LATAM,Estandar
Recurrente,Cripto,SmartTV,Lenta,LATAM,Express
Recurrente,Cripto,SmartTV,Lenta,LATAM,Pickup
Recurrente,Cripto,SmartTV,Lenta,EU,Economico
Recurrente,Cripto,SmartTV,Lenta,EU,Estandar
Recurrente,Cripto,SmartTV,Lenta,EU,Express
Recurrente,Cripto,SmartTV,Lenta,EU,Pickup
Recurrente,Cripto,SmartTV,Lenta,US,Economico
Recurrente,Cripto,SmartTV,Lenta,US,Estandar
Recurrente,Cripto,SmartTV,Lenta,US,Express
Recurrente,Cripto,SmartTV,Lenta,US,Pickup
Recurrente,Cripto,SmartTV,Lenta,APAC,Economico
Recurrente,Cripto,SmartTV,Lenta,APAC,Estandar
Recurrente,Cripto,SmartTV,Lenta,APAC,Express
Recurrente,Cripto,SmartTV,Lenta,APAC,Pickup
Recurrente,Cripto,SmartTV,Intermitente,LATAM,Economico
Recurrente,Cripto,SmartTV,Intermitente,LATAM,Estandar
Recurrente,Cripto,SmartTV,Intermitente,LATAM,Express
Recurrente,Cripto,SmartTV,Intermitente,LATAM,Pickup
Recurrente,Cripto,SmartTV,Intermitente,EU,Economico
Recurrente,Cripto,SmartTV,Intermitente,EU,Estandar
Recurrente,Cripto,SmartTV,Intermitente,EU,Express
Recurrente,Cripto,SmartTV,Intermitente,EU,Pickup
Recurrente,Cripto,SmartTV,Intermitente,US,Economico
Recurrente,Cripto,SmartTV,Intermitente,US,Estandar
Recurrente,Cripto,SmartTV,Intermitente,US,Express
Recurrente,Cripto,SmartTV,Intermitente,US,Pickup
Recurrente,Cripto,SmartTV,Intermitente,APAC,Economico
Recurrente,Cripto,SmartTV,Intermitente,APAC,Estandar
Recurrente,Cripto,SmartTV,Intermitente,APAC,Express
Recurrente,Cripto,SmartTV,Intermitente,APAC,Pickup
Recurrente,Cripto,SmartTV,SinConexion,LATAM,Economico
Recurrente,Cripto,SmartTV,SinConexion,LATAM,Estandar
Recurrente,Cripto,SmartTV,SinConexion,LATAM,Express
Recurrente,Cripto,SmartTV,SinConexion,LATAM,Pickup
Recurrente,Cripto,SmartTV,SinConexion,EU,Economico
Recurrente,Cripto,SmartTV,SinConexion,EU,Estandar
Recurrente,Cripto,SmartTV,SinConexion,EU,Express
Recurrente,Cripto,SmartTV,SinConexion,EU,Pickup
Recurrente,Cripto,SmartTV,SinConexion,US,Economico
Recurrente,Cripto,SmartTV,SinConexion,US,Estandar
Recurrente,Cripto,SmartTV,SinConexion,US,Express
Recurrente,Cripto,SmartTV,SinConexion,US,Pickup
Recurrente,Cripto,SmartTV,SinConexion,APAC,Economico
Recurrente,Cripto,SmartTV,SinConexion,APAC,Estandar
Recurrente,Cripto,SmartTV,SinConexion,APAC,Express
Recurrente,Cripto,SmartTV,SinConexion,APAC,Pickup
Recurrente,Cripto,Consola,Buena,LATAM,Economico
Recurrente,Cripto,Consola,Buena,LATAM,Estandar
Recurrente,Cripto,Consola,Buena,LATAM,Express
Recurrente,Cripto,Consola,Buena,LATAM,Pickup
Recurrente,Cripto,Consola,Buena,EU,Economico
Recurrente,Cripto,Consola,Buena,EU,Estandar
Recurrente,Cripto,Consola,Buena,EU,Express
Recurrente,Cripto,Consola,Buena,EU,Pickup
Recurrente,Cripto,Consola,Buena,US,Economico
Recurrente,Cripto,Consola,Buena,US,Estandar
Recurrente,Cripto,Consola,Buena,US,Express
Recurrente,Cripto,Consola,Buena,US,Pickup
Recurrente,Cripto,Consola,Buena,APAC,Economico
Recurrente,Cripto,Consola,Buena,APAC,Estandar
Recurrente,Cripto,Consola,Buena,APAC,Express
Recurrente,Cripto,Consola,Buena,APAC,Pickup
Recurrente,Cripto,Consola,Media,LATAM,Economico
Recurrente,Cripto,Consola,Media,LATAM,Estandar
Recurrente,Cripto,Consola,Media,LATAM,Express
Recurrente,Cripto,Consola,Media,LATAM,Pickup
Recurrente,Cripto,Consola,Media,EU,Economico
Recurrente,Cripto,Consola,Media,EU,Estandar
Recurrente,Cripto,Consola,Media,EU,Express
Recurrente,Cripto,Consola,Media,EU,Pickup
Recurrente,Cripto,Consola,Media,US,Economico
Recurrente,Cripto,Consola,Media,US,Estandar
Recurrente,Cripto,Consola,Media,US,Express
Recurrente,Cripto,Consola,Media,US,Pickup
Recurrente,Cripto,Consola,Media,APAC,Economico
Recurrente,Cripto,Consola,Media,APAC,Estandar
Recurrente,Cripto,Consola,Media,APAC,Express
Recurrente,Cripto,Consola,Media,APAC,Pickup
Recurrente,Cripto,Consola,Lenta,LATAM,Economico
Recurrente,Cripto,Consola,Lenta,LATAM,Estandar
Recurrente,Cripto,Consola,Lenta,LATAM,Express
Recurrente,Cripto,Consola,Lenta,LATAM,Pickup
Recurrente,Cripto,Consola,Lenta,EU,Economico
Recurrente,Cripto,Consola,Lenta,EU,Estandar
Recurrente,Cripto,Consola,Lenta,EU,Express
Recurrente,Cripto,Consola,Lenta,EU,Pickup
Recurrente,Cripto,Consola,Lenta,US,Economico
Recurrente,Cripto,Consola,Lenta,US,Estandar
Recurrente,Cripto,Consola,Lenta,US,Express
Recurrente,Cripto,Consola,Lenta,US,Pickup
Recurrente,Cripto,Consola,Lenta,APAC,Economico
Recurrente,Cripto,Consola,Lenta,APAC,Estandar
Recurrente,Cripto,Consola,Lenta,APAC,Express
Recurrente,Cripto,Consola,Lenta,APAC,Pickup
Recurrente,Cripto,Consola,Intermitente,LATAM,Economico
Recurrente,Cripto,Consola,Intermitente,LATAM,Estandar
Recurrente,Cripto,Consola,Intermitente,LATAM,Express
Recurrente,Cripto,Consola,Intermitente,LATAM,Pickup
Recurrente,Cripto,Consola,Intermitente,EU,Economico
Recurrente,Cripto,Consola,Intermitente,EU,Estandar
Recurrente,Cripto,Consola,Intermitente,EU,Express
Recurrente,Cripto,Consola,Intermitente,EU,Pickup
Recurrente,Cripto,Consola,Intermitente,US,Economico
Recurrente,Cripto,Consola,Intermitente,US,Estandar
Recurrente,Cripto,Consola,Intermitente,US,Express
Recurrente,Cripto,Consola,Intermitente,US,Pickup
Recurrente,Cripto,Consola,Intermitente,APAC,Economico
Recurrente,Cripto,Consola,Intermitente,APAC,Estandar
Recurrente,Cripto,Consola,Intermitente,APAC,Express
Recurrente,Cripto,Consola,Intermitente,APAC,Pickup
Recurrente,Cripto,Consola,SinConexion,LATAM,Economico
Recurrente,Cripto,Consola,SinConexion,LATAM,Estandar
Recurrente,Cripto,Consola,SinConexion,LATAM,Express
Recurrente,Cripto,Consola,SinConexion,LATAM,Pickup
Recurrente,Cripto,Consola,SinConexion,EU,Economico
Recurrente,Cripto,Consola,SinConexion,EU,Estandar
Recurrente,Cripto,Consola,SinConexion,EU,Express
Recurrente,Cripto,Consola,SinConexion,EU,Pickup
Recurrente,Cripto,Consola,SinConexion,US,Economico
Recurrente,Cripto,Consola,SinConexion,US,Estandar
Recurrente,Cripto,Consola,SinConexion,US,Express
Recurrente,Cripto,Consola,SinConexion,US,Pickup
Recurrente,Cripto,Consola,SinConexion,APAC,Economico
Recurrente,Cripto,Consola,SinConexion,APAC,Estandar
Recurrente,Cripto,Consola,SinConexion,APAC,Express
Recurrente,Cripto,Consola,SinConexion,APAC,Pickup
Invitado,Tarjeta,Movil,Buena,LATAM,Economico
Invitado,Tarjeta,Movil,Buena,LATAM,Estandar
Invitado,Tarjeta,Movil,Buena,LATAM,Express
Invitado,Tarjeta,Movil,Buena,LATAM,Pickup
Invitado,Tarjeta,Movil,Buena,EU,Economico
Invitado,Tarjeta,Movil,Buena,EU,Estandar
Invitado,Tarjeta,Movil,Buena,EU,Express
Invitado,Tarjeta,Movil,Buena,EU,Pickup
Invitado,Tarjeta,Movil,Buena,US,Economico
Invitado,Tarjeta,Movil,Buena,US,Estandar
Invitado,Tarjeta,Movil,Buena,US,Express
Invitado,Tarjeta,Movil,Buena,US,Pickup
Invitado,Tarjeta,Movil,Buena,APAC,Economico
Invitado,Tarjeta,Movil,Buena,APAC,Estandar
Invitado,Tarjeta,Movil,Buena,APAC,Express
Invitado,Tarjeta,Movil,Buena,APAC,Pickup
Invitado,Tarjeta,Movil,Media,LATAM,Economico
Invitado,Tarjeta,Movil,Media,LATAM,Estandar
Invitado,Tarjeta,Movil,Media,LATAM,Express
Invitado,Tarjeta,Movil,Media,LATAM,Pickup
Invitado,Tarjeta,Movil,Media,EU,Economico
Invitado,Tarjeta,Movil,Media,EU,Estandar
Invitado,Tarjeta,Movil,Media,EU,Express
Invitado,Tarjeta,Movil,Media,EU,Pickup
Invitado,Tarjeta,Movil,Media,US,Economico
Invitado,Tarjeta,Movil,Media,US,Estandar
Invitado,Tarjeta,Movil,Media,US,Express
Invitado,Tarjeta,Movil,Media,US,Pickup
Invitado,Tarjeta,Movil,Media,APAC,Economico
Invitado,Tarjeta,Movil,Media,APAC,Estandar
Invitado,Tarjeta,Movil,Media,APAC,Express
Invitado,Tarjeta,Movil,Media,APAC,Pickup
Invitado,Tarjeta,Movil,Lenta,LATAM,Economico
Invitado,Tarjeta,Movil,Lenta,LATAM,Estandar
Invitado,Tarjeta,Movil,Lenta,LATAM,Express
Invitado,Tarjeta,Movil,Lenta,LATAM,Pickup
Invitado,Tarjeta,Movil,Lenta,EU,Economico
Invitado,Tarjeta,Movil,Lenta,EU,Estandar
Invitado,Tarjeta,Movil,Lenta,EU,Express
Invitado,Tarjeta,Movil,Lenta,EU,Pickup
Invitado,Tarjeta,Movil,Lenta,US,Economico
Invitado,Tarjeta,Movil,Lenta,US,Estandar
Invitado,Tarjeta,Movil,Lenta,US,Express
Invitado,Tarjeta,Movil,Lenta,US,Pickup
Invitado,Tarjeta,Movil,Lenta,APAC,Economico
Invitado,Tarjeta,Movil,Lenta,APAC,Estandar
Invitado,Tarjeta,Movil,Lenta,APAC,Express
Invitado,Tarjeta,Movil,Lenta,APAC,Pickup
Invitado,Tarjeta,Movil,Intermitente,LATAM,Economico
Invitado,Tarjeta,Movil,Intermitente,LATAM,Estandar
Invitado,Tarjeta,Movil,Intermitente,LATAM,Express
Invitado,Tarjeta,Movil,Intermitente,LATAM,Pickup
Invitado,Tarjeta,Movil,Intermitente,EU,Economico
Invitado,Tarjeta,Movil,Intermitente,EU,Estandar
Invitado,Tarjeta,Movil,Intermitente,EU,Express
Invitado,Tarjeta,Movil,Intermitente,EU,Pickup
Invitado,Tarjeta,Movil,Intermitente,US,Economico
Invitado,Tarjeta,Movil,Intermitente,US,Estandar
Invitado,Tarjeta,Movil,Intermitente,US,Express
Invitado,Tarjeta,Movil,Intermitente,US,Pickup
Invitado,Tarjeta,Movil,Intermitente,APAC,Economico
Invitado,Tarjeta,Movil,Intermitente,APAC,Estandar
Invitado,Tarjeta,Movil,Intermitente,APAC,Express
Invitado,Tarjeta,Movil,Intermitente,APAC,Pickup
Invitado,Tarjeta,Movil,SinConexion,LATAM,Economico
Invitado,Tarjeta,Movil,SinConexion,LATAM,Estandar
Invitado,Tarjeta,Movil,SinConexion,LATAM,Express
Invitado,Tarjeta,Movil,SinConexion,LATAM,Pickup
Invitado,Tarjeta,Movil,SinConexion,EU,Economico
Invitado,Tarjeta,Movil,SinConexion,EU,Estandar
Invitado,Tarjeta,Movil,SinConexion,EU,Express
Invitado,Tarjeta,Movil,SinConexion,EU,Pickup
Invitado,Tarjeta,Movil,SinConexion,US,Economico
Invitado,Tarjeta,Movil,SinConexion,US,Estandar
Invitado,Tarjeta,Movil,SinConexion,US,Express
Invitado,Tarjeta,Movil,SinConexion,US,Pickup
Invitado,Tarjeta,Movil,SinConexion,APAC,Economico
Invitado,Tarjeta,Movil,SinConexion,APAC,Estandar
Invitado,Tarjeta,Movil,SinConexion,APAC,Express
Invitado,Tarjeta,Movil,SinConexion,APAC,Pickup
Invitado,Tarjeta,Desktop,Buena,LATAM,Economico
Invitado,Tarjeta,Desktop,Buena,LATAM,Estandar
Invitado,Tarjeta,Desktop,Buena,LATAM,Express
Invitado,Tarjeta,Desktop,Buena,LATAM,Pickup
Invitado,Tarjeta,Desktop,Buena,EU,Economico
Invitado,Tarjeta,Desktop,Buena,EU,Estandar
Invitado,Tarjeta,Desktop,Buena,EU,Express
Invitado,Tarjeta,Desktop,Buena,EU,Pickup
Invitado,Tarjeta,Desktop,Buena,US,Economico
Invitado,Tarjeta,Desktop,Buena,US,Estandar
Invitado,Tarjeta,Desktop,Buena,US,Express
Invitado,Tarjeta,Desktop,Buena,US,Pickup
Invitado,Tarjeta,Desktop,Buena,APAC,Economico
Invitado,Tarjeta,Desktop,Buena,APAC,Estandar
Invitado,Tarjeta,Desktop,Buena,APAC,Express
Invitado,Tarjeta,Desktop,Buena,APAC,Pickup
Invitado,Tarjeta,Desktop,Media,LATAM,Economico
Invitado,Tarjeta,Desktop,Media,LATAM,Estandar
Invitado,Tarjeta,Desktop,Media,LATAM,Express
Invitado,Tarjeta,Desktop,Media,LATAM,Pickup
Invitado,Tarjeta,Desktop,Media,EU,Economico
Invitado,Tarjeta,Desktop,Media,EU,Estandar
Invitado,Tarjeta,Desktop,Media,EU,Express
Invitado,Tarjeta,Desktop,Media,EU,Pickup
Invitado,Tarjeta,Desktop,Media,US,Economico
Invitado,Tarjeta,Desktop,Media,US,Estandar
Invitado,Tarjeta,Desktop,Media,US,Express
Invitado,Tarjeta,Desktop,Media,US,Pickup
Invitado,Tarjeta,Desktop,Media,APAC,Economico
Invitado,Tarjeta,Desktop,Media,APAC,Estandar
Invitado,Tarjeta,Desktop,Media,APAC,Express
Invitado,Tarjeta,Desktop,Media,APAC,Pickup
Invitado,Tarjeta,Desktop,Lenta,LATAM,Economico
Invitado,Tarjeta,Desktop,Lenta,LATAM,Estandar
Invitado,Tarjeta,Desktop,Lenta,LATAM,Express
Invitado,Tarjeta,Desktop,Lenta,LATAM,Pickup
Invitado,Tarjeta,Desktop,Lenta,EU,Economico
Invitado,Tarjeta,Desktop,Lenta,EU,Estandar
Invitado,Tarjeta,Desktop,Lenta,EU,Express
Invitado,Tarjeta,Desktop,Lenta,EU,Pickup
Invitado,Tarjeta,Desktop,Lenta,US,Economico
Invitado,Tarjeta,Desktop,Lenta,US,Estandar
Invitado,Tarjeta,Desktop,Lenta,US,Express
Invitado,Tarjeta,Desktop,Lenta,US,Pickup
Invitado,Tarjeta,Desktop,Lenta,APAC,Economico
Invitado,Tarjeta,Desktop,Lenta,APAC,Estandar
Invitado,Tarjeta,Desktop,Lenta,APAC,Express
Invitado,Tarjeta,Desktop,Lenta,APAC,Pickup
Invitado,Tarjeta,Desktop,Intermitente,LATAM,Economico
Invitado,Tarjeta,Desktop,Intermitente,LATAM,Estandar
Invitado,Tarjeta,Desktop,Intermitente,LATAM,Express
Invitado,Tarjeta,Desktop,Intermitente,LATAM,Pickup
Invitado,Tarjeta,Desktop,Intermitente,EU,Economico
Invitado,Tarjeta,Desktop,Intermitente,EU,Estandar
Invitado,Tarjeta,Desktop,Intermitente,EU,Express
Invitado,Tarjeta,Desktop,Intermitente,EU,Pickup
Invitado,Tarjeta,Desktop,Intermitente,US,Economico
Invitado,Tarjeta,Desktop,Intermitente,US,Estandar
Invitado,Tarjeta,Desktop,Intermitente,US,Express
Invitado,Tarjeta,Desktop,Intermitente,US,Pickup
Invitado,Tarjeta,Desktop,Intermitente,APAC,Economico
Invitado,Tarjeta,Desktop,Intermitente,APAC,Estandar
Invitado,Tarjeta,Desktop,Intermitente,APAC,Express
Invitado,Tarjeta,Desktop,Intermitente,APAC,Pickup
Invitado,Tarjeta,Desktop,SinConexion,LATAM,Economico
Invitado,Tarjeta,Desktop,SinConexion,LATAM,Estandar
Invitado,Tarjeta,Desktop,SinConexion,LATAM,Express
Invitado,Tarjeta,Desktop,SinConexion,LATAM,Pickup
Invitado,Tarjeta,Desktop,SinConexion,EU,Economico
Invitado,Tarjeta,Desktop,SinConexion,EU,Estandar
Invitado,Tarjeta,Desktop,SinConexion,EU,Express
Invitado,Tarjeta,Desktop,SinConexion,EU,Pickup
Invitado,Tarjeta,Desktop,SinConexion,US,Economico
Invitado,Tarjeta,Desktop,SinConexion,US,Estandar
Invitado,Tarjeta,Desktop,SinConexion,US,Express
Invitado,Tarjeta,Desktop,SinConexion,US,Pickup
Invitado,Tarjeta,Desktop,SinConexion,APAC,Economico
Invitado,Tarjeta,Desktop,SinConexion,APAC,Estandar
Invitado,Tarjeta,Desktop,SinConexion,APAC,Express
Invitado,Tarjeta,Desktop,SinConexion,APAC,Pickup
Invitado,Tarjeta,Tableta,Buena,LATAM,Economico
Invitado,Tarjeta,Tableta,Buena,LATAM,Estandar
Invitado,Tarjeta,Tableta,Buena,LATAM,Express
Invitado,Tarjeta,Tableta,Buena,LATAM,Pickup
Invitado,Tarjeta,Tableta,Buena,EU,Economico
Invitado,Tarjeta,Tableta,Buena,EU,Estandar
Invitado,Tarjeta,Tableta,Buena,EU,Express
Invitado,Tarjeta,Tableta,Buena,EU,Pickup
Invitado,Tarjeta,Tableta,Buena,US,Economico
Invitado,Tarjeta,Tableta,Buena,US,Estandar
Invitado,Tarjeta,Tableta,Buena,US,Express
Invitado,Tarjeta,Tableta,Buena,US,Pickup
Invitado,Tarjeta,Tableta,Buena,APAC,Economico
Invitado,Tarjeta,Tableta,Buena,APAC,Estandar
Invitado,Tarjeta,Tableta,Buena,APAC,Express
Invitado,Tarjeta,Tableta,Buena,APAC,Pickup
Invitado,Tarjeta,Tableta,Media,LATAM,Economico
Invitado,Tarjeta,Tableta,Media,LATAM,Estandar
Invitado,Tarjeta,Tableta,Media,LATAM,Express
Invitado,Tarjeta,Tableta,Media,LATAM,Pickup
Invitado,Tarjeta,Tableta,Media,EU,Economico
Invitado,Tarjeta,Tableta,Media,EU,Estandar
Invitado,Tarjeta,Tableta,Media,EU,Express
Invitado,Tarjeta,Tableta,Media,EU,Pickup
Invitado,Tarjeta,Tableta,Media,US,Economico
Invitado,Tarjeta,Tableta,Media,US,Estandar
Invitado,Tarjeta,Tableta,Media,US,Express
Invitado,Tarjeta,Tableta,Media,US,Pickup
Invitado,Tarjeta,Tableta,Media,APAC,Economico
Invitado,Tarjeta,Tableta,Media,APAC,Estandar
Invitado,Tarjeta,Tableta,Media,APAC,Express
Invitado,Tarjeta,Tableta,Media,APAC,Pickup
Invitado,Tarjeta,Tableta,Lenta,LATAM,Economico
Invitado,Tarjeta,Tableta,Lenta,LATAM,Estandar
Invitado,Tarjeta,Tableta,Lenta,LATAM,Express
Invitado,Tarjeta,Tableta,Lenta,LATAM,Pickup
Invitado,Tarjeta,Tableta,Lenta,EU,Economico
Invitado,Tarjeta,Tableta,Lenta,EU,Estandar
Invitado,Tarjeta,Tableta,Lenta,EU,Express
Invitado,Tarjeta,Tableta,Lenta,EU,Pickup
Invitado,Tarjeta,Tableta,Lenta,US,Economico
Invitado,Tarjeta,Tableta,Lenta,US,Estandar
Invitado,Tarjeta,Tableta,Lenta,US,Express
Invitado,Tarjeta,Tableta,Lenta,US,Pickup
Invitado,Tarjeta,Tableta,Lenta,APAC,Economico
Invitado,Tarjeta,Tableta,Lenta,APAC,Estandar
Invitado,Tarjeta,Tableta,Lenta,APAC,Express
Invitado,Tarjeta,Tableta,Lenta,APAC,Pickup
Invitado,Tarjeta,Tableta,Intermitente,LATAM,Economico
Invitado,Tarjeta,Tableta,Intermitente,LATAM,Estandar
Invitado,Tarjeta,Tableta,Intermitente,LATAM,Express
Invitado,Tarjeta,Tableta,Intermitente,LATAM,Pickup
Invitado,Tarjeta,Tableta,Intermitente,EU,Economico
Invitado,Tarjeta,Tableta,Intermitente,EU,Estandar
Invitado,Tarjeta,Tableta,Intermitente,EU,Express
Invitado,Tarjeta,Tableta,Intermitente,EU,Pickup
Invitado,Tarjeta,Tableta,Intermitente,US,Economico
Invitado,Tarjeta,Tableta,Intermitente,US,Estandar
Invitado,Tarjeta,Tableta,Intermitente,US,Express
Invitado,Tarjeta,Tableta,Intermitente,US,Pickup
Invitado,Tarjeta,Tableta,Intermitente,APAC,Economico
Invitado,Tarjeta,Tableta,Intermitente,APAC,Estandar
Invitado,Tarjeta,Tableta,Intermitente,APAC,Express
Invitado,Tarjeta,Tableta,Intermitente,APAC,Pickup
Invitado,Tarjeta,Tableta,SinConexion,LATAM,Economico
Invitado,Tarjeta,Tableta,SinConexion,LATAM,Estandar
Invitado,Tarjeta,Tableta,SinConexion,LATAM,Express
Invitado,Tarjeta,Tableta,SinConexion,LATAM,Pickup
Invitado,Tarjeta,Tableta,SinConexion,EU,Economico
Invitado,Tarjeta,Tableta,SinConexion,EU,Estandar
Invitado,Tarjeta,Tableta,SinConexion,EU,Express
Invitado,Tarjeta,Tableta,SinConexion,EU,Pickup
Invitado,Tarjeta,Tableta,SinConexion,US,Economico
Invitado,Tarjeta,Tableta,SinConexion,US,Estandar
Invitado,Tarjeta,Tableta,SinConexion,US,Express
Invitado,Tarjeta,Tableta,SinConexion,US,Pickup
Invitado,Tarjeta,Tableta,SinConexion,APAC,Economico
Invitado,Tarjeta,Tableta,SinConexion,APAC,Estandar
Invitado,Tarjeta,Tableta,SinConexion,APAC,Express
Invitado,Tarjeta,Tableta,SinConexion,APAC,Pickup
Invitado,Tarjeta,SmartTV,Buena,LATAM,Economico
Invitado,Tarjeta,SmartTV,Buena,LATAM,Estandar
Invitado,Tarjeta,SmartTV,Buena,LATAM,Express
Invitado,Tarjeta,SmartTV,Buena,LATAM,Pickup
Invitado,Tarjeta,SmartTV,Buena,EU,Economico
Invitado,Tarjeta,SmartTV,Buena,EU,Estandar
Invitado,Tarjeta,SmartTV,Buena,EU,Express
Invitado,Tarjeta,SmartTV,Buena,EU,Pickup
Invitado,Tarjeta,SmartTV,Buena,US,Economico
Invitado,Tarjeta,SmartTV,Buena,US,Estandar
Invitado,Tarjeta,SmartTV,Buena,US,Express
Invitado,Tarjeta,SmartTV,Buena,US,Pickup
Invitado,Tarjeta,SmartTV,Buena,APAC,Economico
Invitado,Tarjeta,SmartTV,Buena,APAC,Estandar
Invitado,Tarjeta,SmartTV,Buena,APAC,Express
Invitado,Tarjeta,SmartTV,Buena,APAC,Pickup
Invitado,Tarjeta,SmartTV,Media,LATAM,Economico
Invitado,Tarjeta,SmartTV,Media,LATAM,Estandar
Invitado,Tarjeta,SmartTV,Media,LATAM,Express
Invitado,Tarjeta,SmartTV,Media,LATAM,Pickup
Invitado,Tarjeta,SmartTV,Media,EU,Economico
Invitado,Tarjeta,SmartTV,Media,EU,Estandar
Invitado,Tarjeta,SmartTV,Media,EU,Express
Invitado,Tarjeta,SmartTV,Media,EU,Pickup
Invitado,Tarjeta,SmartTV,Media,US,Economico
Invitado,Tarjeta,SmartTV,Media,US,Estandar
Invitado,Tarjeta,SmartTV,Media,US,Express
Invitado,Tarjeta,SmartTV,Media,US,Pickup
Invitado,Tarjeta,SmartTV,Media,APAC,Economico
Invitado,Tarjeta,SmartTV,Media,APAC,Estandar
Invitado,Tarjeta,SmartTV,Media,APAC,Express
Invitado,Tarjeta,SmartTV,Media,APAC,Pickup
Invitado,Tarjeta,SmartTV,Lenta,LATAM,Economico
Invitado,Tarjeta,SmartTV,Lenta,LATAM,Estandar
Invitado,Tarjeta,SmartTV,Lenta,LATAM,Express
Invitado,Tarjeta,SmartTV,Lenta,LATAM,Pickup
Invitado,Tarjeta,SmartTV,Lenta,EU,Economico
Invitado,Tarjeta,SmartTV,Lenta,EU,Estandar
Invitado,Tarjeta,SmartTV,Lenta,EU,Express
Invitado,Tarjeta,SmartTV,Lenta,EU,Pickup
Invitado,Tarjeta,SmartTV,Lenta,US,Economico
Invitado,Tarjeta,SmartTV,Lenta,US,Estandar
Invitado,Tarjeta,SmartTV,Lenta,US,Express
Invitado,Tarjeta,SmartTV,Lenta,US,Pickup
Invitado,Tarjeta,SmartTV,Lenta,APAC,Economico
Invitado,Tarjeta,SmartTV,Lenta,APAC,Estandar
Invitado,Tarjeta,SmartTV,Lenta,APAC,Express
Invitado,Tarjeta,SmartTV,Lenta,APAC,Pickup
Invitado,Tarjeta,SmartTV,Intermitente,LATAM,Economico
Invitado,Tarjeta,SmartTV,Intermitente,LATAM,Estandar
Invitado,Tarjeta,SmartTV,Intermitente,LATAM,Express
Invitado,Tarjeta,SmartTV,Intermitente,LATAM,Pickup
Invitado,Tarjeta,SmartTV,Intermitente,EU,Economico
Invitado,Tarjeta,SmartTV,Intermitente,EU,Estandar
Invitado,Tarjeta,SmartTV,Intermitente,EU,Express
Invitado,Tarjeta,SmartTV,Intermitente,EU,Pickup
Invitado,Tarjeta,SmartTV,Intermitente,US,Economico
Invitado,Tarjeta,SmartTV,Intermitente,US,Estandar
Invitado,Tarjeta,SmartTV,Intermitente,US,Express
Invitado,Tarjeta,SmartTV,Intermitente,US,Pickup
Invitado,Tarjeta,SmartTV,Intermitente,APAC,Economico
Invitado,Tarjeta,SmartTV,Intermitente,APAC,Estandar
Invitado,Tarjeta,SmartTV,Intermitente,APAC,Express
Invitado,Tarjeta,SmartTV,Intermitente,APAC,Pickup
Invitado,Tarjeta,SmartTV,SinConexion,LATAM,Economico
Invitado,Tarjeta,SmartTV,SinConexion,LATAM,Estandar
Invitado,Tarjeta,SmartTV,SinConexion,LATAM,Express
Invitado,Tarjeta,SmartTV,SinConexion,LATAM,Pickup
Invitado,Tarjeta,SmartTV,SinConexion,EU,Economico
Invitado,Tarjeta,SmartTV,SinConexion,EU,Estandar
Invitado,Tarjeta,SmartTV,SinConexion,EU,Express
Invitado,Tarjeta,SmartTV,SinConexion,EU,Pickup
Invitado,Tarjeta,SmartTV,SinConexion,US,Economico
Invitado,Tarjeta,SmartTV,SinConexion,US,Estandar
Invitado,Tarjeta,SmartTV,SinConexion,US,Express
Invitado,Tarjeta,SmartTV,SinConexion,US,Pickup
Invitado,Tarjeta,SmartTV,SinConexion,APAC,Economico
Invitado,Tarjeta,SmartTV,SinConexion,APAC,Estandar
Invitado,Tarjeta,SmartTV,SinConexion,APAC,Express
Invitado,Tarjeta,SmartTV,SinConexion,APAC,Pickup
Invitado,Tarjeta,Consola,Buena,LATAM,Economico
Invitado,Tarjeta,Consola,Buena,LATAM,Estandar
Invitado,Tarjeta,Consola,Buena,LATAM,Express
Invitado,Tarjeta,Consola,Buena,LATAM,Pickup
Invitado,Tarjeta,Consola,Buena,EU,Economico
Invitado,Tarjeta,Consola,Buena,EU,Estandar
Invitado,Tarjeta,Consola,Buena,EU,Express
Invitado,Tarjeta,Consola,Buena,EU,Pickup
Invitado,Tarjeta,Consola,Buena,US,Economico
Invitado,Tarjeta,Consola,Buena,US,Estandar
Invitado,Tarjeta,Consola,Buena,US,Express
Invitado,Tarjeta,Consola,Buena,US,Pickup
Invitado,Tarjeta,Consola,Buena,APAC,Economico
Invitado,Tarjeta,Consola,Buena,APAC,Estandar
Invitado,Tarjeta,Consola,Buena,APAC,Express
Invitado,Tarjeta,Consola,Buena,APAC,Pickup
Invitado,Tarjeta,Consola,Media,LATAM,Economico
Invitado,Tarjeta,Consola,Media,LATAM,Estandar
Invitado,Tarjeta,Consola,Media,LATAM,Express
Invitado,Tarjeta,Consola,Media,LATAM,Pickup
Invitado,Tarjeta,Consola,Media,EU,Economico
Invitado,Tarjeta,Consola,Media,EU,Estandar
Invitado,Tarjeta,Consola,Media,EU,Express
Invitado,Tarjeta,Consola,Media,EU,Pickup
Invitado,Tarjeta,Consola,Media,US,Economico
Invitado,Tarjeta,Consola,Media,US,Estandar
Invitado,Tarjeta,Consola,Media,US,Express
Invitado,Tarjeta,Consola,Media,US,Pickup
Invitado,Tarjeta,Consola,Media,APAC,Economico
Invitado,Tarjeta,Consola,Media,APAC,Estandar
Invitado,Tarjeta,Consola,Media,APAC,Express
Invitado,Tarjeta,Consola,Media,APAC,Pickup
Invitado,Tarjeta,Consola,Lenta,LATAM,Economico
Invitado,Tarjeta,Consola,Lenta,LATAM,Estandar
Invitado,Tarjeta,Consola,Lenta,LATAM,Express
Invitado,Tarjeta,Consola,Lenta,LATAM,Pickup
Invitado,Tarjeta,Consola,Lenta,EU,Economico
Invitado,Tarjeta,Consola,Lenta,EU,Estandar
Invitado,Tarjeta,Consola,Lenta,EU,Express
Invitado,Tarjeta,Consola,Lenta,EU,Pickup
Invitado,Tarjeta,Consola,Lenta,US,Economico
Invitado,Tarjeta,Consola,Lenta,US,Estandar
Invitado,Tarjeta,Consola,Lenta,US,Express
Invitado,Tarjeta,Consola,Lenta,US,Pickup
Invitado,Tarjeta,Consola,Lenta,APAC,Economico
Invitado,Tarjeta,Consola,Lenta,APAC,Estandar
Invitado,Tarjeta,Consola,Lenta,APAC,Express
Invitado,Tarjeta,Consola,Lenta,APAC,Pickup
Invitado,Tarjeta,Consola,Intermitente,LATAM,Economico
Invitado,Tarjeta,Consola,Intermitente,LATAM,Estandar
Invitado,Tarjeta,Consola,Intermitente,LATAM,Express
Invitado,Tarjeta,Consola,Intermitente,LATAM,Pickup
Invitado,Tarjeta,Consola,Intermitente,EU,Economico
Invitado,Tarjeta,Consola,Intermitente,EU,Estandar
Invitado,Tarjeta,Consola,Intermitente,EU,Express
Invitado,Tarjeta,Consola,Intermitente,EU,Pickup
Invitado,Tarjeta,Consola,Intermitente,US,Economico
Invitado,Tarjeta,Consola,Intermitente,US,Estandar
Invitado,Tarjeta,Consola,Intermitente,US,Express
Invitado,Tarjeta,Consola,Intermitente,US,Pickup
Invitado,Tarjeta,Consola,Intermitente,APAC,Economico
Invitado,Tarjeta,Consola,Intermitente,APAC,Estandar
Invitado,Tarjeta,Consola,Intermitente,APAC,Express
Invitado,Tarjeta,Consola,Intermitente,APAC,Pickup
Invitado,Tarjeta,Consola,SinConexion,LATAM,Economico
Invitado,Tarjeta,Consola,SinConexion,LATAM,Estandar
Invitado,Tarjeta,Consola,SinConexion,LATAM,Express
Invitado,Tarjeta,Consola,SinConexion,LATAM,Pickup
Invitado,Tarjeta,Consola,SinConexion,EU,Economico
Invitado,Tarjeta,Consola,SinConexion,EU,Estandar
Invitado,Tarjeta,Consola,SinConexion,EU,Express
Invitado,Tarjeta,Consola,SinConexion,EU,Pickup
Invitado,Tarjeta,Consola,SinConexion,US,Economico
Invitado,Tarjeta,Consola,SinConexion,US,Estandar
Invitado,Tarjeta,Consola,SinConexion,US,Express
Invitado,Tarjeta,Consola,SinConexion,US,Pickup
Invitado,Tarjeta,Consola,SinConexion,APAC,Economico
Invitado,Tarjeta,Consola,SinConexion,APAC,Estandar
Invitado,Tarjeta,Consola,SinConexion,APAC,Express
Invitado,Tarjeta,Consola,SinConexion,APAC,Pickup
Invitado,PayPal,Movil,Buena,LATAM,Economico
Invitado,PayPal,Movil,Buena,LATAM,Estandar
Invitado,PayPal,Movil,Buena,LATAM,Express
Invitado,PayPal,Movil,Buena,LATAM,Pickup
Invitado,PayPal,Movil,Buena,EU,Economico
Invitado,PayPal,Movil,Buena,EU,Estandar
Invitado,PayPal,Movil,Buena,EU,Express
Invitado,PayPal,Movil,Buena,EU,Pickup
Invitado,PayPal,Movil,Buena,US,Economico
Invitado,PayPal,Movil,Buena,US,Estandar
Invitado,PayPal,Movil,Buena,US,Express
Invitado,PayPal,Movil,Buena,US,Pickup
Invitado,PayPal,Movil,Buena,APAC,Economico
Invitado,PayPal,Movil,Buena,APAC,Estandar
Invitado,PayPal,Movil,Buena,APAC,Express
Invitado,PayPal,Movil,Buena,APAC,Pickup
Invitado,PayPal,Movil,Media,LATAM,Economico
Invitado,PayPal,Movil,Media,LATAM,Estandar
Invitado,PayPal,Movil,Media,LATAM,Express
Invitado,PayPal,Movil,Media,LATAM,Pickup
Invitado,PayPal,Movil,Media,EU,Economico
Invitado,PayPal,Movil,Media,EU,Estandar
Invitado,PayPal,Movil,Media,EU,Express
Invitado,PayPal,Movil,Media,EU,Pickup
Invitado,PayPal,Movil,Media,US,Economico
Invitado,PayPal,Movil,Media,US,Estandar
Invitado,PayPal,Movil,Media,US,Express
Invitado,PayPal,Movil,Media,US,Pickup
Invitado,PayPal,Movil,Media,APAC,Economico
Invitado,PayPal,Movil,Media,APAC,Estandar
Invitado,PayPal,Movil,Media,APAC,Express
Invitado,PayPal,Movil,Media,APAC,Pickup
Invitado,PayPal,Movil,Lenta,LATAM,Economico
Invitado,PayPal,Movil,Lenta,LATAM,Estandar
Invitado,PayPal,Movil,Lenta,LATAM,Express
Invitado,PayPal,Movil,Lenta,LATAM,Pickup
Invitado,PayPal,Movil,Lenta,EU,Economico
Invitado,PayPal,Movil,Lenta,EU,Estandar
Invitado,PayPal,Movil,Lenta,EU,Express
Invitado,PayPal,Movil,Lenta,EU,Pickup
Invitado,PayPal,Movil,Lenta,US,Economico
Invitado,PayPal,Movil,Lenta,US,Estandar
Invitado,PayPal,Movil,Lenta,US,Express
Invitado,PayPal,Movil,Lenta,US,Pickup
Invitado,PayPal,Movil,Lenta,APAC,Economico
Invitado,PayPal,Movil,Lenta,APAC,Estandar
Invitado,PayPal,Movil,Lenta,APAC,Express
Invitado,PayPal,Movil,Lenta,APAC,Pickup
Invitado,PayPal,Movil,Intermitente,LATAM,Economico
Invitado,PayPal,Movil,Intermitente,LATAM,Estandar
Invitado,PayPal,Movil,Intermitente,LATAM,Express
Invitado,PayPal,Movil,Intermitente,LATAM,Pickup
Invitado,PayPal,Movil,Intermitente,EU,Economico
Invitado,PayPal,Movil,Intermitente,EU,Estandar
Invitado,PayPal,Movil,Intermitente,EU,Express
Invitado,PayPal,Movil,Intermitente,EU,Pickup
Invitado,PayPal,Movil,Intermitente,US,Economico
Invitado,PayPal,Movil,Intermitente,US,Estandar
Invitado,PayPal,Movil,Intermitente,US,Express
Invitado,PayPal,Movil,Intermitente,US,Pickup
Invitado,PayPal,Movil,Intermitente,APAC,Economico
Invitado,PayPal,Movil,Intermitente,APAC,Estandar
Invitado,PayPal,Movil,Intermitente,APAC,Express
Invitado,PayPal,Movil,Intermitente,APAC,Pickup
Invitado,PayPal,Movil,SinConexion,LATAM,Economico
Invitado,PayPal,Movil,SinConexion,LATAM,Estandar
Invitado,PayPal,Movil,SinConexion,LATAM,Express
Invitado,PayPal,Movil,SinConexion,LATAM,Pickup
Invitado,PayPal,Movil,SinConexion,EU,Economico
Invitado,PayPal,Movil,SinConexion,EU,Estandar
Invitado,PayPal,Movil,SinConexion,EU,Express
Invitado,PayPal,Movil,SinConexion,EU,Pickup
Invitado,PayPal,Movil,SinConexion,US,Economico
Invitado,PayPal,Movil,SinConexion,US,Estandar
Invitado,PayPal,Movil,SinConexion,US,Express
Invitado,PayPal,Movil,SinConexion,US,Pickup
Invitado,PayPal,Movil,SinConexion,APAC,Economico
Invitado,PayPal,Movil,SinConexion,APAC,Estandar
Invitado,PayPal,Movil,SinConexion,APAC,Express
Invitado,PayPal,Movil,SinConexion,APAC,Pickup
Invitado,PayPal,Desktop,Buena,LATAM,Economico
Invitado,PayPal,Desktop,Buena,LATAM,Estandar
Invitado,PayPal,Desktop,Buena,LATAM,Express
Invitado,PayPal,Desktop,Buena,LATAM,Pickup
Invitado,PayPal,Desktop,Buena,EU,Economico
Invitado,PayPal,Desktop,Buena,EU,Estandar
Invitado,PayPal,Desktop,Buena,EU,Express
Invitado,PayPal,Desktop,Buena,EU,Pickup
Invitado,PayPal,Desktop,Buena,US,Economico
Invitado,PayPal,Desktop,Buena,US,Estandar
Invitado,PayPal,Desktop,Buena,US,Express
Invitado,PayPal,Desktop,Buena,US,Pickup
Invitado,PayPal,Desktop,Buena,APAC,Economico
Invitado,PayPal,Desktop,Buena,APAC,Estandar
Invitado,PayPal,Desktop,Buena,APAC,Express
Invitado,PayPal,Desktop,Buena,APAC,Pickup
Invitado,PayPal,Desktop,Media,LATAM,Economico
Invitado,PayPal,Desktop,Media,LATAM,Estandar
Invitado,PayPal,Desktop,Media,LATAM,Express
Invitado,PayPal,Desktop,Media,LATAM,Pickup
Invitado,PayPal,Desktop,Media,EU,Economico
Invitado,PayPal,Desktop,Media,EU,Estandar
Invitado,PayPal,Desktop,Media,EU,Express
Invitado,PayPal,Desktop,Media,EU,Pickup
Invitado,PayPal,Desktop,Media,US,Economico
Invitado,PayPal,Desktop,Media,US,Estandar
Invitado,PayPal,Desktop,Media,US,Express
Invitado,PayPal,Desktop,Media,US,Pickup
Invitado,PayPal,Desktop,Media,APAC,Economico
Invitado,PayPal,Desktop,Media,APAC,Estandar
Invitado,PayPal,Desktop,Media,APAC,Express
Invitado,PayPal,Desktop,Media,APAC,Pickup
Invitado,PayPal,Desktop,Lenta,LATAM,Economico
Invitado,PayPal,Desktop,Lenta,LATAM,Estandar
Invitado,PayPal,Desktop,Lenta,LATAM,Express
Invitado,PayPal,Desktop,Lenta,LATAM,Pickup
Invitado,PayPal,Desktop,Lenta,EU,Economico
Invitado,PayPal,Desktop,Lenta,EU,Estandar
Invitado,PayPal,Desktop,Lenta,EU,Express
Invitado,PayPal,Desktop,Lenta,EU,Pickup
Invitado,PayPal,Desktop,Lenta,US,Economico
Invitado,PayPal,Desktop,Lenta,US,Estandar
Invitado,PayPal,Desktop,Lenta,US,Express
Invitado,PayPal,Desktop,Lenta,US,Pickup
Invitado,PayPal,Desktop,Lenta,APAC,Economico
Invitado,PayPal,Desktop,Lenta,APAC,Estandar
Invitado,PayPal,Desktop,Lenta,APAC,Express
Invitado,PayPal,Desktop,Lenta,APAC,Pickup
Invitado,PayPal,Desktop,Intermitente,LATAM,Economico
Invitado,PayPal,Desktop,Intermitente,LATAM,Estandar
Invitado,PayPal,Desktop,Intermitente,LATAM,Express
Invitado,PayPal,Desktop,Intermitente,LATAM,Pickup
Invitado,PayPal,Desktop,Intermitente,EU,Economico
Invitado,PayPal,Desktop,Intermitente,EU,Estandar
Invitado,PayPal,Desktop,Intermitente,EU,Express
Invitado,PayPal,Desktop,Intermitente,EU,Pickup
Invitado,PayPal,Desktop,Intermitente,US,Economico
Invitado,PayPal,Desktop,Intermitente,US,Estandar
Invitado,PayPal,Desktop,Intermitente,US,Express
Invitado,PayPal,Desktop,Intermitente,US,Pickup
Invitado,PayPal,Desktop,Intermitente,APAC,Economico
Invitado,PayPal,Desktop,Intermitente,APAC,Estandar
Invitado,PayPal,Desktop,Intermitente,APAC,Express
Invitado,PayPal,Desktop,Intermitente,APAC,Pickup
Invitado,PayPal,Desktop,SinConexion,LATAM,Economico
Invitado,PayPal,Desktop,SinConexion,LATAM,Estandar
Invitado,PayPal,Desktop,SinConexion,LATAM,Express
Invitado,PayPal,Desktop,SinConexion,LATAM,Pickup
Invitado,PayPal,Desktop,SinConexion,EU,Economico
Invitado,PayPal,Desktop,SinConexion,EU,Estandar
Invitado,PayPal,Desktop,SinConexion,EU,Express
Invitado,PayPal,Desktop,SinConexion,EU,Pickup
Invitado,PayPal,Desktop,SinConexion,US,Economico
Invitado,PayPal,Desktop,SinConexion,US,Estandar
Invitado,PayPal,Desktop,SinConexion,US,Express
Invitado,PayPal,Desktop,SinConexion,US,Pickup
Invitado,PayPal,Desktop,SinConexion,APAC,Economico
Invitado,PayPal,Desktop,SinConexion,APAC,Estandar
Invitado,PayPal,Desktop,SinConexion,APAC,Express
Invitado,PayPal,Desktop,SinConexion,APAC,Pickup
Invitado,PayPal,Tableta,Buena,LATAM,Economico
Invitado,PayPal,Tableta,Buena,LATAM,Estandar
Invitado,PayPal,Tableta,Buena,LATAM,Express
Invitado,PayPal,Tableta,Buena,LATAM,Pickup
Invitado,PayPal,Tableta,Buena,EU,Economico
Invitado,PayPal,Tableta,Buena,EU,Estandar
Invitado,PayPal,Tableta,Buena,EU,Express
Invitado,PayPal,Tableta,Buena,EU,Pickup
Invitado,PayPal,Tableta,Buena,US,Economico
Invitado,PayPal,Tableta,Buena,US,Estandar
Invitado,PayPal,Tableta,Buena,US,Express
Invitado,PayPal,Tableta,Buena,US,Pickup
Invitado,PayPal,Tableta,Buena,APAC,Economico
Invitado,PayPal,Tableta,Buena,APAC,Estandar
Invitado,PayPal,Tableta,Buena,APAC,Express
Invitado,PayPal,Tableta,Buena,APAC,Pickup
Invitado,PayPal,Tableta,Media,LATAM,Economico
Invitado,PayPal,Tableta,Media,LATAM,Estandar
Invitado,PayPal,Tableta,Media,LATAM,Express
Invitado,PayPal,Tableta,Media,LATAM,Pickup
Invitado,PayPal,Tableta,Media,EU,Economico
Invitado,PayPal,Tableta,Media,EU,Estandar
Invitado,PayPal,Tableta,Media,EU,Express
Invitado,PayPal,Tableta,Media,EU,Pickup
Invitado,PayPal,Tableta,Media,US,Economico
Invitado,PayPal,Tableta,Media,US,Estandar
Invitado,PayPal,Tableta,Media,US,Express
Invitado,PayPal,Tableta,Media,US,Pickup
Invitado,PayPal,Tableta,Media,APAC,Economico
Invitado,PayPal,Tableta,Media,APAC,Estandar
Invitado,PayPal,Tableta,Media,APAC,Express
Invitado,PayPal,Tableta,Media,APAC,Pickup
Invitado,PayPal,Tableta,Lenta,LATAM,Economico
Invitado,PayPal,Tableta,Lenta,LATAM,Estandar
Invitado,PayPal,Tableta,Lenta,LATAM,Express
Invitado,PayPal,Tableta,Lenta,LATAM,Pickup
Invitado,PayPal,Tableta,Lenta,EU,Economico
Invitado,PayPal,Tableta,Lenta,EU,Estandar
Invitado,PayPal,Tableta,Lenta,EU,Express
Invitado,PayPal,Tableta,Lenta,EU,Pickup
Invitado,PayPal,Tableta,Lenta,US,Economico
Invitado,PayPal,Tableta,Lenta,US,Estandar
Invitado,PayPal,Tableta,Lenta,US,Express
Invitado,PayPal,Tableta,Lenta,US,Pickup
Invitado,PayPal,Tableta,Lenta,APAC,Economico
Invitado,PayPal,Tableta,Lenta,APAC,Estandar
Invitado,PayPal,Tableta,Lenta,APAC,Express
Invitado,PayPal,Tableta,Lenta,APAC,Pickup
Invitado,PayPal,Tableta,Intermitente,LATAM,Economico
Invitado,PayPal,Tableta,Intermitente,LATAM,Estandar
Invitado,PayPal,Tableta,Intermitente,LATAM,Express
Invitado,PayPal,Tableta,Intermitente,LATAM,Pickup
Invitado,PayPal,Tableta,Intermitente,EU,Economico
Invitado,PayPal,Tableta,Intermitente,EU,Estandar
Invitado,PayPal,Tableta,Intermitente,EU,Express
Invitado,PayPal,Tableta,Intermitente,EU,Pickup
Invitado,PayPal,Tableta,Intermitente,US,Economico
Invitado,PayPal,Tableta,Intermitente,US,Estandar
Invitado,PayPal,Tableta,Intermitente,US,Express
Invitado,PayPal,Tableta,Intermitente,US,Pickup
Invitado,PayPal,Tableta,Intermitente,APAC,Economico
Invitado,PayPal,Tableta,Intermitente,APAC,Estandar
Invitado,PayPal,Tableta,Intermitente,APAC,Express
Invitado,PayPal,Tableta,Intermitente,APAC,Pickup
Invitado,PayPal,Tableta,SinConexion,LATAM,Economico
Invitado,PayPal,Tableta,SinConexion,LATAM,Estandar
Invitado,PayPal,Tableta,SinConexion,LATAM,Express
Invitado,PayPal,Tableta,SinConexion,LATAM,Pickup
Invitado,PayPal,Tableta,SinConexion,EU,Economico
Invitado,PayPal,Tableta,SinConexion,EU,Estandar
Invitado,PayPal,Tableta,SinConexion,EU,Express
Invitado,PayPal,Tableta,SinConexion,EU,Pickup
Invitado,PayPal,Tableta,SinConexion,US,Economico
Invitado,PayPal,Tableta,SinConexion,US,Estandar
Invitado,PayPal,Tableta,SinConexion,US,Express
Invitado,PayPal,Tableta,SinConexion,US,Pickup
Invitado,PayPal,Tableta,SinConexion,APAC,Economico
Invitado,PayPal,Tableta,SinConexion,APAC,Estandar
Invitado,PayPal,Tableta,SinConexion,APAC,Express
Invitado,PayPal,Tableta,SinConexion,APAC,Pickup
Invitado,PayPal,SmartTV,Buena,LATAM,Economico
Invitado,PayPal,SmartTV,Buena,LATAM,Estandar
Invitado,PayPal,SmartTV,Buena,LATAM,Express
Invitado,PayPal,SmartTV,Buena,LATAM,Pickup
Invitado,PayPal,SmartTV,Buena,EU,Economico
Invitado,PayPal,SmartTV,Buena,EU,Estandar
Invitado,PayPal,SmartTV,Buena,EU,Express
Invitado,PayPal,SmartTV,Buena,EU,Pickup
Invitado,PayPal,SmartTV,Buena,US,Economico
Invitado,PayPal,SmartTV,Buena,US,Estandar
Invitado,PayPal,SmartTV,Buena,US,Express
Invitado,PayPal,SmartTV,Buena,US,Pickup
Invitado,PayPal,SmartTV,Buena,APAC,Economico
Invitado,PayPal,SmartTV,Buena,APAC,Estandar
Invitado,PayPal,SmartTV,Buena,APAC,Express
Invitado,PayPal,SmartTV,Buena,APAC,Pickup
Invitado,PayPal,SmartTV,Media,LATAM,Economico
Invitado,PayPal,SmartTV,Media,LATAM,Estandar
Invitado,PayPal,SmartTV,Media,LATAM,Express
Invitado,PayPal,SmartTV,Media,LATAM,Pickup
Invitado,PayPal,SmartTV,Media,EU,Economico
Invitado,PayPal,SmartTV,Media,EU,Estandar
Invitado,PayPal,SmartTV,Media,EU,Express
Invitado,PayPal,SmartTV,Media,EU,Pickup
Invitado,PayPal,SmartTV,Media,US,Economico
Invitado,PayPal,SmartTV,Media,US,Estandar
Invitado,PayPal,SmartTV,Media,US,Express
Invitado,PayPal,SmartTV,Media,US,Pickup
Invitado,PayPal,SmartTV,Media,APAC,Economico
Invitado,PayPal,SmartTV,Media,APAC,Estandar
Invitado,PayPal,SmartTV,Media,APAC,Express
Invitado,PayPal,SmartTV,Media,APAC,Pickup
Invitado,PayPal,SmartTV,Lenta,LATAM,Economico
Invitado,PayPal,SmartTV,Lenta,LATAM,Estandar
Invitado,PayPal,SmartTV,Lenta,LATAM,Express
Invitado,PayPal,SmartTV,Lenta,LATAM,Pickup
Invitado,PayPal,SmartTV,Lenta,EU,Economico
Invitado,PayPal,SmartTV,Lenta,EU,Estandar
Invitado,PayPal,SmartTV,Lenta,EU,Express
Invitado,PayPal,SmartTV,Lenta,EU,Pickup
Invitado,PayPal,SmartTV,Lenta,US,Economico
Invitado,PayPal,SmartTV,Lenta,US,Estandar
Invitado,PayPal,SmartTV,Lenta,US,Express
Invitado,PayPal,SmartTV,Lenta,US,Pickup
Invitado,PayPal,SmartTV,Lenta,APAC,Economico
Invitado,PayPal,SmartTV,Lenta,APAC,Estandar
Invitado,PayPal,SmartTV,Lenta,APAC,Express
Invitado,PayPal,SmartTV,Lenta,APAC,Pickup
Invitado,PayPal,SmartTV,Intermitente,LATAM,Economico
Invitado,PayPal,SmartTV,Intermitente,LATAM,Estandar
Invitado,PayPal,SmartTV,Intermitente,LATAM,Express
Invitado,PayPal,SmartTV,Intermitente,LATAM,Pickup
Invitado,PayPal,SmartTV,Intermitente,EU,Economico
Invitado,PayPal,SmartTV,Intermitente,EU,Estandar
Invitado,PayPal,SmartTV,Intermitente,EU,Express
Invitado,PayPal,SmartTV,Intermitente,EU,Pickup
Invitado,PayPal,SmartTV,Intermitente,US,Economico
Invitado,PayPal,SmartTV,Intermitente,US,Estandar
Invitado,PayPal,SmartTV,Intermitente,US,Express
Invitado,PayPal,SmartTV,Intermitente,US,Pickup
Invitado,PayPal,SmartTV,Intermitente,APAC,Economico
Invitado,PayPal,SmartTV,Intermitente,APAC,Estandar
Invitado,PayPal,SmartTV,Intermitente,APAC,Express
Invitado,PayPal,SmartTV,Intermitente,APAC,Pickup
Invitado,PayPal,SmartTV,SinConexion,LATAM,Economico
Invitado,PayPal,SmartTV,SinConexion,LATAM,Estandar
Invitado,PayPal,SmartTV,SinConexion,LATAM,Express
Invitado,PayPal,SmartTV,SinConexion,LATAM,Pickup
Invitado,PayPal,SmartTV,SinConexion,EU,Economico
Invitado,PayPal,SmartTV,SinConexion,EU,Estandar
Invitado,PayPal,SmartTV,SinConexion,EU,Express
Invitado,PayPal,SmartTV,SinConexion,EU,Pickup
Invitado,PayPal,SmartTV,SinConexion,US,Economico
Invitado,PayPal,SmartTV,SinConexion,US,Estandar
Invitado,PayPal,SmartTV,SinConexion,US,Express
Invitado,PayPal,SmartTV,SinConexion,US,Pickup
Invitado,PayPal,SmartTV,SinConexion,APAC,Economico
Invitado,PayPal,SmartTV,SinConexion,APAC,Estandar
Invitado,PayPal,SmartTV,SinConexion,APAC,Express
Invitado,PayPal,SmartTV,SinConexion,APAC,Pickup
Invitado,PayPal,Consola,Buena,LATAM,Economico
Invitado,PayPal,Consola,Buena,LATAM,Estandar
Invitado,PayPal,Consola,Buena,LATAM,Express
Invitado,PayPal,Consola,Buena,LATAM,Pickup
Invitado,PayPal,Consola,Buena,EU,Economico
Invitado,PayPal,Consola,Buena,EU,Estandar
Invitado,PayPal,Consola,Buena,EU,Express
Invitado,PayPal,Consola,Buena,EU,Pickup
Invitado,PayPal,Consola,Buena,US,Economico
Invitado,PayPal,Consola,Buena,US,Estandar
Invitado,PayPal,Consola,Buena,US,Express
Invitado,PayPal,Consola,Buena,US,Pickup
Invitado,PayPal,Consola,Buena,APAC,Economico
Invitado,PayPal,Consola,Buena,APAC,Estandar
Invitado,PayPal,Consola,Buena,APAC,Express
Invitado,PayPal,Consola,Buena,APAC,Pickup
Invitado,PayPal,Consola,Media,LATAM,Economico
Invitado,PayPal,Consola,Media,LATAM,Estandar
Invitado,PayPal,Consola,Media,LATAM,Express
Invitado,PayPal,Consola,Media,LATAM,Pickup
Invitado,PayPal,Consola,Media,EU,Economico
Invitado,PayPal,Consola,Media,EU,Estandar
Invitado,PayPal,Consola,Media,EU,Express
Invitado,PayPal,Consola,Media,EU,Pickup
Invitado,PayPal,Consola,Media,US,Economico
Invitado,PayPal,Consola,Media,US,Estandar
Invitado,PayPal,Consola,Media,US,Express
Invitado,PayPal,Consola,Media,US,Pickup
Invitado,PayPal,Consola,Media,APAC,Economico
Invitado,PayPal,Consola,Media,APAC,Estandar
Invitado,PayPal,Consola,Media,APAC,Express
Invitado,PayPal,Consola,Media,APAC,Pickup
Invitado,PayPal,Consola,Lenta,LATAM,Economico
Invitado,PayPal,Consola,Lenta,LATAM,Estandar
Invitado,PayPal,Consola,Lenta,LATAM,Express
Invitado,PayPal,Consola,Lenta,LATAM,Pickup
Invitado,PayPal,Consola,Lenta,EU,Economico
Invitado,PayPal,Consola,Lenta,EU,Estandar
Invitado,PayPal,Consola,Lenta,EU,Express
Invitado,PayPal,Consola,Lenta,EU,Pickup
Invitado,PayPal,Consola,Lenta,US,Economico
Invitado,PayPal,Consola,Lenta,US,Estandar
Invitado,PayPal,Consola,Lenta,US,Express
Invitado,PayPal,Consola,Lenta,US,Pickup
Invitado,PayPal,Consola,Lenta,APAC,Economico
Invitado,PayPal,Consola,Lenta,APAC,Estandar
Invitado,PayPal,Consola,Lenta,APAC,Express
Invitado,PayPal,Consola,Lenta,APAC,Pickup
Invitado,PayPal,Consola,Intermitente,LATAM,Economico
Invitado,PayPal,Consola,Intermitente,LATAM,Estandar
Invitado,PayPal,Consola,Intermitente,LATAM,Express
Invitado,PayPal,Consola,Intermitente,LATAM,Pickup
Invitado,PayPal,Consola,Intermitente,EU,Economico
Invitado,PayPal,Consola,Intermitente,EU,Estandar
Invitado,PayPal,Consola,Intermitente,EU,Express
Invitado,PayPal,Consola,Intermitente,EU,Pickup
Invitado,PayPal,Consola,Intermitente,US,Economico
Invitado,PayPal,Consola,Intermitente,US,Estandar
Invitado,PayPal,Consola,Intermitente,US,Express
Invitado,PayPal,Consola,Intermitente,US,Pickup
Invitado,PayPal,Consola,Intermitente,APAC,Economico
Invitado,PayPal,Consola,Intermitente,APAC,Estandar
Invitado,PayPal,Consola,Intermitente,APAC,Express
Invitado,PayPal,Consola,Intermitente,APAC,Pickup
Invitado,PayPal,Consola,SinConexion,LATAM,Economico
Invitado,PayPal,Consola,SinConexion,LATAM,Estandar
Invitado,PayPal,Consola,SinConexion,LATAM,Express
Invitado,PayPal,Consola,SinConexion,LATAM,Pickup
Invitado,PayPal,Consola,SinConexion,EU,Economico
Invitado,PayPal,Consola,SinConexion,EU,Estandar
Invitado,PayPal,Consola,SinConexion,EU,Express
Invitado,PayPal,Consola,SinConexion,EU,Pickup
Invitado,PayPal,Consola,SinConexion,US,Economico
Invitado,PayPal,Consola,SinConexion,US,Estandar
Invitado,PayPal,Consola,SinConexion,US,Express
Invitado,PayPal,Consola,SinConexion,US,Pickup
Invitado,PayPal,Consola,SinConexion,APAC,Economico
Invitado,PayPal,Consola,SinConexion,APAC,Estandar
Invitado,PayPal,Consola,SinConexion,APAC,Express
Invitado,PayPal,Consola,SinConexion,APAC,Pickup
Invitado,Transferencia,Movil,Buena,LATAM,Economico
Invitado,Transferencia,Movil,Buena,LATAM,Estandar
Invitado,Transferencia,Movil,Buena,LATAM,Express
Invitado,Transferencia,Movil,Buena,LATAM,Pickup
Invitado,Transferencia,Movil,Buena,EU,Economico
Invitado,Transferencia,Movil,Buena,EU,Estandar
Invitado,Transferencia,Movil,Buena,EU,Express
Invitado,Transferencia,Movil,Buena,EU,Pickup
Invitado,Transferencia,Movil,Buena,US,Economico
Invitado,Transferencia,Movil,Buena,US,Estandar
Invitado,Transferencia,Movil,Buena,US,Express
Invitado,Transferencia,Movil,Buena,US,Pickup
Invitado,Transferencia,Movil,Buena,APAC,Economico
Invitado,Transferencia,Movil,Buena,APAC,Estandar
Invitado,Transferencia,Movil,Buena,APAC,Express
Invitado,Transferencia,Movil,Buena,APAC,Pickup
Invitado,Transferencia,Movil,Media,LATAM,Economico
Invitado,Transferencia,Movil,Media,LATAM,Estandar
Invitado,Transferencia,Movil,Media,LATAM,Express
Invitado,Transferencia,Movil,Media,LATAM,Pickup
Invitado,Transferencia,Movil,Media,EU,Economico
Invitado,Transferencia,Movil,Media,EU,Estandar
Invitado,Transferencia,Movil,Media,EU,Express
Invitado,Transferencia,Movil,Media,EU,Pickup
Invitado,Transferencia,Movil,Media,US,Economico
Invitado,Transferencia,Movil,Media,US,Estandar
Invitado,Transferencia,Movil,Media,US,Express
Invitado,Transferencia,Movil,Media,US,Pickup
Invitado,Transferencia,Movil,Media,APAC,Economico
Invitado,Transferencia,Movil,Media,APAC,Estandar
Invitado,Transferencia,Movil,Media,APAC,Express
Invitado,Transferencia,Movil,Media,APAC,Pickup
Invitado,Transferencia,Movil,Lenta,LATAM,Economico
Invitado,Transferencia,Movil,Lenta,LATAM,Estandar
Invitado,Transferencia,Movil,Lenta,LATAM,Express
Invitado,Transferencia,Movil,Lenta,LATAM,Pickup
Invitado,Transferencia,Movil,Lenta,EU,Economico
Invitado,Transferencia,Movil,Lenta,EU,Estandar
Invitado,Transferencia,Movil,Lenta,EU,Express
Invitado,Transferencia,Movil,Lenta,EU,Pickup
Invitado,Transferencia,Movil,Lenta,US,Economico
Invitado,Transferencia,Movil,Lenta,US,Estandar
Invitado,Transferencia,Movil,Lenta,US,Express
Invitado,Transferencia,Movil,Lenta,US,Pickup
Invitado,Transferencia,Movil,Lenta,APAC,Economico
Invitado,Transferencia,Movil,Lenta,APAC,Estandar
Invitado,Transferencia,Movil,Lenta,APAC,Express
Invitado,Transferencia,Movil,Lenta,APAC,Pickup
Invitado,Transferencia,Movil,Intermitente,LATAM,Economico
Invitado,Transferencia,Movil,Intermitente,LATAM,Estandar
Invitado,Transferencia,Movil,Intermitente,LATAM,Express
Invitado,Transferencia,Movil,Intermitente,LATAM,Pickup
Invitado,Transferencia,Movil,Intermitente,EU,Economico
Invitado,Transferencia,Movil,Intermitente,EU,Estandar
Invitado,Transferencia,Movil,Intermitente,EU,Express
Invitado,Transferencia,Movil,Intermitente,EU,Pickup
Invitado,Transferencia,Movil,Intermitente,US,Economico
Invitado,Transferencia,Movil,Intermitente,US,Estandar
Invitado,Transferencia,Movil,Intermitente,US,Express
Invitado,Transferencia,Movil,Intermitente,US,Pickup
Invitado,Transferencia,Movil,Intermitente,APAC,Economico
Invitado,Transferencia,Movil,Intermitente,APAC,Estandar
Invitado,Transferencia,Movil,Intermitente,APAC,Express
Invitado,Transferencia,Movil,Intermitente,APAC,Pickup
Invitado,Transferencia,Movil,SinConexion,LATAM,Economico
Invitado,Transferencia,Movil,SinConexion,LATAM,Estandar
Invitado,Transferencia,Movil,SinConexion,LATAM,Express
Invitado,Transferencia,Movil,SinConexion,LATAM,Pickup
Invitado,Transferencia,Movil,SinConexion,EU,Economico
Invitado,Transferencia,Movil,SinConexion,EU,Estandar
Invitado,Transferencia,Movil,SinConexion,EU,Express
Invitado,Transferencia,Movil,SinConexion,EU,Pickup
Invitado,Transferencia,Movil,SinConexion,US,Economico
Invitado,Transferencia,Movil,SinConexion,US,Estandar
Invitado,Transferencia,Movil,SinConexion,US,Express
Invitado,Transferencia,Movil,SinConexion,US,Pickup
Invitado,Transferencia,Movil,SinConexion,APAC,Economico
Invitado,Transferencia,Movil,SinConexion,APAC,Estandar
Invitado,Transferencia,Movil,SinConexion,APAC,Express
Invitado,Transferencia,Movil,SinConexion,APAC,Pickup
Invitado,Transferencia,Desktop,Buena,LATAM,Economico
Invitado,Transferencia,Desktop,Buena,LATAM,Estandar
Invitado,Transferencia,Desktop,Buena,LATAM,Express
Invitado,Transferencia,Desktop,Buena,LATAM,Pickup
Invitado,Transferencia,Desktop,Buena,EU,Economico
Invitado,Transferencia,Desktop,Buena,EU,Estandar
Invitado,Transferencia,Desktop,Buena,EU,Express
Invitado,Transferencia,Desktop,Buena,EU,Pickup
Invitado,Transferencia,Desktop,Buena,US,Economico
Invitado,Transferencia,Desktop,Buena,US,Estandar
Invitado,Transferencia,Desktop,Buena,US,Express
Invitado,Transferencia,Desktop,Buena,US,Pickup
Invitado,Transferencia,Desktop,Buena,APAC,Economico
Invitado,Transferencia,Desktop,Buena,APAC,Estandar
Invitado,Transferencia,Desktop,Buena,APAC,Express
Invitado,Transferencia,Desktop,Buena,APAC,Pickup
Invitado,Transferencia,Desktop,Media,LATAM,Economico
Invitado,Transferencia,Desktop,Media,LATAM,Estandar
Invitado,Transferencia,Desktop,Media,LATAM,Express
Invitado,Transferencia,Desktop,Media,LATAM,Pickup
Invitado,Transferencia,Desktop,Media,EU,Economico
Invitado,Transferencia,Desktop,Media,EU,Estandar
Invitado,Transferencia,Desktop,Media,EU,Express
Invitado,Transferencia,Desktop,Media,EU,Pickup
Invitado,Transferencia,Desktop,Media,US,Economico
Invitado,Transferencia,Desktop,Media,US,Estandar
Invitado,Transferencia,Desktop,Media,US,Express
Invitado,Transferencia,Desktop,Media,US,Pickup
Invitado,Transferencia,Desktop,Media,APAC,Economico
Invitado,Transferencia,Desktop,Media,APAC,Estandar
Invitado,Transferencia,Desktop,Media,APAC,Express
Invitado,Transferencia,Desktop,Media,APAC,Pickup
Invitado,Transferencia,Desktop,Lenta,LATAM,Economico
Invitado,Transferencia,Desktop,Lenta,LATAM,Estandar
Invitado,Transferencia,Desktop,Lenta,LATAM,Express
Invitado,Transferencia,Desktop,Lenta,LATAM,Pickup
Invitado,Transferencia,Desktop,Lenta,EU,Economico
Invitado,Transferencia,Desktop,Lenta,EU,Estandar
Invitado,Transferencia,Desktop,Lenta,EU,Express
Invitado,Transferencia,Desktop,Lenta,EU,Pickup
Invitado,Transferencia,Desktop,Lenta,US,Economico
Invitado,Transferencia,Desktop,Lenta,US,Estandar
Invitado,Transferencia,Desktop,Lenta,US,Express
Invitado,Transferencia,Desktop,Lenta,US,Pickup
Invitado,Transferencia,Desktop,Lenta,APAC,Economico
Invitado,Transferencia,Desktop,Lenta,APAC,Estandar
Invitado,Transferencia,Desktop,Lenta,APAC,Express
Invitado,Transferencia,Desktop,Lenta,APAC,Pickup
Invitado,Transferencia,Desktop,Intermitente,LATAM,Economico
Invitado,Transferencia,Desktop,Intermitente,LATAM,Estandar
Invitado,Transferencia,Desktop,Intermitente,LATAM,Express
Invitado,Transferencia,Desktop,Intermitente,LATAM,Pickup
Invitado,Transferencia,Desktop,Intermitente,EU,Economico
Invitado,Transferencia,Desktop,Intermitente,EU,Estandar
Invitado,Transferencia,Desktop,Intermitente,EU,Express
Invitado,Transferencia,Desktop,Intermitente,EU,Pickup
Invitado,Transferencia,Desktop,Intermitente,US,Economico
Invitado,Transferencia,Desktop,Intermitente,US,Estandar
Invitado,Transferencia,Desktop,Intermitente,US,Express
Invitado,Transferencia,Desktop,Intermitente,US,Pickup
Invitado,Transferencia,Desktop,Intermitente,APAC,Economico
Invitado,Transferencia,Desktop,Intermitente,APAC,Estandar
Invitado,Transferencia,Desktop,Intermitente,APAC,Express
Invitado,Transferencia,Desktop,Intermitente,APAC,Pickup
Invitado,Transferencia,Desktop,SinConexion,LATAM,Economico
Invitado,Transferencia,Desktop,SinConexion,LATAM,Estandar
Invitado,Transferencia,Desktop,SinConexion,LATAM,Express
Invitado,Transferencia,Desktop,SinConexion,LATAM,Pickup
Invitado,Transferencia,Desktop,SinConexion,EU,Economico
Invitado,Transferencia,Desktop,SinConexion,EU,Estandar
Invitado,Transferencia,Desktop,SinConexion,EU,Express
Invitado,Transferencia,Desktop,SinConexion,EU,Pickup
Invitado,Transferencia,Desktop,SinConexion,US,Economico
Invitado,Transferencia,Desktop,SinConexion,US,Estandar
Invitado,Transferencia,Desktop,SinConexion,US,Express
Invitado,Transferencia,Desktop,SinConexion,US,Pickup
Invitado,Transferencia,Desktop,SinConexion,APAC,Economico
Invitado,Transferencia,Desktop,SinConexion,APAC,Estandar
Invitado,Transferencia,Desktop,SinConexion,APAC,Express
Invitado,Transferencia,Desktop,SinConexion,APAC,Pickup
Invitado,Transferencia,Tableta,Buena,LATAM,Economico
Invitado,Transferencia,Tableta,Buena,LATAM,Estandar
Invitado,Transferencia,Tableta,Buena,LATAM,Express
Invitado,Transferencia,Tableta,Buena,LATAM,Pickup
Invitado,Transferencia,Tableta,Buena,EU,Economico
Invitado,Transferencia,Tableta,Buena,EU,Estandar
Invitado,Transferencia,Tableta,Buena,EU,Express
Invitado,Transferencia,Tableta,Buena,EU,Pickup
Invitado,Transferencia,Tableta,Buena,US,Economico
Invitado,Transferencia,Tableta,Buena,US,Estandar
Invitado,Transferencia,Tableta,Buena,US,Express
Invitado,Transferencia,Tableta,Buena,US,Pickup
Invitado,Transferencia,Tableta,Buena,APAC,Economico
Invitado,Transferencia,Tableta,Buena,APAC,Estandar
Invitado,Transferencia,Tableta,Buena,APAC,Express
Invitado,Transferencia,Tableta,Buena,APAC,Pickup
Invitado,Transferencia,Tableta,Media,LATAM,Economico
Invitado,Transferencia,Tableta,Media,LATAM,Estandar
Invitado,Transferencia,Tableta,Media,LATAM,Express
Invitado,Transferencia,Tableta,Media,LATAM,Pickup
Invitado,Transferencia,Tableta,Media,EU,Economico
Invitado,Transferencia,Tableta,Media,EU,Estandar
Invitado,Transferencia,Tableta,Media,EU,Express
Invitado,Transferencia,Tableta,Media,EU,Pickup
Invitado,Transferencia,Tableta,Media,US,Economico
Invitado,Transferencia,Tableta,Media,US,Estandar
Invitado,Transferencia,Tableta,Media,US,Express
Invitado,Transferencia,Tableta,Media,US,Pickup
Invitado,Transferencia,Tableta,Media,APAC,Economico
Invitado,Transferencia,Tableta,Media,APAC,Estandar
Invitado,Transferencia,Tableta,Media,APAC,Express
Invitado,Transferencia,Tableta,Media,APAC,Pickup
Invitado,Transferencia,Tableta,Lenta,LATAM,Economico
Invitado,Transferencia,Tableta,Lenta,LATAM,Estandar
Invitado,Transferencia,Tableta,Lenta,LATAM,Express
Invitado,Transferencia,Tableta,Lenta,LATAM,Pickup
Invitado,Transferencia,Tableta,Lenta,EU,Economico
Invitado,Transferencia,Tableta,Lenta,EU,Estandar
Invitado,Transferencia,Tableta,Lenta,EU,Express
Invitado,Transferencia,Tableta,Lenta,EU,Pickup
Invitado,Transferencia,Tableta,Lenta,US,Economico
Invitado,Transferencia,Tableta,Lenta,US,Estandar
Invitado,Transferencia,Tableta,Lenta,US,Express
Invitado,Transferencia,Tableta,Lenta,US,Pickup
Invitado,Transferencia,Tableta,Lenta,APAC,Economico
Invitado,Transferencia,Tableta,Lenta,APAC,Estandar
Invitado,Transferencia,Tableta,Lenta,APAC,Express
Invitado,Transferencia,Tableta,Lenta,APAC,Pickup
Invitado,Transferencia,Tableta,Intermitente,LATAM,Economico
Invitado,Transferencia,Tableta,Intermitente,LATAM,Estandar
Invitado,Transferencia,Tableta,Intermitente,LATAM,Express
Invitado,Transferencia,Tableta,Intermitente,LATAM,Pickup
Invitado,Transferencia,Tableta,Intermitente,EU,Economico
Invitado,Transferencia,Tableta,Intermitente,EU,Estandar
Invitado,Transferencia,Tableta,Intermitente,EU,Express
Invitado,Transferencia,Tableta,Intermitente,EU,Pickup
Invitado,Transferencia,Tableta,Intermitente,US,Economico
Invitado,Transferencia,Tableta,Intermitente,US,Estandar
Invitado,Transferencia,Tableta,Intermitente,US,Express
Invitado,Transferencia,Tableta,Intermitente,US,Pickup
Invitado,Transferencia,Tableta,Intermitente,APAC,Economico
Invitado,Transferencia,Tableta,Intermitente,APAC,Estandar
Invitado,Transferencia,Tableta,Intermitente,APAC,Express
Invitado,Transferencia,Tableta,Intermitente,APAC,Pickup
Invitado,Transferencia,Tableta,SinConexion,LATAM,Economico
Invitado,Transferencia,Tableta,SinConexion,LATAM,Estandar
Invitado,Transferencia,Tableta,SinConexion,LATAM,Express
Invitado,Transferencia,Tableta,SinConexion,LATAM,Pickup
Invitado,Transferencia,Tableta,SinConexion,EU,Economico
Invitado,Transferencia,Tableta,SinConexion,EU,Estandar
Invitado,Transferencia,Tableta,SinConexion,EU,Express
Invitado,Transferencia,Tableta,SinConexion,EU,Pickup
Invitado,Transferencia,Tableta,SinConexion,US,Economico
Invitado,Transferencia,Tableta,SinConexion,US,Estandar
Invitado,Transferencia,Tableta,SinConexion,US,Express
Invitado,Transferencia,Tableta,SinConexion,US,Pickup
Invitado,Transferencia,Tableta,SinConexion,APAC,Economico
Invitado,Transferencia,Tableta,SinConexion,APAC,Estandar
Invitado,Transferencia,Tableta,SinConexion,APAC,Express
Invitado,Transferencia,Tableta,SinConexion,APAC,Pickup
Invitado,Transferencia,SmartTV,Buena,LATAM,Economico
Invitado,Transferencia,SmartTV,Buena,LATAM,Estandar
Invitado,Transferencia,SmartTV,Buena,LATAM,Express
Invitado,Transferencia,SmartTV,Buena,LATAM,Pickup
Invitado,Transferencia,SmartTV,Buena,EU,Economico
Invitado,Transferencia,SmartTV,Buena,EU,Estandar
Invitado,Transferencia,SmartTV,Buena,EU,Express
Invitado,Transferencia,SmartTV,Buena,EU,Pickup
Invitado,Transferencia,SmartTV,Buena,US,Economico
Invitado,Transferencia,SmartTV,Buena,US,Estandar
Invitado,Transferencia,SmartTV,Buena,US,Express
Invitado,Transferencia,SmartTV,Buena,US,Pickup
Invitado,Transferencia,SmartTV,Buena,APAC,Economico
Invitado,Transferencia,SmartTV,Buena,APAC,Estandar
Invitado,Transferencia,SmartTV,Buena,APAC,Express
Invitado,Transferencia,SmartTV,Buena,APAC,Pickup
Invitado,Transferencia,SmartTV,Media,LATAM,Economico
Invitado,Transferencia,SmartTV,Media,LATAM,Estandar
Invitado,Transferencia,SmartTV,Media,LATAM,Express
Invitado,Transferencia,SmartTV,Media,LATAM,Pickup
Invitado,Transferencia,SmartTV,Media,EU,Economico
Invitado,Transferencia,SmartTV,Media,EU,Estandar
Invitado,Transferencia,SmartTV,Media,EU,Express
Invitado,Transferencia,SmartTV,Media,EU,Pickup
Invitado,Transferencia,SmartTV,Media,US,Economico
Invitado,Transferencia,SmartTV,Media,US,Estandar
Invitado,Transferencia,SmartTV,Media,US,Express
Invitado,Transferencia,SmartTV,Media,US,Pickup
Invitado,Transferencia,SmartTV,Media,APAC,Economico
Invitado,Transferencia,SmartTV,Media,APAC,Estandar
Invitado,Transferencia,SmartTV,Media,APAC,Express
Invitado,Transferencia,SmartTV,Media,APAC,Pickup
Invitado,Transferencia,SmartTV,Lenta,LATAM,Economico
Invitado,Transferencia,SmartTV,Lenta,LATAM,Estandar
Invitado,Transferencia,SmartTV,Lenta,LATAM,Express
Invitado,Transferencia,SmartTV,Lenta,LATAM,Pickup
Invitado,Transferencia,SmartTV,Lenta,EU,Economico
Invitado,Transferencia,SmartTV,Lenta,EU,Estandar
Invitado,Transferencia,SmartTV,Lenta,EU,Express
Invitado,Transferencia,SmartTV,Lenta,EU,Pickup
Invitado,Transferencia,SmartTV,Lenta,US,Economico
Invitado,Transferencia,SmartTV,Lenta,US,Estandar
Invitado,Transferencia,SmartTV,Lenta,US,Express
Invitado,Transferencia,SmartTV,Lenta,US,Pickup
Invitado,Transferencia,SmartTV,Lenta,APAC,Economico
Invitado,Transferencia,SmartTV,Lenta,APAC,Estandar
Invitado,Transferencia,SmartTV,Lenta,APAC,Express
Invitado,Transferencia,SmartTV,Lenta,APAC,Pickup
Invitado,Transferencia,SmartTV,Intermitente,LATAM,Economico
Invitado,Transferencia,SmartTV,Intermitente,LATAM,Estandar
Invitado,Transferencia,SmartTV,Intermitente,LATAM,Express
Invitado,Transferencia,SmartTV,Intermitente,LATAM,Pickup
Invitado,Transferencia,SmartTV,Intermitente,EU,Economico
Invitado,Transferencia,SmartTV,Intermitente,EU,Estandar
Invitado,Transferencia,SmartTV,Intermitente,EU,Express
Invitado,Transferencia,SmartTV,Intermitente,EU,Pickup
Invitado,Transferencia,SmartTV,Intermitente,US,Economico
Invitado,Transferencia,SmartTV,Intermitente,US,Estandar
Invitado,Transferencia,SmartTV,Intermitente,US,Express
Invitado,Transferencia,SmartTV,Intermitente,US,Pickup
Invitado,Transferencia,SmartTV,Intermitente,APAC,Economico
Invitado,Transferencia,SmartTV,Intermitente,APAC,Estandar
Invitado,Transferencia,SmartTV,Intermitente,APAC,Express
Invitado,Transferencia,SmartTV,Intermitente,APAC,Pickup
Invitado,Transferencia,SmartTV,SinConexion,LATAM,Economico
Invitado,Transferencia,SmartTV,SinConexion,LATAM,Estandar
Invitado,Transferencia,SmartTV,SinConexion,LATAM,Express
Invitado,Transferencia,SmartTV,SinConexion,LATAM,Pickup
Invitado,Transferencia,SmartTV,SinConexion,EU,Economico
Invitado,Transferencia,SmartTV,SinConexion,EU,Estandar
Invitado,Transferencia,SmartTV,SinConexion,EU,Express
Invitado,Transferencia,SmartTV,SinConexion,EU,Pickup
Invitado,Transferencia,SmartTV,SinConexion,US,Economico
Invitado,Transferencia,SmartTV,SinConexion,US,Estandar
Invitado,Transferencia,SmartTV,SinConexion,US,Express
Invitado,Transferencia,SmartTV,SinConexion,US,Pickup
Invitado,Transferencia,SmartTV,SinConexion,APAC,Economico
Invitado,Transferencia,SmartTV,SinConexion,APAC,Estandar
Invitado,Transferencia,SmartTV,SinConexion,APAC,Express
Invitado,Transferencia,SmartTV,SinConexion,APAC,Pickup
Invitado,Transferencia,Consola,Buena,LATAM,Economico
Invitado,Transferencia,Consola,Buena,LATAM,Estandar
Invitado,Transferencia,Consola,Buena,LATAM,Express
Invitado,Transferencia,Consola,Buena,LATAM,Pickup
Invitado,Transferencia,Consola,Buena,EU,Economico
Invitado,Transferencia,Consola,Buena,EU,Estandar
Invitado,Transferencia,Consola,Buena,EU,Express
Invitado,Transferencia,Consola,Buena,EU,Pickup
Invitado,Transferencia,Consola,Buena,US,Economico
Invitado,Transferencia,Consola,Buena,US,Estandar
Invitado,Transferencia,Consola,Buena,US,Express
Invitado,Transferencia,Consola,Buena,US,Pickup
Invitado,Transferencia,Consola,Buena,APAC,Economico
Invitado,Transferencia,Consola,Buena,APAC,Estandar
Invitado,Transferencia,Consola,Buena,APAC,Express
Invitado,Transferencia,Consola,Buena,APAC,Pickup
Invitado,Transferencia,Consola,Media,LATAM,Economico
Invitado,Transferencia,Consola,Media,LATAM,Estandar
Invitado,Transferencia,Consola,Media,LATAM,Express
Invitado,Transferencia,Consola,Media,LATAM,Pickup
Invitado,Transferencia,Consola,Media,EU,Economico
Invitado,Transferencia,Consola,Media,EU,Estandar
Invitado,Transferencia,Consola,Media,EU,Express
Invitado,Transferencia,Consola,Media,EU,Pickup
Invitado,Transferencia,Consola,Media,US,Economico
Invitado,Transferencia,Consola,Media,US,Estandar
Invitado,Transferencia,Consola,Media,US,Express
Invitado,Transferencia,Consola,Media,US,Pickup
Invitado,Transferencia,Consola,Media,APAC,Economico
Invitado,Transferencia,Consola,Media,APAC,Estandar
Invitado,Transferencia,Consola,Media,APAC,Express
Invitado,Transferencia,Consola,Media,APAC,Pickup
Invitado,Transferencia,Consola,Lenta,LATAM,Economico
Invitado,Transferencia,Consola,Lenta,LATAM,Estandar
Invitado,Transferencia,Consola,Lenta,LATAM,Express
Invitado,Transferencia,Consola,Lenta,LATAM,Pickup
Invitado,Transferencia,Consola,Lenta,EU,Economico
Invitado,Transferencia,Consola,Lenta,EU,Estandar
Invitado,Transferencia,Consola,Lenta,EU,Express
Invitado,Transferencia,Consola,Lenta,EU,Pickup
Invitado,Transferencia,Consola,Lenta,US,Economico
Invitado,Transferencia,Consola,Lenta,US,Estandar
Invitado,Transferencia,Consola,Lenta,US,Express
Invitado,Transferencia,Consola,Lenta,US,Pickup
Invitado,Transferencia,Consola,Lenta,APAC,Economico
Invitado,Transferencia,Consola,Lenta,APAC,Estandar
Invitado,Transferencia,Consola,Lenta,APAC,Express
Invitado,Transferencia,Consola,Lenta,APAC,Pickup
Invitado,Transferencia,Consola,Intermitente,LATAM,Economico
Invitado,Transferencia,Consola,Intermitente,LATAM,Estandar
Invitado,Transferencia,Consola,Intermitente,LATAM,Express
Invitado,Transferencia,Consola,Intermitente,LATAM,Pickup
Invitado,Transferencia,Consola,Intermitente,EU,Economico
Invitado,Transferencia,Consola,Intermitente,EU,Estandar
Invitado,Transferencia,Consola,Intermitente,EU,Express
Invitado,Transferencia,Consola,Intermitente,EU,Pickup
Invitado,Transferencia,Consola,Intermitente,US,Economico
Invitado,Transferencia,Consola,Intermitente,US,Estandar
Invitado,Transferencia,Consola,Intermitente,US,Express
Invitado,Transferencia,Consola,Intermitente,US,Pickup
Invitado,Transferencia,Consola,Intermitente,APAC,Economico
Invitado,Transferencia,Consola,Intermitente,APAC,Estandar
Invitado,Transferencia,Consola,Intermitente,APAC,Express
Invitado,Transferencia,Consola,Intermitente,APAC,Pickup
Invitado,Transferencia,Consola,SinConexion,LATAM,Economico
Invitado,Transferencia,Consola,SinConexion,LATAM,Estandar
Invitado,Transferencia,Consola,SinConexion,LATAM,Express
Invitado,Transferencia,Consola,SinConexion,LATAM,Pickup
Invitado,Transferencia,Consola,SinConexion,EU,Economico
Invitado,Transferencia,Consola,SinConexion,EU,Estandar
Invitado,Transferencia,Consola,SinConexion,EU,Express
Invitado,Transferencia,Consola,SinConexion,EU,Pickup
Invitado,Transferencia,Consola,SinConexion,US,Economico
Invitado,Transferencia,Consola,SinConexion,US,Estandar
Invitado,Transferencia,Consola,SinConexion,US,Express
Invitado,Transferencia,Consola,SinConexion,US,Pickup
Invitado,Transferencia,Consola,SinConexion,APAC,Economico
Invitado,Transferencia,Consola,SinConexion,APAC,Estandar
Invitado,Transferencia,Consola,SinConexion,APAC,Express
Invitado,Transferencia,Consola,SinConexion,APAC,Pickup
Invitado,Contraentrega,Movil,Buena,LATAM,Economico
Invitado,Contraentrega,Movil,Buena,LATAM,Estandar
Invitado,Contraentrega,Movil,Buena,LATAM,Express
Invitado,Contraentrega,Movil,Buena,LATAM,Pickup
Invitado,Contraentrega,Movil,Buena,EU,Economico
Invitado,Contraentrega,Movil,Buena,EU,Estandar
Invitado,Contraentrega,Movil,Buena,EU,Express
Invitado,Contraentrega,Movil,Buena,EU,Pickup
Invitado,Contraentrega,Movil,Buena,US,Economico
Invitado,Contraentrega,Movil,Buena,US,Estandar
Invitado,Contraentrega,Movil,Buena,US,Express
Invitado,Contraentrega,Movil,Buena,US,Pickup
Invitado,Contraentrega,Movil,Buena,APAC,Economico
Invitado,Contraentrega,Movil,Buena,APAC,Estandar
Invitado,Contraentrega,Movil,Buena,APAC,Express
Invitado,Contraentrega,Movil,Buena,APAC,Pickup
Invitado,Contraentrega,Movil,Media,LATAM,Economico
Invitado,Contraentrega,Movil,Media,LATAM,Estandar
Invitado,Contraentrega,Movil,Media,LATAM,Express
Invitado,Contraentrega,Movil,Media,LATAM,Pickup
Invitado,Contraentrega,Movil,Media,EU,Economico
Invitado,Contraentrega,Movil,Media,EU,Estandar
Invitado,Contraentrega,Movil,Media,EU,Express
Invitado,Contraentrega,Movil,Media,EU,Pickup
Invitado,Contraentrega,Movil,Media,US,Economico
Invitado,Contraentrega,Movil,Media,US,Estandar
Invitado,Contraentrega,Movil,Media,US,Express
Invitado,Contraentrega,Movil,Media,US,Pickup
Invitado,Contraentrega,Movil,Media,APAC,Economico
Invitado,Contraentrega,Movil,Media,APAC,Estandar
Invitado,Contraentrega,Movil,Media,APAC,Express
Invitado,Contraentrega,Movil,Media,APAC,Pickup
Invitado,Contraentrega,Movil,Lenta,LATAM,Economico
Invitado,Contraentrega,Movil,Lenta,LATAM,Estandar
Invitado,Contraentrega,Movil,Lenta,LATAM,Express
Invitado,Contraentrega,Movil,Lenta,LATAM,Pickup
Invitado,Contraentrega,Movil,Lenta,EU,Economico
Invitado,Contraentrega,Movil,Lenta,EU,Estandar
Invitado,Contraentrega,Movil,Lenta,EU,Express
Invitado,Contraentrega,Movil,Lenta,EU,Pickup
Invitado,Contraentrega,Movil,Lenta,US,Economico
Invitado,Contraentrega,Movil,Lenta,US,Estandar
Invitado,Contraentrega,Movil,Lenta,US,Express
Invitado,Contraentrega,Movil,Lenta,US,Pickup
Invitado,Contraentrega,Movil,Lenta,APAC,Economico
Invitado,Contraentrega,Movil,Lenta,APAC,Estandar
Invitado,Contraentrega,Movil,Lenta,APAC,Express
Invitado,Contraentrega,Movil,Lenta,APAC,Pickup
Invitado,Contraentrega,Movil,Intermitente,LATAM,Economico
Invitado,Contraentrega,Movil,Intermitente,LATAM,Estandar
Invitado,Contraentrega,Movil,Intermitente,LATAM,Express
Invitado,Contraentrega,Movil,Intermitente,LATAM,Pickup
Invitado,Contraentrega,Movil,Intermitente,EU,Economico
Invitado,Contraentrega,Movil,Intermitente,EU,Estandar
Invitado,Contraentrega,Movil,Intermitente,EU,Express
Invitado,Contraentrega,Movil,Intermitente,EU,Pickup
Invitado,Contraentrega,Movil,Intermitente,US,Economico
Invitado,Contraentrega,Movil,Intermitente,US,Estandar
Invitado,Contraentrega,Movil,Intermitente,US,Express
Invitado,Contraentrega,Movil,Intermitente,US,Pickup
Invitado,Contraentrega,Movil,Intermitente,APAC,Economico
Invitado,Contraentrega,Movil,Intermitente,APAC,Estandar
Invitado,Contraentrega,Movil,Intermitente,APAC,Express
Invitado,Contraentrega,Movil,Intermitente,APAC,Pickup
Invitado,Contraentrega,Movil,SinConexion,LATAM,Economico
Invitado,Contraentrega,Movil,SinConexion,LATAM,Estandar
Invitado,Contraentrega,Movil,SinConexion,LATAM,Express
Invitado,Contraentrega,Movil,SinConexion,LATAM,Pickup
Invitado,Contraentrega,Movil,SinConexion,EU,Economico
Invitado,Contraentrega,Movil,SinConexion,EU,Estandar
Invitado,Contraentrega,Movil,SinConexion,EU,Express
Invitado,Contraentrega,Movil,SinConexion,EU,Pickup
Invitado,Contraentrega,Movil,SinConexion,US,Economico
Invitado,Contraentrega,Movil,SinConexion,US,Estandar
Invitado,Contraentrega,Movil,SinConexion,US,Express
Invitado,Contraentrega,Movil,SinConexion,US,Pickup
Invitado,Contraentrega,Movil,SinConexion,APAC,Economico
Invitado,Contraentrega,Movil,SinConexion,APAC,Estandar
Invitado,Contraentrega,Movil,SinConexion,APAC,Express
Invitado,Contraentrega,Movil,SinConexion,APAC,Pickup
Invitado,Contraentrega,Desktop,Buena,LATAM,Economico
Invitado,Contraentrega,Desktop,Buena,LATAM,Estandar
Invitado,Contraentrega,Desktop,Buena,LATAM,Express
Invitado,Contraentrega,Desktop,Buena,LATAM,Pickup
Invitado,Contraentrega,Desktop,Buena,EU,Economico
Invitado,Contraentrega,Desktop,Buena,EU,Estandar
Invitado,Contraentrega,Desktop,Buena,EU,Express
Invitado,Contraentrega,Desktop,Buena,EU,Pickup
Invitado,Contraentrega,Desktop,Buena,US,Economico
Invitado,Contraentrega,Desktop,Buena,US,Estandar
Invitado,Contraentrega,Desktop,Buena,US,Express
Invitado,Contraentrega,Desktop,Buena,US,Pickup
Invitado,Contraentrega,Desktop,Buena,APAC,Economico
Invitado,Contraentrega,Desktop,Buena,APAC,Estandar
Invitado,Contraentrega,Desktop,Buena,APAC,Express
Invitado,Contraentrega,Desktop,Buena,APAC,Pickup
Invitado,Contraentrega,Desktop,Media,LATAM,Economico
Invitado,Contraentrega,Desktop,Media,LATAM,Estandar
Invitado,Contraentrega,Desktop,Media,LATAM,Express
Invitado,Contraentrega,Desktop,Media,LATAM,Pickup
Invitado,Contraentrega,Desktop,Media,EU,Economico
Invitado,Contraentrega,Desktop,Media,EU,Estandar
Invitado,Contraentrega,Desktop,Media,EU,Express
Invitado,Contraentrega,Desktop,Media,EU,Pickup
Invitado,Contraentrega,Desktop,Media,US,Economico
Invitado,Contraentrega,Desktop,Media,US,Estandar
Invitado,Contraentrega,Desktop,Media,US,Express
Invitado,Contraentrega,Desktop,Media,US,Pickup
Invitado,Contraentrega,Desktop,Media,APAC,Economico
Invitado,Contraentrega,Desktop,Media,APAC,Estandar
Invitado,Contraentrega,Desktop,Media,APAC,Express
Invitado,Contraentrega,Desktop,Media,APAC,Pickup
Invitado,Contraentrega,Desktop,Lenta,LATAM,Economico
Invitado,Contraentrega,Desktop,Lenta,LATAM,Estandar
Invitado,Contraentrega,Desktop,Lenta,LATAM,Express
Invitado,Contraentrega,Desktop,Lenta,LATAM,Pickup
Invitado,Contraentrega,Desktop,Lenta,EU,Economico
Invitado,Contraentrega,Desktop,Lenta,EU,Estandar
Invitado,Contraentrega,Desktop,Lenta,EU,Express
Invitado,Contraentrega,Desktop,Lenta,EU,Pickup
Invitado,Contraentrega,Desktop,Lenta,US,Economico
Invitado,Contraentrega,Desktop,Lenta,US,Estandar
Invitado,Contraentrega,Desktop,Lenta,US,Express
Invitado,Contraentrega,Desktop,Lenta,US,Pickup
Invitado,Contraentrega,Desktop,Lenta,APAC,Economico
Invitado,Contraentrega,Desktop,Lenta,APAC,Estandar
Invitado,Contraentrega,Desktop,Lenta,APAC,Express
Invitado,Contraentrega,Desktop,Lenta,APAC,Pickup
Invitado,Contraentrega,Desktop,Intermitente,LATAM,Economico
Invitado,Contraentrega,Desktop,Intermitente,LATAM,Estandar
Invitado,Contraentrega,Desktop,Intermitente,LATAM,Express
Invitado,Contraentrega,Desktop,Intermitente,LATAM,Pickup
Invitado,Contraentrega,Desktop,Intermitente,EU,Economico
Invitado,Contraentrega,Desktop,Intermitente,EU,Estandar
Invitado,Contraentrega,Desktop,Intermitente,EU,Express
Invitado,Contraentrega,Desktop,Intermitente,EU,Pickup
Invitado,Contraentrega,Desktop,Intermitente,US,Economico
Invitado,Contraentrega,Desktop,Intermitente,US,Estandar
Invitado,Contraentrega,Desktop,Intermitente,US,Express
Invitado,Contraentrega,Desktop,Intermitente,US,Pickup
Invitado,Contraentrega,Desktop,Intermitente,APAC,Economico
Invitado,Contraentrega,Desktop,Intermitente,APAC,Estandar
Invitado,Contraentrega,Desktop,Intermitente,APAC,Express
Invitado,Contraentrega,Desktop,Intermitente,APAC,Pickup
Invitado,Contraentrega,Desktop,SinConexion,LATAM,Economico
Invitado,Contraentrega,Desktop,SinConexion,LATAM,Estandar
Invitado,Contraentrega,Desktop,SinConexion,LATAM,Express
Invitado,Contraentrega,Desktop,SinConexion,LATAM,Pickup
Invitado,Contraentrega,Desktop,SinConexion,EU,Economico
Invitado,Contraentrega,Desktop,SinConexion,EU,Estandar
Invitado,Contraentrega,Desktop,SinConexion,EU,Express
Invitado,Contraentrega,Desktop,SinConexion,EU,Pickup
Invitado,Contraentrega,Desktop,SinConexion,US,Economico
Invitado,Contraentrega,Desktop,SinConexion,US,Estandar
Invitado,Contraentrega,Desktop,SinConexion,US,Express
Invitado,Contraentrega,Desktop,SinConexion,US,Pickup
Invitado,Contraentrega,Desktop,SinConexion,APAC,Economico
Invitado,Contraentrega,Desktop,SinConexion,APAC,Estandar
Invitado,Contraentrega,Desktop,SinConexion,APAC,Express
Invitado,Contraentrega,Desktop,SinConexion,APAC,Pickup
Invitado,Contraentrega,Tableta,Buena,LATAM,Economico
Invitado,Contraentrega,Tableta,Buena,LATAM,Estandar
Invitado,Contraentrega,Tableta,Buena,LATAM,Express
Invitado,Contraentrega,Tableta,Buena,LATAM,Pickup
Invitado,Contraentrega,Tableta,Buena,EU,Economico
Invitado,Contraentrega,Tableta,Buena,EU,Estandar
Invitado,Contraentrega,Tableta,Buena,EU,Express
Invitado,Contraentrega,Tableta,Buena,EU,Pickup
Invitado,Contraentrega,Tableta,Buena,US,Economico
Invitado,Contraentrega,Tableta,Buena,US,Estandar
Invitado,Contraentrega,Tableta,Buena,US,Express
Invitado,Contraentrega,Tableta,Buena,US,Pickup
Invitado,Contraentrega,Tableta,Buena,APAC,Economico
Invitado,Contraentrega,Tableta,Buena,APAC,Estandar
Invitado,Contraentrega,Tableta,Buena,APAC,Express
Invitado,Contraentrega,Tableta,Buena,APAC,Pickup
Invitado,Contraentrega,Tableta,Media,LATAM,Economico
Invitado,Contraentrega,Tableta,Media,LATAM,Estandar
Invitado,Contraentrega,Tableta,Media,LATAM,Express
Invitado,Contraentrega,Tableta,Media,LATAM,Pickup
Invitado,Contraentrega,Tableta,Media,EU,Economico
Invitado,Contraentrega,Tableta,Media,EU,Estandar
Invitado,Contraentrega,Tableta,Media,EU,Express
Invitado,Contraentrega,Tableta,Media,EU,Pickup
Invitado,Contraentrega,Tableta,Media,US,Economico
Invitado,Contraentrega,Tableta,Media,US,Estandar
Invitado,Contraentrega,Tableta,Media,US,Express
Invitado,Contraentrega,Tableta,Media,US,Pickup
Invitado,Contraentrega,Tableta,Media,APAC,Economico
Invitado,Contraentrega,Tableta,Media,APAC,Estandar
Invitado,Contraentrega,Tableta,Media,APAC,Express
Invitado,Contraentrega,Tableta,Media,APAC,Pickup
Invitado,Contraentrega,Tableta,Lenta,LATAM,Economico
Invitado,Contraentrega,Tableta,Lenta,LATAM,Estandar
Invitado,Contraentrega,Tableta,Lenta,LATAM,Express
Invitado,Contraentrega,Tableta,Lenta,LATAM,Pickup
Invitado,Contraentrega,Tableta,Lenta,EU,Economico
Invitado,Contraentrega,Tableta,Lenta,EU,Estandar
Invitado,Contraentrega,Tableta,Lenta,EU,Express
Invitado,Contraentrega,Tableta,Lenta,EU,Pickup
Invitado,Contraentrega,Tableta,Lenta,US,Economico
Invitado,Contraentrega,Tableta,Lenta,US,Estandar
Invitado,Contraentrega,Tableta,Lenta,US,Express
Invitado,Contraentrega,Tableta,Lenta,US,Pickup
Invitado,Contraentrega,Tableta,Lenta,APAC,Economico
Invitado,Contraentrega,Tableta,Lenta,APAC,Estandar
Invitado,Contraentrega,Tableta,Lenta,APAC,Express
Invitado,Contraentrega,Tableta,Lenta,APAC,Pickup
Invitado,Contraentrega,Tableta,Intermitente,LATAM,Economico
Invitado,Contraentrega,Tableta,Intermitente,LATAM,Estandar
Invitado,Contraentrega,Tableta,Intermitente,LATAM,Express
Invitado,Contraentrega,Tableta,Intermitente,LATAM,Pickup
Invitado,Contraentrega,Tableta,Intermitente,EU,Economico
Invitado,Contraentrega,Tableta,Intermitente,EU,Estandar
Invitado,Contraentrega,Tableta,Intermitente,EU,Express
Invitado,Contraentrega,Tableta,Intermitente,EU,Pickup
Invitado,Contraentrega,Tableta,Intermitente,US,Economico
Invitado,Contraentrega,Tableta,Intermitente,US,Estandar
Invitado,Contraentrega,Tableta,Intermitente,US,Express
Invitado,Contraentrega,Tableta,Intermitente,US,Pickup
Invitado,Contraentrega,Tableta,Intermitente,APAC,Economico
Invitado,Contraentrega,Tableta,Intermitente,APAC,Estandar
Invitado,Contraentrega,Tableta,Intermitente,APAC,Express
Invitado,Contraentrega,Tableta,Intermitente,APAC,Pickup
Invitado,Contraentrega,Tableta,SinConexion,LATAM,Economico
Invitado,Contraentrega,Tableta,SinConexion,LATAM,Estandar
Invitado,Contraentrega,Tableta,SinConexion,LATAM,Express
Invitado,Contraentrega,Tableta,SinConexion,LATAM,Pickup
Invitado,Contraentrega,Tableta,SinConexion,EU,Economico
Invitado,Contraentrega,Tableta,SinConexion,EU,Estandar
Invitado,Contraentrega,Tableta,SinConexion,EU,Express
Invitado,Contraentrega,Tableta,SinConexion,EU,Pickup
Invitado,Contraentrega,Tableta,SinConexion,US,Economico
Invitado,Contraentrega,Tableta,SinConexion,US,Estandar
Invitado,Contraentrega,Tableta,SinConexion,US,Express
Invitado,Contraentrega,Tableta,SinConexion,US,Pickup
Invitado,Contraentrega,Tableta,SinConexion,APAC,Economico
Invitado,Contraentrega,Tableta,SinConexion,APAC,Estandar
Invitado,Contraentrega,Tableta,SinConexion,APAC,Express
Invitado,Contraentrega,Tableta,SinConexion,APAC,Pickup
Invitado,Contraentrega,SmartTV,Buena,LATAM,Economico
Invitado,Contraentrega,SmartTV,Buena,LATAM,Estandar
Invitado,Contraentrega,SmartTV,Buena,LATAM,Express
Invitado,Contraentrega,SmartTV,Buena,LATAM,Pickup
Invitado,Contraentrega,SmartTV,Buena,EU,Economico
Invitado,Contraentrega,SmartTV,Buena,EU,Estandar
Invitado,Contraentrega,SmartTV,Buena,EU,Express
Invitado,Contraentrega,SmartTV,Buena,EU,Pickup
Invitado,Contraentrega,SmartTV,Buena,US,Economico
Invitado,Contraentrega,SmartTV,Buena,US,Estandar
Invitado,Contraentrega,SmartTV,Buena,US,Express
Invitado,Contraentrega,SmartTV,Buena,US,Pickup
Invitado,Contraentrega,SmartTV,Buena,APAC,Economico
Invitado,Contraentrega,SmartTV,Buena,APAC,Estandar
Invitado,Contraentrega,SmartTV,Buena,APAC,Express
Invitado,Contraentrega,SmartTV,Buena,APAC,Pickup
Invitado,Contraentrega,SmartTV,Media,LATAM,Economico
Invitado,Contraentrega,SmartTV,Media,LATAM,Estandar
Invitado,Contraentrega,SmartTV,Media,LATAM,Express
Invitado,Contraentrega,SmartTV,Media,LATAM,Pickup
Invitado,Contraentrega,SmartTV,Media,EU,Economico
Invitado,Contraentrega,SmartTV,Media,EU,Estandar
Invitado,Contraentrega,SmartTV,Media,EU,Express
Invitado,Contraentrega,SmartTV,Media,EU,Pickup
Invitado,Contraentrega,SmartTV,Media,US,Economico
Invitado,Contraentrega,SmartTV,Media,US,Estandar
Invitado,Contraentrega,SmartTV,Media,US,Express
Invitado,Contraentrega,SmartTV,Media,US,Pickup
Invitado,Contraentrega,SmartTV,Media,APAC,Economico
Invitado,Contraentrega,SmartTV,Media,APAC,Estandar
Invitado,Contraentrega,SmartTV,Media,APAC,Express
Invitado,Contraentrega,SmartTV,Media,APAC,Pickup
Invitado,Contraentrega,SmartTV,Lenta,LATAM,Economico
Invitado,Contraentrega,SmartTV,Lenta,LATAM,Estandar
Invitado,Contraentrega,SmartTV,Lenta,LATAM,Express
Invitado,Contraentrega,SmartTV,Lenta,LATAM,Pickup
Invitado,Contraentrega,SmartTV,Lenta,EU,Economico
Invitado,Contraentrega,SmartTV,Lenta,EU,Estandar
Invitado,Contraentrega,SmartTV,Lenta,EU,Express
Invitado,Contraentrega,SmartTV,Lenta,EU,Pickup
Invitado,Contraentrega,SmartTV,Lenta,US,Economico
Invitado,Contraentrega,SmartTV,Lenta,US,Estandar
Invitado,Contraentrega,SmartTV,Lenta,US,Express
Invitado,Contraentrega,SmartTV,Lenta,US,Pickup
Invitado,Contraentrega,SmartTV,Lenta,APAC,Economico
Invitado,Contraentrega,SmartTV,Lenta,APAC,Estandar
Invitado,Contraentrega,SmartTV,Lenta,APAC,Express
Invitado,Contraentrega,SmartTV,Lenta,APAC,Pickup
Invitado,Contraentrega,SmartTV,Intermitente,LATAM,Economico
Invitado,Contraentrega,SmartTV,Intermitente,LATAM,Estandar
Invitado,Contraentrega,SmartTV,Intermitente,LATAM,Express
Invitado,Contraentrega,SmartTV,Intermitente,LATAM,Pickup
Invitado,Contraentrega,SmartTV,Intermitente,EU,Economico
Invitado,Contraentrega,SmartTV,Intermitente,EU,Estandar
Invitado,Contraentrega,SmartTV,Intermitente,EU,Express
Invitado,Contraentrega,SmartTV,Intermitente,EU,Pickup
Invitado,Contraentrega,SmartTV,Intermitente,US,Economico
Invitado,Contraentrega,SmartTV,Intermitente,US,Estandar
Invitado,Contraentrega,SmartTV,Intermitente,US,Express
Invitado,Contraentrega,SmartTV,Intermitente,US,Pickup
Invitado,Contraentrega,SmartTV,Intermitente,APAC,Economico
Invitado,Contraentrega,SmartTV,Intermitente,APAC,Estandar
Invitado,Contraentrega,SmartTV,Intermitente,APAC,Express
Invitado,Contraentrega,SmartTV,Intermitente,APAC,Pickup
Invitado,Contraentrega,SmartTV,SinConexion,LATAM,Economico
Invitado,Contraentrega,SmartTV,SinConexion,LATAM,Estandar
Invitado,Contraentrega,SmartTV,SinConexion,LATAM,Express
Invitado,Contraentrega,SmartTV,SinConexion,LATAM,Pickup
Invitado,Contraentrega,SmartTV,SinConexion,EU,Economico
Invitado,Contraentrega,SmartTV,SinConexion,EU,Estandar
Invitado,Contraentrega,SmartTV,SinConexion,EU,Express
Invitado,Contraentrega,SmartTV,SinConexion,EU,Pickup
Invitado,Contraentrega,SmartTV,SinConexion,US,Economico
Invitado,Contraentrega,SmartTV,SinConexion,US,Estandar
Invitado,Contraentrega,SmartTV,SinConexion,US,Express
Invitado,Contraentrega,SmartTV,SinConexion,US,Pickup
Invitado,Contraentrega,SmartTV,SinConexion,APAC,Economico
Invitado,Contraentrega,SmartTV,SinConexion,APAC,Estandar
Invitado,Contraentrega,SmartTV,SinConexion,APAC,Express
Invitado,Contraentrega,SmartTV,SinConexion,APAC,Pickup
Invitado,Contraentrega,Consola,Buena,LATAM,Economico
Invitado,Contraentrega,Consola,Buena,LATAM,Estandar
Invitado,Contraentrega,Consola,Buena,LATAM,Express
Invitado,Contraentrega,Consola,Buena,LATAM,Pickup
Invitado,Contraentrega,Consola,Buena,EU,Economico
Invitado,Contraentrega,Consola,Buena,EU,Estandar
Invitado,Contraentrega,Consola,Buena,EU,Express
Invitado,Contraentrega,Consola,Buena,EU,Pickup
Invitado,Contraentrega,Consola,Buena,US,Economico
Invitado,Contraentrega,Consola,Buena,US,Estandar
Invitado,Contraentrega,Consola,Buena,US,Express
Invitado,Contraentrega,Consola,Buena,US,Pickup
Invitado,Contraentrega,Consola,Buena,APAC,Economico
Invitado,Contraentrega,Consola,Buena,APAC,Estandar
Invitado,Contraentrega,Consola,Buena,APAC,Express
Invitado,Contraentrega,Consola,Buena,APAC,Pickup
Invitado,Contraentrega,Consola,Media,LATAM,Economico
Invitado,Contraentrega,Consola,Media,LATAM,Estandar
Invitado,Contraentrega,Consola,Media,LATAM,Express
Invitado,Contraentrega,Consola,Media,LATAM,Pickup
Invitado,Contraentrega,Consola,Media,EU,Economico
Invitado,Contraentrega,Consola,Media,EU,Estandar
Invitado,Contraentrega,Consola,Media,EU,Express
Invitado,Contraentrega,Consola,Media,EU,Pickup
Invitado,Contraentrega,Consola,Media,US,Economico
Invitado,Contraentrega,Consola,Media,US,Estandar
Invitado,Contraentrega,Consola,Media,US,Express
Invitado,Contraentrega,Consola,Media,US,Pickup
Invitado,Contraentrega,Consola,Media,APAC,Economico
Invitado,Contraentrega,Consola,Media,APAC,Estandar
Invitado,Contraentrega,Consola,Media,APAC,Express
Invitado,Contraentrega,Consola,Media,APAC,Pickup
Invitado,Contraentrega,Consola,Lenta,LATAM,Economico
Invitado,Contraentrega,Consola,Lenta,LATAM,Estandar
Invitado,Contraentrega,Consola,Lenta,LATAM,Express
Invitado,Contraentrega,Consola,Lenta,LATAM,Pickup
Invitado,Contraentrega,Consola,Lenta,EU,Economico
Invitado,Contraentrega,Consola,Lenta,EU,Estandar
Invitado,Contraentrega,Consola,Lenta,EU,Express
Invitado,Contraentrega,Consola,Lenta,EU,Pickup
Invitado,Contraentrega,Consola,Lenta,US,Economico
Invitado,Contraentrega,Consola,Lenta,US,Estandar
Invitado,Contraentrega,Consola,Lenta,US,Express
Invitado,Contraentrega,Consola,Lenta,US,Pickup
Invitado,Contraentrega,Consola,Lenta,APAC,Economico
Invitado,Contraentrega,Consola,Lenta,APAC,Estandar
Invitado,Contraentrega,Consola,Lenta,APAC,Express
Invitado,Contraentrega,Consola,Lenta,APAC,Pickup
Invitado,Contraentrega,Consola,Intermitente,LATAM,Economico
Invitado,Contraentrega,Consola,Intermitente,LATAM,Estandar
Invitado,Contraentrega,Consola,Intermitente,LATAM,Express
Invitado,Contraentrega,Consola,Intermitente,LATAM,Pickup
Invitado,Contraentrega,Consola,Intermitente,EU,Economico
Invitado,Contraentrega,Consola,Intermitente,EU,Estandar
Invitado,Contraentrega,Consola,Intermitente,EU,Express
Invitado,Contraentrega,Consola,Intermitente,EU,Pickup
Invitado,Contraentrega,Consola,Intermitente,US,Economico
Invitado,Contraentrega,Consola,Intermitente,US,Estandar
Invitado,Contraentrega,Consola,Intermitente,US,Express
Invitado,Contraentrega,Consola,Intermitente,US,Pickup
Invitado,Contraentrega,Consola,Intermitente,APAC,Economico
Invitado,Contraentrega,Consola,Intermitente,APAC,Estandar
Invitado,Contraentrega,Consola,Intermitente,APAC,Express
Invitado,Contraentrega,Consola,Intermitente,APAC,Pickup
Invitado,Contraentrega,Consola,SinConexion,LATAM,Economico
Invitado,Contraentrega,Consola,SinConexion,LATAM,Estandar
Invitado,Contraentrega,Consola,SinConexion,LATAM,Express
Invitado,Contraentrega,Consola,SinConexion,LATAM,Pickup
Invitado,Contraentrega,Consola,SinConexion,EU,Economico
Invitado,Contraentrega,Consola,SinConexion,EU,Estandar
Invitado,Contraentrega,Consola,SinConexion,EU,Express
Invitado,Contraentrega,Consola,SinConexion,EU,Pickup
Invitado,Contraentrega,Consola,SinConexion,US,Economico
Invitado,Contraentrega,Consola,SinConexion,US,Estandar
Invitado,Contraentrega,Consola,SinConexion,US,Express
Invitado,Contraentrega,Consola,SinConexion,US,Pickup
Invitado,Contraentrega,Consola,SinConexion,APAC,Economico
Invitado,Contraentrega,Consola,SinConexion,APAC,Estandar
Invitado,Contraentrega,Consola,SinConexion,APAC,Express
Invitado,Contraentrega,Consola,SinConexion,APAC,Pickup
Invitado,Cripto,Movil,Buena,LATAM,Economico
Invitado,Cripto,Movil,Buena,LATAM,Estandar
Invitado,Cripto,Movil,Buena,LATAM,Express
Invitado,Cripto,Movil,Buena,LATAM,Pickup
Invitado,Cripto,Movil,Buena,EU,Economico
Invitado,Cripto,Movil,Buena,EU,Estandar
Invitado,Cripto,Movil,Buena,EU,Express
Invitado,Cripto,Movil,Buena,EU,Pickup
Invitado,Cripto,Movil,Buena,US,Economico
Invitado,Cripto,Movil,Buena,US,Estandar
Invitado,Cripto,Movil,Buena,US,Express
Invitado,Cripto,Movil,Buena,US,Pickup
Invitado,Cripto,Movil,Buena,APAC,Economico
Invitado,Cripto,Movil,Buena,APAC,Estandar
Invitado,Cripto,Movil,Buena,APAC,Express
Invitado,Cripto,Movil,Buena,APAC,Pickup
Invitado,Cripto,Movil,Media,LATAM,Economico
Invitado,Cripto,Movil,Media,LATAM,Estandar
Invitado,Cripto,Movil,Media,LATAM,Express
Invitado,Cripto,Movil,Media,LATAM,Pickup
Invitado,Cripto,Movil,Media,EU,Economico
Invitado,Cripto,Movil,Media,EU,Estandar
Invitado,Cripto,Movil,Media,EU,Express
Invitado,Cripto,Movil,Media,EU,Pickup
Invitado,Cripto,Movil,Media,US,Economico
Invitado,Cripto,Movil,Media,US,Estandar
Invitado,Cripto,Movil,Media,US,Express
Invitado,Cripto,Movil,Media,US,Pickup
Invitado,Cripto,Movil,Media,APAC,Economico
Invitado,Cripto,Movil,Media,APAC,Estandar
Invitado,Cripto,Movil,Media,APAC,Express
Invitado,Cripto,Movil,Media,APAC,Pickup
Invitado,Cripto,Movil,Lenta,LATAM,Economico
Invitado,Cripto,Movil,Lenta,LATAM,Estandar
Invitado,Cripto,Movil,Lenta,LATAM,Express
Invitado,Cripto,Movil,Lenta,LATAM,Pickup
Invitado,Cripto,Movil,Lenta,EU,Economico
Invitado,Cripto,Movil,Lenta,EU,Estandar
Invitado,Cripto,Movil,Lenta,EU,Express
Invitado,Cripto,Movil,Lenta,EU,Pickup
Invitado,Cripto,Movil,Lenta,US,Economico
Invitado,Cripto,Movil,Lenta,US,Estandar
Invitado,Cripto,Movil,Lenta,US,Express
Invitado,Cripto,Movil,Lenta,US,Pickup
Invitado,Cripto,Movil,Lenta,APAC,Economico
Invitado,Cripto,Movil,Lenta,APAC,Estandar
Invitado,Cripto,Movil,Lenta,APAC,Express
Invitado,Cripto,Movil,Lenta,APAC,Pickup
Invitado,Cripto,Movil,Intermitente,LATAM,Economico
Invitado,Cripto,Movil,Intermitente,LATAM,Estandar
Invitado,Cripto,Movil,Intermitente,LATAM,Express
Invitado,Cripto,Movil,Intermitente,LATAM,Pickup
Invitado,Cripto,Movil,Intermitente,EU,Economico
Invitado,Cripto,Movil,Intermitente,EU,Estandar
Invitado,Cripto,Movil,Intermitente,EU,Express
Invitado,Cripto,Movil,Intermitente,EU,Pickup
Invitado,Cripto,Movil,Intermitente,US,Economico
Invitado,Cripto,Movil,Intermitente,US,Estandar
Invitado,Cripto,Movil,Intermitente,US,Express
Invitado,Cripto,Movil,Intermitente,US,Pickup
Invitado,Cripto,Movil,Intermitente,APAC,Economico
Invitado,Cripto,Movil,Intermitente,APAC,Estandar
Invitado,Cripto,Movil,Intermitente,APAC,Express
Invitado,Cripto,Movil,Intermitente,APAC,Pickup
Invitado,Cripto,Movil,SinConexion,LATAM,Economico
Invitado,Cripto,Movil,SinConexion,LATAM,Estandar
Invitado,Cripto,Movil,SinConexion,LATAM,Express
Invitado,Cripto,Movil,SinConexion,LATAM,Pickup
Invitado,Cripto,Movil,SinConexion,EU,Economico
Invitado,Cripto,Movil,SinConexion,EU,Estandar
Invitado,Cripto,Movil,SinConexion,EU,Express
Invitado,Cripto,Movil,SinConexion,EU,Pickup
Invitado,Cripto,Movil,SinConexion,US,Economico
Invitado,Cripto,Movil,SinConexion,US,Estandar
Invitado,Cripto,Movil,SinConexion,US,Express
Invitado,Cripto,Movil,SinConexion,US,Pickup
Invitado,Cripto,Movil,SinConexion,APAC,Economico
Invitado,Cripto,Movil,SinConexion,APAC,Estandar
Invitado,Cripto,Movil,SinConexion,APAC,Express
Invitado,Cripto,Movil,SinConexion,APAC,Pickup
Invitado,Cripto,Desktop,Buena,LATAM,Economico
Invitado,Cripto,Desktop,Buena,LATAM,Estandar
Invitado,Cripto,Desktop,Buena,LATAM,Express
Invitado,Cripto,Desktop,Buena,LATAM,Pickup
Invitado,Cripto,Desktop,Buena,EU,Economico
Invitado,Cripto,Desktop,Buena,EU,Estandar
Invitado,Cripto,Desktop,Buena,EU,Express
Invitado,Cripto,Desktop,Buena,EU,Pickup
Invitado,Cripto,Desktop,Buena,US,Economico
Invitado,Cripto,Desktop,Buena,US,Estandar
Invitado,Cripto,Desktop,Buena,US,Express
Invitado,Cripto,Desktop,Buena,US,Pickup
Invitado,Cripto,Desktop,Buena,APAC,Economico
Invitado,Cripto,Desktop,Buena,APAC,Estandar
Invitado,Cripto,Desktop,Buena,APAC,Express
Invitado,Cripto,Desktop,Buena,APAC,Pickup
Invitado,Cripto,Desktop,Media,LATAM,Economico
Invitado,Cripto,Desktop,Media,LATAM,Estandar
Invitado,Cripto,Desktop,Media,LATAM,Express
Invitado,Cripto,Desktop,Media,LATAM,Pickup
Invitado,Cripto,Desktop,Media,EU,Economico
Invitado,Cripto,Desktop,Media,EU,Estandar
Invitado,Cripto,Desktop,Media,EU,Express
Invitado,Cripto,Desktop,Media,EU,Pickup
Invitado,Cripto,Desktop,Media,US,Economico
Invitado,Cripto,Desktop,Media,US,Estandar
Invitado,Cripto,Desktop,Media,US,Express
Invitado,Cripto,Desktop,Media,US,Pickup
Invitado,Cripto,Desktop,Media,APAC,Economico
Invitado,Cripto,Desktop,Media,APAC,Estandar
Invitado,Cripto,Desktop,Media,APAC,Express
Invitado,Cripto,Desktop,Media,APAC,Pickup
Invitado,Cripto,Desktop,Lenta,LATAM,Economico
Invitado,Cripto,Desktop,Lenta,LATAM,Estandar
Invitado,Cripto,Desktop,Lenta,LATAM,Express
Invitado,Cripto,Desktop,Lenta,LATAM,Pickup
Invitado,Cripto,Desktop,Lenta,EU,Economico
Invitado,Cripto,Desktop,Lenta,EU,Estandar
Invitado,Cripto,Desktop,Lenta,EU,Express
Invitado,Cripto,Desktop,Lenta,EU,Pickup
Invitado,Cripto,Desktop,Lenta,US,Economico
Invitado,Cripto,Desktop,Lenta,US,Estandar
Invitado,Cripto,Desktop,Lenta,US,Express
Invitado,Cripto,Desktop,Lenta,US,Pickup
Invitado,Cripto,Desktop,Lenta,APAC,Economico
Invitado,Cripto,Desktop,Lenta,APAC,Estandar
Invitado,Cripto,Desktop,Lenta,APAC,Express
Invitado,Cripto,Desktop,Lenta,APAC,Pickup
Invitado,Cripto,Desktop,Intermitente,LATAM,Economico
Invitado,Cripto,Desktop,Intermitente,LATAM,Estandar
Invitado,Cripto,Desktop,Intermitente,LATAM,Express
Invitado,Cripto,Desktop,Intermitente,LATAM,Pickup
Invitado,Cripto,Desktop,Intermitente,EU,Economico
Invitado,Cripto,Desktop,Intermitente,EU,Estandar
Invitado,Cripto,Desktop,Intermitente,EU,Express
Invitado,Cripto,Desktop,Intermitente,EU,Pickup
Invitado,Cripto,Desktop,Intermitente,US,Economico
Invitado,Cripto,Desktop,Intermitente,US,Estandar
Invitado,Cripto,Desktop,Intermitente,US,Express
Invitado,Cripto,Desktop,Intermitente,US,Pickup
Invitado,Cripto,Desktop,Intermitente,APAC,Economico
Invitado,Cripto,Desktop,Intermitente,APAC,Estandar
Invitado,Cripto,Desktop,Intermitente,APAC,Express
Invitado,Cripto,Desktop,Intermitente,APAC,Pickup
Invitado,Cripto,Desktop,SinConexion,LATAM,Economico
Invitado,Cripto,Desktop,SinConexion,LATAM,Estandar
Invitado,Cripto,Desktop,SinConexion,LATAM,Express
Invitado,Cripto,Desktop,SinConexion,LATAM,Pickup
Invitado,Cripto,Desktop,SinConexion,EU,Economico
Invitado,Cripto,Desktop,SinConexion,EU,Estandar
Invitado,Cripto,Desktop,SinConexion,EU,Express
Invitado,Cripto,Desktop,SinConexion,EU,Pickup
Invitado,Cripto,Desktop,SinConexion,US,Economico
Invitado,Cripto,Desktop,SinConexion,US,Estandar
Invitado,Cripto,Desktop,SinConexion,US,Express
Invitado,Cripto,Desktop,SinConexion,US,Pickup
Invitado,Cripto,Desktop,SinConexion,APAC,Economico
Invitado,Cripto,Desktop,SinConexion,APAC,Estandar
Invitado,Cripto,Desktop,SinConexion,APAC,Express
Invitado,Cripto,Desktop,SinConexion,APAC,Pickup
Invitado,Cripto,Tableta,Buena,LATAM,Economico
Invitado,Cripto,Tableta,Buena,LATAM,Estandar
Invitado,Cripto,Tableta,Buena,LATAM,Express
Invitado,Cripto,Tableta,Buena,LATAM,Pickup
Invitado,Cripto,Tableta,Buena,EU,Economico
Invitado,Cripto,Tableta,Buena,EU,Estandar
Invitado,Cripto,Tableta,Buena,EU,Express
Invitado,Cripto,Tableta,Buena,EU,Pickup
Invitado,Cripto,Tableta,Buena,US,Economico
Invitado,Cripto,Tableta,Buena,US,Estandar
Invitado,Cripto,Tableta,Buena,US,Express
Invitado,Cripto,Tableta,Buena,US,Pickup
Invitado,Cripto,Tableta,Buena,APAC,Economico
Invitado,Cripto,Tableta,Buena,APAC,Estandar
Invitado,Cripto,Tableta,Buena,APAC,Express
Invitado,Cripto,Tableta,Buena,APAC,Pickup
Invitado,Cripto,Tableta,Media,LATAM,Economico
Invitado,Cripto,Tableta,Media,LATAM,Estandar
Invitado,Cripto,Tableta,Media,LATAM,Express
Invitado,Cripto,Tableta,Media,LATAM,Pickup
Invitado,Cripto,Tableta,Media,EU,Economico
Invitado,Cripto,Tableta,Media,EU,Estandar
Invitado,Cripto,Tableta,Media,EU,Express
Invitado,Cripto,Tableta,Media,EU,Pickup
Invitado,Cripto,Tableta,Media,US,Economico
Invitado,Cripto,Tableta,Media,US,Estandar
Invitado,Cripto,Tableta,Media,US,Express
Invitado,Cripto,Tableta,Media,US,Pickup
Invitado,Cripto,Tableta,Media,APAC,Economico
Invitado,Cripto,Tableta,Media,APAC,Estandar
Invitado,Cripto,Tableta,Media,APAC,Express
Invitado,Cripto,Tableta,Media,APAC,Pickup
Invitado,Cripto,Tableta,Lenta,LATAM,Economico
Invitado,Cripto,Tableta,Lenta,LATAM,Estandar
Invitado,Cripto,Tableta,Lenta,LATAM,Express
Invitado,Cripto,Tableta,Lenta,LATAM,Pickup
Invitado,Cripto,Tableta,Lenta,EU,Economico
Invitado,Cripto,Tableta,Lenta,EU,Estandar
Invitado,Cripto,Tableta,Lenta,EU,Express
Invitado,Cripto,Tableta,Lenta,EU,Pickup
Invitado,Cripto,Tableta,Lenta,US,Economico
Invitado,Cripto,Tableta,Lenta,US,Estandar
Invitado,Cripto,Tableta,Lenta,US,Express
Invitado,Cripto,Tableta,Lenta,US,Pickup
Invitado,Cripto,Tableta,Lenta,APAC,Economico
Invitado,Cripto,Tableta,Lenta,APAC,Estandar
Invitado,Cripto,Tableta,Lenta,APAC,Express
Invitado,Cripto,Tableta,Lenta,APAC,Pickup
Invitado,Cripto,Tableta,Intermitente,LATAM,Economico
Invitado,Cripto,Tableta,Intermitente,LATAM,Estandar
Invitado,Cripto,Tableta,Intermitente,LATAM,Express
Invitado,Cripto,Tableta,Intermitente,LATAM,Pickup
Invitado,Cripto,Tableta,Intermitente,EU,Economico
Invitado,Cripto,Tableta,Intermitente,EU,Estandar
Invitado,Cripto,Tableta,Intermitente,EU,Express
Invitado,Cripto,Tableta,Intermitente,EU,Pickup
Invitado,Cripto,Tableta,Intermitente,US,Economico
Invitado,Cripto,Tableta,Intermitente,US,Estandar
Invitado,Cripto,Tableta,Intermitente,US,Express
Invitado,Cripto,Tableta,Intermitente,US,Pickup
Invitado,Cripto,Tableta,Intermitente,APAC,Economico
Invitado,Cripto,Tableta,Intermitente,APAC,Estandar
Invitado,Cripto,Tableta,Intermitente,APAC,Express
Invitado,Cripto,Tableta,Intermitente,APAC,Pickup
Invitado,Cripto,Tableta,SinConexion,LATAM,Economico
Invitado,Cripto,Tableta,SinConexion,LATAM,Estandar
Invitado,Cripto,Tableta,SinConexion,LATAM,Express
Invitado,Cripto,Tableta,SinConexion,LATAM,Pickup
Invitado,Cripto,Tableta,SinConexion,EU,Economico
Invitado,Cripto,Tableta,SinConexion,EU,Estandar
Invitado,Cripto,Tableta,SinConexion,EU,Express
Invitado,Cripto,Tableta,SinConexion,EU,Pickup
Invitado,Cripto,Tableta,SinConexion,US,Economico
Invitado,Cripto,Tableta,SinConexion,US,Estandar
Invitado,Cripto,Tableta,SinConexion,US,Express
Invitado,Cripto,Tableta,SinConexion,US,Pickup
Invitado,Cripto,Tableta,SinConexion,APAC,Economico
Invitado,Cripto,Tableta,SinConexion,APAC,Estandar
Invitado,Cripto,Tableta,SinConexion,APAC,Express
Invitado,Cripto,Tableta,SinConexion,APAC,Pickup
Invitado,Cripto,SmartTV,Buena,LATAM,Economico
Invitado,Cripto,SmartTV,Buena,LATAM,Estandar
Invitado,Cripto,SmartTV,Buena,LATAM,Express
Invitado,Cripto,SmartTV,Buena,LATAM,Pickup
Invitado,Cripto,SmartTV,Buena,EU,Economico
Invitado,Cripto,SmartTV,Buena,EU,Estandar
Invitado,Cripto,SmartTV,Buena,EU,Express
Invitado,Cripto,SmartTV,Buena,EU,Pickup
Invitado,Cripto,SmartTV,Buena,US,Economico
Invitado,Cripto,SmartTV,Buena,US,Estandar
Invitado,Cripto,SmartTV,Buena,US,Express
Invitado,Cripto,SmartTV,Buena,US,Pickup
Invitado,Cripto,SmartTV,Buena,APAC,Economico
Invitado,Cripto,SmartTV,Buena,APAC,Estandar
Invitado,Cripto,SmartTV,Buena,APAC,Express
Invitado,Cripto,SmartTV,Buena,APAC,Pickup
Invitado,Cripto,SmartTV,Media,LATAM,Economico
Invitado,Cripto,SmartTV,Media,LATAM,Estandar
Invitado,Cripto,SmartTV,Media,LATAM,Express
Invitado,Cripto,SmartTV,Media,LATAM,Pickup
Invitado,Cripto,SmartTV,Media,EU,Economico
Invitado,Cripto,SmartTV,Media,EU,Estandar
Invitado,Cripto,SmartTV,Media,EU,Express
Invitado,Cripto,SmartTV,Media,EU,Pickup
Invitado,Cripto,SmartTV,Media,US,Economico
Invitado,Cripto,SmartTV,Media,US,Estandar
Invitado,Cripto,SmartTV,Media,US,Express
Invitado,Cripto,SmartTV,Media,US,Pickup
Invitado,Cripto,SmartTV,Media,APAC,Economico
Invitado,Cripto,SmartTV,Media,APAC,Estandar
Invitado,Cripto,SmartTV,Media,APAC,Express
Invitado,Cripto,SmartTV,Media,APAC,Pickup
Invitado,Cripto,SmartTV,Lenta,LATAM,Economico
Invitado,Cripto,SmartTV,Lenta,LATAM,Estandar
Invitado,Cripto,SmartTV,Lenta,LATAM,Express
Invitado,Cripto,SmartTV,Lenta,LATAM,Pickup
Invitado,Cripto,SmartTV,Lenta,EU,Economico
Invitado,Cripto,SmartTV,Lenta,EU,Estandar
Invitado,Cripto,SmartTV,Lenta,EU,Express
Invitado,Cripto,SmartTV,Lenta,EU,Pickup
Invitado,Cripto,SmartTV,Lenta,US,Economico
Invitado,Cripto,SmartTV,Lenta,US,Estandar
Invitado,Cripto,SmartTV,Lenta,US,Express
Invitado,Cripto,SmartTV,Lenta,US,Pickup
Invitado,Cripto,SmartTV,Lenta,APAC,Economico
Invitado,Cripto,SmartTV,Lenta,APAC,Estandar
Invitado,Cripto,SmartTV,Lenta,APAC,Express
Invitado,Cripto,SmartTV,Lenta,APAC,Pickup
Invitado,Cripto,SmartTV,Intermitente,LATAM,Economico
Invitado,Cripto,SmartTV,Intermitente,LATAM,Estandar
Invitado,Cripto,SmartTV,Intermitente,LATAM,Express
Invitado,Cripto,SmartTV,Intermitente,LATAM,Pickup
Invitado,Cripto,SmartTV,Intermitente,EU,Economico
Invitado,Cripto,SmartTV,Intermitente,EU,Estandar
Invitado,Cripto,SmartTV,Intermitente,EU,Express
Invitado,Cripto,SmartTV,Intermitente,EU,Pickup
Invitado,Cripto,SmartTV,Intermitente,US,Economico
Invitado,Cripto,SmartTV,Intermitente,US,Estandar
Invitado,Cripto,SmartTV,Intermitente,US,Express
Invitado,Cripto,SmartTV,Intermitente,US,Pickup
Invitado,Cripto,SmartTV,Intermitente,APAC,Economico
Invitado,Cripto,SmartTV,Intermitente,APAC,Estandar
Invitado,Cripto,SmartTV,Intermitente,APAC,Express
Invitado,Cripto,SmartTV,Intermitente,APAC,Pickup
Invitado,Cripto,SmartTV,SinConexion,LATAM,Economico
Invitado,Cripto,SmartTV,SinConexion,LATAM,Estandar
Invitado,Cripto,SmartTV,SinConexion,LATAM,Express
Invitado,Cripto,SmartTV,SinConexion,LATAM,Pickup
Invitado,Cripto,SmartTV,SinConexion,EU,Economico
Invitado,Cripto,SmartTV,SinConexion,EU,Estandar
Invitado,Cripto,SmartTV,SinConexion,EU,Express
Invitado,Cripto,SmartTV,SinConexion,EU,Pickup
Invitado,Cripto,SmartTV,SinConexion,US,Economico
Invitado,Cripto,SmartTV,SinConexion,US,Estandar
Invitado,Cripto,SmartTV,SinConexion,US,Express
Invitado,Cripto,SmartTV,SinConexion,US,Pickup
Invitado,Cripto,SmartTV,SinConexion,APAC,Economico
Invitado,Cripto,SmartTV,SinConexion,APAC,Estandar
Invitado,Cripto,SmartTV,SinConexion,APAC,Express
Invitado,Cripto,SmartTV,SinConexion,APAC,Pickup
Invitado,Cripto,Consola,Buena,LATAM,Economico
Invitado,Cripto,Consola,Buena,LATAM,Estandar
Invitado,Cripto,Consola,Buena,LATAM,Express
Invitado,Cripto,Consola,Buena,LATAM,Pickup
Invitado,Cripto,Consola,Buena,EU,Economico
Invitado,Cripto,Consola,Buena,EU,Estandar
Invitado,Cripto,Consola,Buena,EU,Express
Invitado,Cripto,Consola,Buena,EU,Pickup
Invitado,Cripto,Consola,Buena,US,Economico
Invitado,Cripto,Consola,Buena,US,Estandar
Invitado,Cripto,Consola,Buena,US,Express
Invitado,Cripto,Consola,Buena,US,Pickup
Invitado,Cripto,Consola,Buena,APAC,Economico
Invitado,Cripto,Consola,Buena,APAC,Estandar
Invitado,Cripto,Consola,Buena,APAC,Express
Invitado,Cripto,Consola,Buena,APAC,Pickup
Invitado,Cripto,Consola,Media,LATAM,Economico
Invitado,Cripto,Consola,Media,LATAM,Estandar
Invitado,Cripto,Consola,Media,LATAM,Express
Invitado,Cripto,Consola,Media,LATAM,Pickup
Invitado,Cripto,Consola,Media,EU,Economico
Invitado,Cripto,Consola,Media,EU,Estandar
Invitado,Cripto,Consola,Media,EU,Express
Invitado,Cripto,Consola,Media,EU,Pickup
Invitado,Cripto,Consola,Media,US,Economico
Invitado,Cripto,Consola,Media,US,Estandar
Invitado,Cripto,Consola,Media,US,Express
Invitado,Cripto,Consola,Media,US,Pickup
Invitado,Cripto,Consola,Media,APAC,Economico
Invitado,Cripto,Consola,Media,APAC,Estandar
Invitado,Cripto,Consola,Media,APAC,Express
Invitado,Cripto,Consola,Media,APAC,Pickup
Invitado,Cripto,Consola,Lenta,LATAM,Economico
Invitado,Cripto,Consola,Lenta,LATAM,Estandar
Invitado,Cripto,Consola,Lenta,LATAM,Express
Invitado,Cripto,Consola,Lenta,LATAM,Pickup
Invitado,Cripto,Consola,Lenta,EU,Economico
Invitado,Cripto,Consola,Lenta,EU,Estandar
Invitado,Cripto,Consola,Lenta,EU,Express
Invitado,Cripto,Consola,Lenta,EU,Pickup
Invitado,Cripto,Consola,Lenta,US,Economico
Invitado,Cripto,Consola,Lenta,US,Estandar
Invitado,Cripto,Consola,Lenta,US,Express
Invitado,Cripto,Consola,Lenta,US,Pickup
Invitado,Cripto,Consola,Lenta,APAC,Economico
Invitado,Cripto,Consola,Lenta,APAC,Estandar
Invitado,Cripto,Consola,Lenta,APAC,Express
Invitado,Cripto,Consola,Lenta,APAC,Pickup
Invitado,Cripto,Consola,Intermitente,LATAM,Economico
Invitado,Cripto,Consola,Intermitente,LATAM,Estandar
Invitado,Cripto,Consola,Intermitente,LATAM,Express
Invitado,Cripto,Consola,Intermitente,LATAM,Pickup
Invitado,Cripto,Consola,Intermitente,EU,Economico
Invitado,Cripto,Consola,Intermitente,EU,Estandar
Invitado,Cripto,Consola,Intermitente,EU,Express
Invitado,Cripto,Consola,Intermitente,EU,Pickup
Invitado,Cripto,Consola,Intermitente,US,Economico
Invitado,Cripto,Consola,Intermitente,US,Estandar
Invitado,Cripto,Consola,Intermitente,US,Express
Invitado,Cripto,Consola,Intermitente,US,Pickup
Invitado,Cripto,Consola,Intermitente,APAC,Economico
Invitado,Cripto,Consola,Intermitente,APAC,Estandar
Invitado,Cripto,Consola,Intermitente,APAC,Express
Invitado,Cripto,Consola,Intermitente,APAC,Pickup
Invitado,Cripto,Consola,SinConexion,LATAM,Economico
Invitado,Cripto,Consola,SinConexion,LATAM,Estandar
Invitado,Cripto,Consola,SinConexion,LATAM,Express
Invitado,Cripto,Consola,SinConexion,LATAM,Pickup
Invitado,Cripto,Consola,SinConexion,EU,Economico
Invitado,Cripto,Consola,SinConexion,EU,Estandar
Invitado,Cripto,Consola,SinConexion,EU,Express
Invitado,Cripto,Consola,SinConexion,EU,Pickup
Invitado,Cripto,Consola,SinConexion,US,Economico
Invitado,Cripto,Consola,SinConexion,US,Estandar
Invitado,Cripto,Consola,SinConexion,US,Express
Invitado,Cripto,Consola,SinConexion,US,Pickup
Invitado,Cripto,Consola,SinConexion,APAC,Economico
Invitado,Cripto,Consola,SinConexion,APAC,Estandar
Invitado,Cripto,Consola,SinConexion,APAC,Express
Invitado,Cripto,Consola,SinConexion,APAC,Pickup
Empresa,Tarjeta,Movil,Buena,LATAM,Economico
Empresa,Tarjeta,Movil,Buena,LATAM,Estandar
Empresa,Tarjeta,Movil,Buena,LATAM,Express
Empresa,Tarjeta,Movil,Buena,LATAM,Pickup
Empresa,Tarjeta,Movil,Buena,EU,Economico
Empresa,Tarjeta,Movil,Buena,EU,Estandar
Empresa,Tarjeta,Movil,Buena,EU,Express
Empresa,Tarjeta,Movil,Buena,EU,Pickup
Empresa,Tarjeta,Movil,Buena,US,Economico
Empresa,Tarjeta,Movil,Buena,US,Estandar
Empresa,Tarjeta,Movil,Buena,US,Express
Empresa,Tarjeta,Movil,Buena,US,Pickup
Empresa,Tarjeta,Movil,Buena,APAC,Economico
Empresa,Tarjeta,Movil,Buena,APAC,Estandar
Empresa,Tarjeta,Movil,Buena,APAC,Express
Empresa,Tarjeta,Movil,Buena,APAC,Pickup
Empresa,Tarjeta,Movil,Media,LATAM,Economico
Empresa,Tarjeta,Movil,Media,LATAM,Estandar
Empresa,Tarjeta,Movil,Media,LATAM,Express
Empresa,Tarjeta,Movil,Media,LATAM,Pickup
Empresa,Tarjeta,Movil,Media,EU,Economico
Empresa,Tarjeta,Movil,Media,EU,Estandar
Empresa,Tarjeta,Movil,Media,EU,Express
Empresa,Tarjeta,Movil,Media,EU,Pickup
Empresa,Tarjeta,Movil,Media,US,Economico
Empresa,Tarjeta,Movil,Media,US,Estandar
Empresa,Tarjeta,Movil,Media,US,Express
Empresa,Tarjeta,Movil,Media,US,Pickup
Empresa,Tarjeta,Movil,Media,APAC,Economico
Empresa,Tarjeta,Movil,Media,APAC,Estandar
Empresa,Tarjeta,Movil,Media,APAC,Express
Empresa,Tarjeta,Movil,Media,APAC,Pickup
Empresa,Tarjeta,Movil,Lenta,LATAM,Economico
Empresa,Tarjeta,Movil,Lenta,LATAM,Estandar
Empresa,Tarjeta,Movil,Lenta,LATAM,Express
Empresa,Tarjeta,Movil,Lenta,LATAM,Pickup
Empresa,Tarjeta,Movil,Lenta,EU,Economico
Empresa,Tarjeta,Movil,Lenta,EU,Estandar
Empresa,Tarjeta,Movil,Lenta,EU,Express
Empresa,Tarjeta,Movil,Lenta,EU,Pickup
Empresa,Tarjeta,Movil,Lenta,US,Economico
Empresa,Tarjeta,Movil,Lenta,US,Estandar
Empresa,Tarjeta,Movil,Lenta,US,Express
Empresa,Tarjeta,Movil,Lenta,US,Pickup
Empresa,Tarjeta,Movil,Lenta,APAC,Economico
Empresa,Tarjeta,Movil,Lenta,APAC,Estandar
Empresa,Tarjeta,Movil,Lenta,APAC,Express
Empresa,Tarjeta,Movil,Lenta,APAC,Pickup
Empresa,Tarjeta,Movil,Intermitente,LATAM,Economico
Empresa,Tarjeta,Movil,Intermitente,LATAM,Estandar
Empresa,Tarjeta,Movil,Intermitente,LATAM,Express
Empresa,Tarjeta,Movil,Intermitente,LATAM,Pickup
Empresa,Tarjeta,Movil,Intermitente,EU,Economico
Empresa,Tarjeta,Movil,Intermitente,EU,Estandar
Empresa,Tarjeta,Movil,Intermitente,EU,Express
Empresa,Tarjeta,Movil,Intermitente,EU,Pickup
Empresa,Tarjeta,Movil,Intermitente,US,Economico
Empresa,Tarjeta,Movil,Intermitente,US,Estandar
Empresa,Tarjeta,Movil,Intermitente,US,Express
Empresa,Tarjeta,Movil,Intermitente,US,Pickup
Empresa,Tarjeta,Movil,Intermitente,APAC,Economico
Empresa,Tarjeta,Movil,Intermitente,APAC,Estandar
Empresa,Tarjeta,Movil,Intermitente,APAC,Express
Empresa,Tarjeta,Movil,Intermitente,APAC,Pickup
Empresa,Tarjeta,Movil,SinConexion,LATAM,Economico
Empresa,Tarjeta,Movil,SinConexion,LATAM,Estandar
Empresa,Tarjeta,Movil,SinConexion,LATAM,Express
Empresa,Tarjeta,Movil,SinConexion,LATAM,Pickup
Empresa,Tarjeta,Movil,SinConexion,EU,Economico
Empresa,Tarjeta,Movil,SinConexion,EU,Estandar
Empresa,Tarjeta,Movil,SinConexion,EU,Express
Empresa,Tarjeta,Movil,SinConexion,EU,Pickup
Empresa,Tarjeta,Movil,SinConexion,US,Economico
Empresa,Tarjeta,Movil,SinConexion,US,Estandar
Empresa,Tarjeta,Movil,SinConexion,US,Express
Empresa,Tarjeta,Movil,SinConexion,US,Pickup
Empresa,Tarjeta,Movil,SinConexion,APAC,Economico
Empresa,Tarjeta,Movil,SinConexion,APAC,Estandar
Empresa,Tarjeta,Movil,SinConexion,APAC,Express
Empresa,Tarjeta,Movil,SinConexion,APAC,Pickup
Empresa,Tarjeta,Desktop,Buena,LATAM,Economico
Empresa,Tarjeta,Desktop,Buena,LATAM,Estandar
Empresa,Tarjeta,Desktop,Buena,LATAM,Express
Empresa,Tarjeta,Desktop,Buena,LATAM,Pickup
Empresa,Tarjeta,Desktop,Buena,EU,Economico
Empresa,Tarjeta,Desktop,Buena,EU,Estandar
Empresa,Tarjeta,Desktop,Buena,EU,Express
Empresa,Tarjeta,Desktop,Buena,EU,Pickup
Empresa,Tarjeta,Desktop,Buena,US,Economico
Empresa,Tarjeta,Desktop,Buena,US,Estandar
Empresa,Tarjeta,Desktop,Buena,US,Express
Empresa,Tarjeta,Desktop,Buena,US,Pickup
Empresa,Tarjeta,Desktop,Buena,APAC,Economico
Empresa,Tarjeta,Desktop,Buena,APAC,Estandar
Empresa,Tarjeta,Desktop,Buena,APAC,Express
Empresa,Tarjeta,Desktop,Buena,APAC,Pickup
Empresa,Tarjeta,Desktop,Media,LATAM,Economico
Empresa,Tarjeta,Desktop,Media,LATAM,Estandar
Empresa,Tarjeta,Desktop,Media,LATAM,Express
Empresa,Tarjeta,Desktop,Media,LATAM,Pickup
Empresa,Tarjeta,Desktop,Media,EU,Economico
Empresa,Tarjeta,Desktop,Media,EU,Estandar
Empresa,Tarjeta,Desktop,Media,EU,Express
Empresa,Tarjeta,Desktop,Media,EU,Pickup
Empresa,Tarjeta,Desktop,Media,US,Economico
Empresa,Tarjeta,Desktop,Media,US,Estandar
Empresa,Tarjeta,Desktop,Media,US,Express
Empresa,Tarjeta,Desktop,Media,US,Pickup
Empresa,Tarjeta,Desktop,Media,APAC,Economico
Empresa,Tarjeta,Desktop,Media,APAC,Estandar
Empresa,Tarjeta,Desktop,Media,APAC,Express
Empresa,Tarjeta,Desktop,Media,APAC,Pickup
Empresa,Tarjeta,Desktop,Lenta,LATAM,Economico
Empresa,Tarjeta,Desktop,Lenta,LATAM,Estandar
Empresa,Tarjeta,Desktop,Lenta,LATAM,Express
Empresa,Tarjeta,Desktop,Lenta,LATAM,Pickup
Empresa,Tarjeta,Desktop,Lenta,EU,Economico
Empresa,Tarjeta,Desktop,Lenta,EU,Estandar
Empresa,Tarjeta,Desktop,Lenta,EU,Express
Empresa,Tarjeta,Desktop,Lenta,EU,Pickup
Empresa,Tarjeta,Desktop,Lenta,US,Economico
Empresa,Tarjeta,Desktop,Lenta,US,Estandar
Empresa,Tarjeta,Desktop,Lenta,US,Express
Empresa,Tarjeta,Desktop,Lenta,US,Pickup
Empresa,Tarjeta,Desktop,Lenta,APAC,Economico
Empresa,Tarjeta,Desktop,Lenta,APAC,Estandar
Empresa,Tarjeta,Desktop,Lenta,APAC,Express
Empresa,Tarjeta,Desktop,Lenta,APAC,Pickup
Empresa,Tarjeta,Desktop,Intermitente,LATAM,Economico
Empresa,Tarjeta,Desktop,Intermitente,LATAM,Estandar
Empresa,Tarjeta,Desktop,Intermitente,LATAM,Express
Empresa,Tarjeta,Desktop,Intermitente,LATAM,Pickup
Empresa,Tarjeta,Desktop,Intermitente,EU,Economico
Empresa,Tarjeta,Desktop,Intermitente,EU,Estandar
Empresa,Tarjeta,Desktop,Intermitente,EU,Express
Empresa,Tarjeta,Desktop,Intermitente,EU,Pickup
Empresa,Tarjeta,Desktop,Intermitente,US,Economico
Empresa,Tarjeta,Desktop,Intermitente,US,Estandar
Empresa,Tarjeta,Desktop,Intermitente,US,Express
Empresa,Tarjeta,Desktop,Intermitente,US,Pickup
Empresa,Tarjeta,Desktop,Intermitente,APAC,Economico
Empresa,Tarjeta,Desktop,Intermitente,APAC,Estandar
Empresa,Tarjeta,Desktop,Intermitente,APAC,Express
Empresa,Tarjeta,Desktop,Intermitente,APAC,Pickup
Empresa,Tarjeta,Desktop,SinConexion,LATAM,Economico
Empresa,Tarjeta,Desktop,SinConexion,LATAM,Estandar
Empresa,Tarjeta,Desktop,SinConexion,LATAM,Express
Empresa,Tarjeta,Desktop,SinConexion,LATAM,Pickup
Empresa,Tarjeta,Desktop,SinConexion,EU,Economico
Empresa,Tarjeta,Desktop,SinConexion,EU,Estandar
Empresa,Tarjeta,Desktop,SinConexion,EU,Express
Empresa,Tarjeta,Desktop,SinConexion,EU,Pickup
Empresa,Tarjeta,Desktop,SinConexion,US,Economico
Empresa,Tarjeta,Desktop,SinConexion,US,Estandar
Empresa,Tarjeta,Desktop,SinConexion,US,Express
Empresa,Tarjeta,Desktop,SinConexion,US,Pickup
Empresa,Tarjeta,Desktop,SinConexion,APAC,Economico
Empresa,Tarjeta,Desktop,SinConexion,APAC,Estandar
Empresa,Tarjeta,Desktop,SinConexion,APAC,Express
Empresa,Tarjeta,Desktop,SinConexion,APAC,Pickup
Empresa,Tarjeta,Tableta,Buena,LATAM,Economico
Empresa,Tarjeta,Tableta,Buena,LATAM,Estandar
Empresa,Tarjeta,Tableta,Buena,LATAM,Express
Empresa,Tarjeta,Tableta,Buena,LATAM,Pickup
Empresa,Tarjeta,Tableta,Buena,EU,Economico
Empresa,Tarjeta,Tableta,Buena,EU,Estandar
Empresa,Tarjeta,Tableta,Buena,EU,Express
Empresa,Tarjeta,Tableta,Buena,EU,Pickup
Empresa,Tarjeta,Tableta,Buena,US,Economico
Empresa,Tarjeta,Tableta,Buena,US,Estandar
Empresa,Tarjeta,Tableta,Buena,US,Express
Empresa,Tarjeta,Tableta,Buena,US,Pickup
Empresa,Tarjeta,Tableta,Buena,APAC,Economico
Empresa,Tarjeta,Tableta,Buena,APAC,Estandar
Empresa,Tarjeta,Tableta,Buena,APAC,Express
Empresa,Tarjeta,Tableta,Buena,APAC,Pickup
Empresa,Tarjeta,Tableta,Media,LATAM,Economico
Empresa,Tarjeta,Tableta,Media,LATAM,Estandar
Empresa,Tarjeta,Tableta,Media,LATAM,Express
Empresa,Tarjeta,Tableta,Media,LATAM,Pickup
Empresa,Tarjeta,Tableta,Media,EU,Economico
Empresa,Tarjeta,Tableta,Media,EU,Estandar
Empresa,Tarjeta,Tableta,Media,EU,Express
Empresa,Tarjeta,Tableta,Media,EU,Pickup
Empresa,Tarjeta,Tableta,Media,US,Economico
Empresa,Tarjeta,Tableta,Media,US,Estandar
Empresa,Tarjeta,Tableta,Media,US,Express
Empresa,Tarjeta,Tableta,Media,US,Pickup
Empresa,Tarjeta,Tableta,Media,APAC,Economico
Empresa,Tarjeta,Tableta,Media,APAC,Estandar
Empresa,Tarjeta,Tableta,Media,APAC,Express
Empresa,Tarjeta,Tableta,Media,APAC,Pickup
Empresa,Tarjeta,Tableta,Lenta,LATAM,Economico
Empresa,Tarjeta,Tableta,Lenta,LATAM,Estandar
Empresa,Tarjeta,Tableta,Lenta,LATAM,Express
Empresa,Tarjeta,Tableta,Lenta,LATAM,Pickup
Empresa,Tarjeta,Tableta,Lenta,EU,Economico
Empresa,Tarjeta,Tableta,Lenta,EU,Estandar
Empresa,Tarjeta,Tableta,Lenta,EU,Express
Empresa,Tarjeta,Tableta,Lenta,EU,Pickup
Empresa,Tarjeta,Tableta,Lenta,US,Economico
Empresa,Tarjeta,Tableta,Lenta,US,Estandar
Empresa,Tarjeta,Tableta,Lenta,US,Express
Empresa,Tarjeta,Tableta,Lenta,US,Pickup
Empresa,Tarjeta,Tableta,Lenta,APAC,Economico
Empresa,Tarjeta,Tableta,Lenta,APAC,Estandar
Empresa,Tarjeta,Tableta,Lenta,APAC,Express
Empresa,Tarjeta,Tableta,Lenta,APAC,Pickup
Empresa,Tarjeta,Tableta,Intermitente,LATAM,Economico
Empresa,Tarjeta,Tableta,Intermitente,LATAM,Estandar
Empresa,Tarjeta,Tableta,Intermitente,LATAM,Express
Empresa,Tarjeta,Tableta,Intermitente,LATAM,Pickup
Empresa,Tarjeta,Tableta,Intermitente,EU,Economico
Empresa,Tarjeta,Tableta,Intermitente,EU,Estandar
Empresa,Tarjeta,Tableta,Intermitente,EU,Express
Empresa,Tarjeta,Tableta,Intermitente,EU,Pickup
Empresa,Tarjeta,Tableta,Intermitente,US,Economico
Empresa,Tarjeta,Tableta,Intermitente,US,Estandar
Empresa,Tarjeta,Tableta,Intermitente,US,Express
Empresa,Tarjeta,Tableta,Intermitente,US,Pickup
Empresa,Tarjeta,Tableta,Intermitente,APAC,Economico
Empresa,Tarjeta,Tableta,Intermitente,APAC,Estandar
Empresa,Tarjeta,Tableta,Intermitente,APAC,Express
Empresa,Tarjeta,Tableta,Intermitente,APAC,Pickup
Empresa,Tarjeta,Tableta,SinConexion,LATAM,Economico
Empresa,Tarjeta,Tableta,SinConexion,LATAM,Estandar
Empresa,Tarjeta,Tableta,SinConexion,LATAM,Express
Empresa,Tarjeta,Tableta,SinConexion,LATAM,Pickup
Empresa,Tarjeta,Tableta,SinConexion,EU,Economico
Empresa,Tarjeta,Tableta,SinConexion,EU,Estandar
Empresa,Tarjeta,Tableta,SinConexion,EU,Express
Empresa,Tarjeta,Tableta,SinConexion,EU,Pickup
Empresa,Tarjeta,Tableta,SinConexion,US,Economico
Empresa,Tarjeta,Tableta,SinConexion,US,Estandar
Empresa,Tarjeta,Tableta,SinConexion,US,Express
Empresa,Tarjeta,Tableta,SinConexion,US,Pickup
Empresa,Tarjeta,Tableta,SinConexion,APAC,Economico
Empresa,Tarjeta,Tableta,SinConexion,APAC,Estandar
Empresa,Tarjeta,Tableta,SinConexion,APAC,Express
Empresa,Tarjeta,Tableta,SinConexion,APAC,Pickup
Empresa,Tarjeta,SmartTV,Buena,LATAM,Economico
Empresa,Tarjeta,SmartTV,Buena,LATAM,Estandar
Empresa,Tarjeta,SmartTV,Buena,LATAM,Express
Empresa,Tarjeta,SmartTV,Buena,LATAM,Pickup
Empresa,Tarjeta,SmartTV,Buena,EU,Economico
Empresa,Tarjeta,SmartTV,Buena,EU,Estandar
Empresa,Tarjeta,SmartTV,Buena,EU,Express
Empresa,Tarjeta,SmartTV,Buena,EU,Pickup
Empresa,Tarjeta,SmartTV,Buena,US,Economico
Empresa,Tarjeta,SmartTV,Buena,US,Estandar
Empresa,Tarjeta,SmartTV,Buena,US,Express
Empresa,Tarjeta,SmartTV,Buena,US,Pickup
Empresa,Tarjeta,SmartTV,Buena,APAC,Economico
Empresa,Tarjeta,SmartTV,Buena,APAC,Estandar
Empresa,Tarjeta,SmartTV,Buena,APAC,Express
Empresa,Tarjeta,SmartTV,Buena,APAC,Pickup
Empresa,Tarjeta,SmartTV,Media,LATAM,Economico
Empresa,Tarjeta,SmartTV,Media,LATAM,Estandar
Empresa,Tarjeta,SmartTV,Media,LATAM,Express
Empresa,Tarjeta,SmartTV,Media,LATAM,Pickup
Empresa,Tarjeta,SmartTV,Media,EU,Economico
Empresa,Tarjeta,SmartTV,Media,EU,Estandar
Empresa,Tarjeta,SmartTV,Media,EU,Express
Empresa,Tarjeta,SmartTV,Media,EU,Pickup
Empresa,Tarjeta,SmartTV,Media,US,Economico
Empresa,Tarjeta,SmartTV,Media,US,Estandar
Empresa,Tarjeta,SmartTV,Media,US,Express
Empresa,Tarjeta,SmartTV,Media,US,Pickup
Empresa,Tarjeta,SmartTV,Media,APAC,Economico
Empresa,Tarjeta,SmartTV,Media,APAC,Estandar
Empresa,Tarjeta,SmartTV,Media,APAC,Express
Empresa,Tarjeta,SmartTV,Media,APAC,Pickup
Empresa,Tarjeta,SmartTV,Lenta,LATAM,Economico
Empresa,Tarjeta,SmartTV,Lenta,LATAM,Estandar
Empresa,Tarjeta,SmartTV,Lenta,LATAM,Express
Empresa,Tarjeta,SmartTV,Lenta,LATAM,Pickup
Empresa,Tarjeta,SmartTV,Lenta,EU,Economico
Empresa,Tarjeta,SmartTV,Lenta,EU,Estandar
Empresa,Tarjeta,SmartTV,Lenta,EU,Express
Empresa,Tarjeta,SmartTV,Lenta,EU,Pickup
Empresa,Tarjeta,SmartTV,Lenta,US,Economico
Empresa,Tarjeta,SmartTV,Lenta,US,Estandar
Empresa,Tarjeta,SmartTV,Lenta,US,Express
Empresa,Tarjeta,SmartTV,Lenta,US,Pickup
Empresa,Tarjeta,SmartTV,Lenta,APAC,Economico
Empresa,Tarjeta,SmartTV,Lenta,APAC,Estandar
Empresa,Tarjeta,SmartTV,Lenta,APAC,Express
Empresa,Tarjeta,SmartTV,Lenta,APAC,Pickup
Empresa,Tarjeta,SmartTV,Intermitente,LATAM,Economico
Empresa,Tarjeta,SmartTV,Intermitente,LATAM,Estandar
Empresa,Tarjeta,SmartTV,Intermitente,LATAM,Express
Empresa,Tarjeta,SmartTV,Intermitente,LATAM,Pickup
Empresa,Tarjeta,SmartTV,Intermitente,EU,Economico
Empresa,Tarjeta,SmartTV,Intermitente,EU,Estandar
Empresa,Tarjeta,SmartTV,Intermitente,EU,Express
Empresa,Tarjeta,SmartTV,Intermitente,EU,Pickup
Empresa,Tarjeta,SmartTV,Intermitente,US,Economico
Empresa,Tarjeta,SmartTV,Intermitente,US,Estandar
Empresa,Tarjeta,SmartTV,Intermitente,US,Express
Empresa,Tarjeta,SmartTV,Intermitente,US,Pickup
Empresa,Tarjeta,SmartTV,Intermitente,APAC,Economico
Empresa,Tarjeta,SmartTV,Intermitente,APAC,Estandar
Empresa,Tarjeta,SmartTV,Intermitente,APAC,Express
Empresa,Tarjeta,SmartTV,Intermitente,APAC,Pickup
Empresa,Tarjeta,SmartTV,SinConexion,LATAM,Economico
Empresa,Tarjeta,SmartTV,SinConexion,LATAM,Estandar
Empresa,Tarjeta,SmartTV,SinConexion,LATAM,Express
Empresa,Tarjeta,SmartTV,SinConexion,LATAM,Pickup
Empresa,Tarjeta,SmartTV,SinConexion,EU,Economico
Empresa,Tarjeta,SmartTV,SinConexion,EU,Estandar
Empresa,Tarjeta,SmartTV,SinConexion,EU,Express
Empresa,Tarjeta,SmartTV,SinConexion,EU,Pickup
Empresa,Tarjeta,SmartTV,SinConexion,US,Economico
Empresa,Tarjeta,SmartTV,SinConexion,US,Estandar
Empresa,Tarjeta,SmartTV,SinConexion,US,Express
Empresa,Tarjeta,SmartTV,SinConexion,US,Pickup
Empresa,Tarjeta,SmartTV,SinConexion,APAC,Economico
Empresa,Tarjeta,SmartTV,SinConexion,APAC,Estandar
Empresa,Tarjeta,SmartTV,SinConexion,APAC,Express
Empresa,Tarjeta,SmartTV,SinConexion,APAC,Pickup
Empresa,Tarjeta,Consola,Buena,LATAM,Economico
Empresa,Tarjeta,Consola,Buena,LATAM,Estandar
Empresa,Tarjeta,Consola,Buena,LATAM,Express
Empresa,Tarjeta,Consola,Buena,LATAM,Pickup
Empresa,Tarjeta,Consola,Buena,EU,Economico
Empresa,Tarjeta,Consola,Buena,EU,Estandar
Empresa,Tarjeta,Consola,Buena,EU,Express
Empresa,Tarjeta,Consola,Buena,EU,Pickup
Empresa,Tarjeta,Consola,Buena,US,Economico
Empresa,Tarjeta,Consola,Buena,US,Estandar
Empresa,Tarjeta,Consola,Buena,US,Express
Empresa,Tarjeta,Consola,Buena,US,Pickup
Empresa,Tarjeta,Consola,Buena,APAC,Economico
Empresa,Tarjeta,Consola,Buena,APAC,Estandar
Empresa,Tarjeta,Consola,Buena,APAC,Express
Empresa,Tarjeta,Consola,Buena,APAC,Pickup
Empresa,Tarjeta,Consola,Media,LATAM,Economico
Empresa,Tarjeta,Consola,Media,LATAM,Estandar
Empresa,Tarjeta,Consola,Media,LATAM,Express
Empresa,Tarjeta,Consola,Media,LATAM,Pickup
Empresa,Tarjeta,Consola,Media,EU,Economico
Empresa,Tarjeta,Consola,Media,EU,Estandar
Empresa,Tarjeta,Consola,Media,EU,Express
Empresa,Tarjeta,Consola,Media,EU,Pickup
Empresa,Tarjeta,Consola,Media,US,Economico
Empresa,Tarjeta,Consola,Media,US,Estandar
Empresa,Tarjeta,Consola,Media,US,Express
Empresa,Tarjeta,Consola,Media,US,Pickup
Empresa,Tarjeta,Consola,Media,APAC,Economico
Empresa,Tarjeta,Consola,Media,APAC,Estandar
Empresa,Tarjeta,Consola,Media,APAC,Express
Empresa,Tarjeta,Consola,Media,APAC,Pickup
Empresa,Tarjeta,Consola,Lenta,LATAM,Economico
Empresa,Tarjeta,Consola,Lenta,LATAM,Estandar
Empresa,Tarjeta,Consola,Lenta,LATAM,Express
Empresa,Tarjeta,Consola,Lenta,LATAM,Pickup
Empresa,Tarjeta,Consola,Lenta,EU,Economico
Empresa,Tarjeta,Consola,Lenta,EU,Estandar
Empresa,Tarjeta,Consola,Lenta,EU,Express
Empresa,Tarjeta,Consola,Lenta,EU,Pickup
Empresa,Tarjeta,Consola,Lenta,US,Economico
Empresa,Tarjeta,Consola,Lenta,US,Estandar
Empresa,Tarjeta,Consola,Lenta,US,Express
Empresa,Tarjeta,Consola,Lenta,US,Pickup
Empresa,Tarjeta,Consola,Lenta,APAC,Economico
Empresa,Tarjeta,Consola,Lenta,APAC,Estandar
Empresa,Tarjeta,Consola,Lenta,APAC,Express
Empresa,Tarjeta,Consola,Lenta,APAC,Pickup
Empresa,Tarjeta,Consola,Intermitente,LATAM,Economico
Empresa,Tarjeta,Consola,Intermitente,LATAM,Estandar
Empresa,Tarjeta,Consola,Intermitente,LATAM,Express
Empresa,Tarjeta,Consola,Intermitente,LATAM,Pickup
Empresa,Tarjeta,Consola,Intermitente,EU,Economico
Empresa,Tarjeta,Consola,Intermitente,EU,Estandar
Empresa,Tarjeta,Consola,Intermitente,EU,Express
Empresa,Tarjeta,Consola,Intermitente,EU,Pickup
Empresa,Tarjeta,Consola,Intermitente,US,Economico
Empresa,Tarjeta,Consola,Intermitente,US,Estandar
Empresa,Tarjeta,Consola,Intermitente,US,Express
Empresa,Tarjeta,Consola,Intermitente,US,Pickup
Empresa,Tarjeta,Consola,Intermitente,APAC,Economico
Empresa,Tarjeta,Consola,Intermitente,APAC,Estandar
Empresa,Tarjeta,Consola,Intermitente,APAC,Express
Empresa,Tarjeta,Consola,Intermitente,APAC,Pickup
Empresa,Tarjeta,Consola,SinConexion,LATAM,Economico
Empresa,Tarjeta,Consola,SinConexion,LATAM,Estandar
Empresa,Tarjeta,Consola,SinConexion,LATAM,Express
Empresa,Tarjeta,Consola,SinConexion,LATAM,Pickup
Empresa,Tarjeta,Consola,SinConexion,EU,Economico
Empresa,Tarjeta,Consola,SinConexion,EU,Estandar
Empresa,Tarjeta,Consola,SinConexion,EU,Express
Empresa,Tarjeta,Consola,SinConexion,EU,Pickup
Empresa,Tarjeta,Consola,SinConexion,US,Economico
Empresa,Tarjeta,Consola,SinConexion,US,Estandar
Empresa,Tarjeta,Consola,SinConexion,US,Express
Empresa,Tarjeta,Consola,SinConexion,US,Pickup
Empresa,Tarjeta,Consola,SinConexion,APAC,Economico
Empresa,Tarjeta,Consola,SinConexion,APAC,Estandar
Empresa,Tarjeta,Consola,SinConexion,APAC,Express
Empresa,Tarjeta,Consola,SinConexion,APAC,Pickup
Empresa,PayPal,Movil,Buena,LATAM,Economico
Empresa,PayPal,Movil,Buena,LATAM,Estandar
Empresa,PayPal,Movil,Buena,LATAM,Express
Empresa,PayPal,Movil,Buena,LATAM,Pickup
Empresa,PayPal,Movil,Buena,EU,Economico
Empresa,PayPal,Movil,Buena,EU,Estandar
Empresa,PayPal,Movil,Buena,EU,Express
Empresa,PayPal,Movil,Buena,EU,Pickup
Empresa,PayPal,Movil,Buena,US,Economico
Empresa,PayPal,Movil,Buena,US,Estandar
Empresa,PayPal,Movil,Buena,US,Express
Empresa,PayPal,Movil,Buena,US,Pickup
Empresa,PayPal,Movil,Buena,APAC,Economico
Empresa,PayPal,Movil,Buena,APAC,Estandar
Empresa,PayPal,Movil,Buena,APAC,Express
Empresa,PayPal,Movil,Buena,APAC,Pickup
Empresa,PayPal,Movil,Media,LATAM,Economico
Empresa,PayPal,Movil,Media,LATAM,Estandar
Empresa,PayPal,Movil,Media,LATAM,Express
Empresa,PayPal,Movil,Media,LATAM,Pickup
Empresa,PayPal,Movil,Media,EU,Economico
Empresa,PayPal,Movil,Media,EU,Estandar
Empresa,PayPal,Movil,Media,EU,Express
Empresa,PayPal,Movil,Media,EU,Pickup
Empresa,PayPal,Movil,Media,US,Economico
Empresa,PayPal,Movil,Media,US,Estandar
Empresa,PayPal,Movil,Media,US,Express
Empresa,PayPal,Movil,Media,US,Pickup
Empresa,PayPal,Movil,Media,APAC,Economico
Empresa,PayPal,Movil,Media,APAC,Estandar
Empresa,PayPal,Movil,Media,APAC,Express
Empresa,PayPal,Movil,Media,APAC,Pickup
Empresa,PayPal,Movil,Lenta,LATAM,Economico
Empresa,PayPal,Movil,Lenta,LATAM,Estandar
Empresa,PayPal,Movil,Lenta,LATAM,Express
Empresa,PayPal,Movil,Lenta,LATAM,Pickup
Empresa,PayPal,Movil,Lenta,EU,Economico
Empresa,PayPal,Movil,Lenta,EU,Estandar
Empresa,PayPal,Movil,Lenta,EU,Express
Empresa,PayPal,Movil,Lenta,EU,Pickup
Empresa,PayPal,Movil,Lenta,US,Economico
Empresa,PayPal,Movil,Lenta,US,Estandar
Empresa,PayPal,Movil,Lenta,US,Express
Empresa,PayPal,Movil,Lenta,US,Pickup
Empresa,PayPal,Movil,Lenta,APAC,Economico
Empresa,PayPal,Movil,Lenta,APAC,Estandar
Empresa,PayPal,Movil,Lenta,APAC,Express
Empresa,PayPal,Movil,Lenta,APAC,Pickup
Empresa,PayPal,Movil,Intermitente,LATAM,Economico
Empresa,PayPal,Movil,Intermitente,LATAM,Estandar
Empresa,PayPal,Movil,Intermitente,LATAM,Express
Empresa,PayPal,Movil,Intermitente,LATAM,Pickup
Empresa,PayPal,Movil,Intermitente,EU,Economico
Empresa,PayPal,Movil,Intermitente,EU,Estandar
Empresa,PayPal,Movil,Intermitente,EU,Express
Empresa,PayPal,Movil,Intermitente,EU,Pickup
Empresa,PayPal,Movil,Intermitente,US,Economico
Empresa,PayPal,Movil,Intermitente,US,Estandar
Empresa,PayPal,Movil,Intermitente,US,Express
Empresa,PayPal,Movil,Intermitente,US,Pickup
Empresa,PayPal,Movil,Intermitente,APAC,Economico
Empresa,PayPal,Movil,Intermitente,APAC,Estandar
Empresa,PayPal,Movil,Intermitente,APAC,Express
Empresa,PayPal,Movil,Intermitente,APAC,Pickup
Empresa,PayPal,Movil,SinConexion,LATAM,Economico
Empresa,PayPal,Movil,SinConexion,LATAM,Estandar
Empresa,PayPal,Movil,SinConexion,LATAM,Express
Empresa,PayPal,Movil,SinConexion,LATAM,Pickup
Empresa,PayPal,Movil,SinConexion,EU,Economico
Empresa,PayPal,Movil,SinConexion,EU,Estandar
Empresa,PayPal,Movil,SinConexion,EU,Express
Empresa,PayPal,Movil,SinConexion,EU,Pickup
Empresa,PayPal,Movil,SinConexion,US,Economico
Empresa,PayPal,Movil,SinConexion,US,Estandar
Empresa,PayPal,Movil,SinConexion,US,Express
Empresa,PayPal,Movil,SinConexion,US,Pickup
Empresa,PayPal,Movil,SinConexion,APAC,Economico
Empresa,PayPal,Movil,SinConexion,APAC,Estandar
Empresa,PayPal,Movil,SinConexion,APAC,Express
Empresa,PayPal,Movil,SinConexion,APAC,Pickup
Empresa,PayPal,Desktop,Buena,LATAM,Economico
Empresa,PayPal,Desktop,Buena,LATAM,Estandar
Empresa,PayPal,Desktop,Buena,LATAM,Express
Empresa,PayPal,Desktop,Buena,LATAM,Pickup
Empresa,PayPal,Desktop,Buena,EU,Economico
Empresa,PayPal,Desktop,Buena,EU,Estandar
Empresa,PayPal,Desktop,Buena,EU,Express
Empresa,PayPal,Desktop,Buena,EU,Pickup
Empresa,PayPal,Desktop,Buena,US,Economico
Empresa,PayPal,Desktop,Buena,US,Estandar
Empresa,PayPal,Desktop,Buena,US,Express
Empresa,PayPal,Desktop,Buena,US,Pickup
Empresa,PayPal,Desktop,Buena,APAC,Economico
Empresa,PayPal,Desktop,Buena,APAC,Estandar
Empresa,PayPal,Desktop,Buena,APAC,Express
Empresa,PayPal,Desktop,Buena,APAC,Pickup
Empresa,PayPal,Desktop,Media,LATAM,Economico
Empresa,PayPal,Desktop,Media,LATAM,Estandar
Empresa,PayPal,Desktop,Media,LATAM,Express
Empresa,PayPal,Desktop,Media,LATAM,Pickup
Empresa,PayPal,Desktop,Media,EU,Economico
Empresa,PayPal,Desktop,Media,EU,Estandar
Empresa,PayPal,Desktop,Media,EU,Express
Empresa,PayPal,Desktop,Media,EU,Pickup
Empresa,PayPal,Desktop,Media,US,Economico
Empresa,PayPal,Desktop,Media,US,Estandar
Empresa,PayPal,Desktop,Media,US,Express
Empresa,PayPal,Desktop,Media,US,Pickup
Empresa,PayPal,Desktop,Media,APAC,Economico
Empresa,PayPal,Desktop,Media,APAC,Estandar
Empresa,PayPal,Desktop,Media,APAC,Express
Empresa,PayPal,Desktop,Media,APAC,Pickup
Empresa,PayPal,Desktop,Lenta,LATAM,Economico
Empresa,PayPal,Desktop,Lenta,LATAM,Estandar
Empresa,PayPal,Desktop,Lenta,LATAM,Express
Empresa,PayPal,Desktop,Lenta,LATAM,Pickup
Empresa,PayPal,Desktop,Lenta,EU,Economico
Empresa,PayPal,Desktop,Lenta,EU,Estandar
Empresa,PayPal,Desktop,Lenta,EU,Express
Empresa,PayPal,Desktop,Lenta,EU,Pickup
Empresa,PayPal,Desktop,Lenta,US,Economico
Empresa,PayPal,Desktop,Lenta,US,Estandar
Empresa,PayPal,Desktop,Lenta,US,Express
Empresa,PayPal,Desktop,Lenta,US,Pickup
Empresa,PayPal,Desktop,Lenta,APAC,Economico
Empresa,PayPal,Desktop,Lenta,APAC,Estandar
Empresa,PayPal,Desktop,Lenta,APAC,Express
Empresa,PayPal,Desktop,Lenta,APAC,Pickup
Empresa,PayPal,Desktop,Intermitente,LATAM,Economico
Empresa,PayPal,Desktop,Intermitente,LATAM,Estandar
Empresa,PayPal,Desktop,Intermitente,LATAM,Express
Empresa,PayPal,Desktop,Intermitente,LATAM,Pickup
Empresa,PayPal,Desktop,Intermitente,EU,Economico
Empresa,PayPal,Desktop,Intermitente,EU,Estandar
Empresa,PayPal,Desktop,Intermitente,EU,Express
Empresa,PayPal,Desktop,Intermitente,EU,Pickup
Empresa,PayPal,Desktop,Intermitente,US,Economico
Empresa,PayPal,Desktop,Intermitente,US,Estandar
Empresa,PayPal,Desktop,Intermitente,US,Express
Empresa,PayPal,Desktop,Intermitente,US,Pickup
Empresa,PayPal,Desktop,Intermitente,APAC,Economico
Empresa,PayPal,Desktop,Intermitente,APAC,Estandar
Empresa,PayPal,Desktop,Intermitente,APAC,Express
Empresa,PayPal,Desktop,Intermitente,APAC,Pickup
Empresa,PayPal,Desktop,SinConexion,LATAM,Economico
Empresa,PayPal,Desktop,SinConexion,LATAM,Estandar
Empresa,PayPal,Desktop,SinConexion,LATAM,Express
Empresa,PayPal,Desktop,SinConexion,LATAM,Pickup
Empresa,PayPal,Desktop,SinConexion,EU,Economico
Empresa,PayPal,Desktop,SinConexion,EU,Estandar
Empresa,PayPal,Desktop,SinConexion,EU,Express
Empresa,PayPal,Desktop,SinConexion,EU,Pickup
Empresa,PayPal,Desktop,SinConexion,US,Economico
Empresa,PayPal,Desktop,SinConexion,US,Estandar
Empresa,PayPal,Desktop,SinConexion,US,Express
Empresa,PayPal,Desktop,SinConexion,US,Pickup
Empresa,PayPal,Desktop,SinConexion,APAC,Economico
Empresa,PayPal,Desktop,SinConexion,APAC,Estandar
Empresa,PayPal,Desktop,SinConexion,APAC,Express
Empresa,PayPal,Desktop,SinConexion,APAC,Pickup
Empresa,PayPal,Tableta,Buena,LATAM,Economico
Empresa,PayPal,Tableta,Buena,LATAM,Estandar
Empresa,PayPal,Tableta,Buena,LATAM,Express
Empresa,PayPal,Tableta,Buena,LATAM,Pickup
Empresa,PayPal,Tableta,Buena,EU,Economico
Empresa,PayPal,Tableta,Buena,EU,Estandar
Empresa,PayPal,Tableta,Buena,EU,Express
Empresa,PayPal,Tableta,Buena,EU,Pickup
Empresa,PayPal,Tableta,Buena,US,Economico
Empresa,PayPal,Tableta,Buena,US,Estandar
Empresa,PayPal,Tableta,Buena,US,Express
Empresa,PayPal,Tableta,Buena,US,Pickup
Empresa,PayPal,Tableta,Buena,APAC,Economico
Empresa,PayPal,Tableta,Buena,APAC,Estandar
Empresa,PayPal,Tableta,Buena,APAC,Express
Empresa,PayPal,Tableta,Buena,APAC,Pickup
Empresa,PayPal,Tableta,Media,LATAM,Economico
Empresa,PayPal,Tableta,Media,LATAM,Estandar
Empresa,PayPal,Tableta,Media,LATAM,Express
Empresa,PayPal,Tableta,Media,LATAM,Pickup
Empresa,PayPal,Tableta,Media,EU,Economico
Empresa,PayPal,Tableta,Media,EU,Estandar
Empresa,PayPal,Tableta,Media,EU,Express
Empresa,PayPal,Tableta,Media,EU,Pickup
Empresa,PayPal,Tableta,Media,US,Economico
Empresa,PayPal,Tableta,Media,US,Estandar
Empresa,PayPal,Tableta,Media,US,Express
Empresa,PayPal,Tableta,Media,US,Pickup
Empresa,PayPal,Tableta,Media,APAC,Economico
Empresa,PayPal,Tableta,Media,APAC,Estandar
Empresa,PayPal,Tableta,Media,APAC,Express
Empresa,PayPal,Tableta,Media,APAC,Pickup
Empresa,PayPal,Tableta,Lenta,LATAM,Economico
Empresa,PayPal,Tableta,Lenta,LATAM,Estandar
Empresa,PayPal,Tableta,Lenta,LATAM,Express
Empresa,PayPal,Tableta,Lenta,LATAM,Pickup
Empresa,PayPal,Tableta,Lenta,EU,Economico
Empresa,PayPal,Tableta,Lenta,EU,Estandar
Empresa,PayPal,Tableta,Lenta,EU,Express
Empresa,PayPal,Tableta,Lenta,EU,Pickup
Empresa,PayPal,Tableta,Lenta,US,Economico
Empresa,PayPal,Tableta,Lenta,US,Estandar
Empresa,PayPal,Tableta,Lenta,US,Express
Empresa,PayPal,Tableta,Lenta,US,Pickup
Empresa,PayPal,Tableta,Lenta,APAC,Economico
Empresa,PayPal,Tableta,Lenta,APAC,Estandar
Empresa,PayPal,Tableta,Lenta,APAC,Express
Empresa,PayPal,Tableta,Lenta,APAC,Pickup
Empresa,PayPal,Tableta,Intermitente,LATAM,Economico
Empresa,PayPal,Tableta,Intermitente,LATAM,Estandar
Empresa,PayPal,Tableta,Intermitente,LATAM,Express
Empresa,PayPal,Tableta,Intermitente,LATAM,Pickup
Empresa,PayPal,Tableta,Intermitente,EU,Economico
Empresa,PayPal,Tableta,Intermitente,EU,Estandar
Empresa,PayPal,Tableta,Intermitente,EU,Express
Empresa,PayPal,Tableta,Intermitente,EU,Pickup
Empresa,PayPal,Tableta,Intermitente,US,Economico
Empresa,PayPal,Tableta,Intermitente,US,Estandar
Empresa,PayPal,Tableta,Intermitente,US,Express
Empresa,PayPal,Tableta,Intermitente,US,Pickup
Empresa,PayPal,Tableta,Intermitente,APAC,Economico
Empresa,PayPal,Tableta,Intermitente,APAC,Estandar
Empresa,PayPal,Tableta,Intermitente,APAC,Express
Empresa,PayPal,Tableta,Intermitente,APAC,Pickup
Empresa,PayPal,Tableta,SinConexion,LATAM,Economico
Empresa,PayPal,Tableta,SinConexion,LATAM,Estandar
Empresa,PayPal,Tableta,SinConexion,LATAM,Express
Empresa,PayPal,Tableta,SinConexion,LATAM,Pickup
Empresa,PayPal,Tableta,SinConexion,EU,Economico
Empresa,PayPal,Tableta,SinConexion,EU,Estandar
Empresa,PayPal,Tableta,SinConexion,EU,Express
Empresa,PayPal,Tableta,SinConexion,EU,Pickup
Empresa,PayPal,Tableta,SinConexion,US,Economico
Empresa,PayPal,Tableta,SinConexion,US,Estandar
Empresa,PayPal,Tableta,SinConexion,US,Express
Empresa,PayPal,Tableta,SinConexion,US,Pickup
Empresa,PayPal,Tableta,SinConexion,APAC,Economico
Empresa,PayPal,Tableta,SinConexion,APAC,Estandar
Empresa,PayPal,Tableta,SinConexion,APAC,Express
Empresa,PayPal,Tableta,SinConexion,APAC,Pickup
Empresa,PayPal,SmartTV,Buena,LATAM,Economico
Empresa,PayPal,SmartTV,Buena,LATAM,Estandar
Empresa,PayPal,SmartTV,Buena,LATAM,Express
Empresa,PayPal,SmartTV,Buena,LATAM,Pickup
Empresa,PayPal,SmartTV,Buena,EU,Economico
Empresa,PayPal,SmartTV,Buena,EU,Estandar
Empresa,PayPal,SmartTV,Buena,EU,Express
Empresa,PayPal,SmartTV,Buena,EU,Pickup
Empresa,PayPal,SmartTV,Buena,US,Economico
Empresa,PayPal,SmartTV,Buena,US,Estandar
Empresa,PayPal,SmartTV,Buena,US,Express
Empresa,PayPal,SmartTV,Buena,US,Pickup
Empresa,PayPal,SmartTV,Buena,APAC,Economico
Empresa,PayPal,SmartTV,Buena,APAC,Estandar
Empresa,PayPal,SmartTV,Buena,APAC,Express
Empresa,PayPal,SmartTV,Buena,APAC,Pickup
Empresa,PayPal,SmartTV,Media,LATAM,Economico
Empresa,PayPal,SmartTV,Media,LATAM,Estandar
Empresa,PayPal,SmartTV,Media,LATAM,Express
Empresa,PayPal,SmartTV,Media,LATAM,Pickup
Empresa,PayPal,SmartTV,Media,EU,Economico
Empresa,PayPal,SmartTV,Media,EU,Estandar
Empresa,PayPal,SmartTV,Media,EU,Express
Empresa,PayPal,SmartTV,Media,EU,Pickup
Empresa,PayPal,SmartTV,Media,US,Economico
Empresa,PayPal,SmartTV,Media,US,Estandar
Empresa,PayPal,SmartTV,Media,US,Express
Empresa,PayPal,SmartTV,Media,US,Pickup
Empresa,PayPal,SmartTV,Media,APAC,Economico
Empresa,PayPal,SmartTV,Media,APAC,Estandar
Empresa,PayPal,SmartTV,Media,APAC,Express
Empresa,PayPal,SmartTV,Media,APAC,Pickup
Empresa,PayPal,SmartTV,Lenta,LATAM,Economico
Empresa,PayPal,SmartTV,Lenta,LATAM,Estandar
Empresa,PayPal,SmartTV,Lenta,LATAM,Express
Empresa,PayPal,SmartTV,Lenta,LATAM,Pickup
Empresa,PayPal,SmartTV,Lenta,EU,Economico
Empresa,PayPal,SmartTV,Lenta,EU,Estandar
Empresa,PayPal,SmartTV,Lenta,EU,Express
Empresa,PayPal,SmartTV,Lenta,EU,Pickup
Empresa,PayPal,SmartTV,Lenta,US,Economico
Empresa,PayPal,SmartTV,Lenta,US,Estandar
Empresa,PayPal,SmartTV,Lenta,US,Express
Empresa,PayPal,SmartTV,Lenta,US,Pickup
Empresa,PayPal,SmartTV,Lenta,APAC,Economico
Empresa,PayPal,SmartTV,Lenta,APAC,Estandar
Empresa,PayPal,SmartTV,Lenta,APAC,Express
Empresa,PayPal,SmartTV,Lenta,APAC,Pickup
Empresa,PayPal,SmartTV,Intermitente,LATAM,Economico
Empresa,PayPal,SmartTV,Intermitente,LATAM,Estandar
Empresa,PayPal,SmartTV,Intermitente,LATAM,Express
Empresa,PayPal,SmartTV,Intermitente,LATAM,Pickup
Empresa,PayPal,SmartTV,Intermitente,EU,Economico
Empresa,PayPal,SmartTV,Intermitente,EU,Estandar
Empresa,PayPal,SmartTV,Intermitente,EU,Express
Empresa,PayPal,SmartTV,Intermitente,EU,Pickup
Empresa,PayPal,SmartTV,Intermitente,US,Economico
Empresa,PayPal,SmartTV,Intermitente,US,Estandar
Empresa,PayPal,SmartTV,Intermitente,US,Express
Empresa,PayPal,SmartTV,Intermitente,US,Pickup
Empresa,PayPal,SmartTV,Intermitente,APAC,Economico
Empresa,PayPal,SmartTV,Intermitente,APAC,Estandar
Empresa,PayPal,SmartTV,Intermitente,APAC,Express
Empresa,PayPal,SmartTV,Intermitente,APAC,Pickup
Empresa,PayPal,SmartTV,SinConexion,LATAM,Economico
Empresa,PayPal,SmartTV,SinConexion,LATAM,Estandar
Empresa,PayPal,SmartTV,SinConexion,LATAM,Express
Empresa,PayPal,SmartTV,SinConexion,LATAM,Pickup
Empresa,PayPal,SmartTV,SinConexion,EU,Economico
Empresa,PayPal,SmartTV,SinConexion,EU,Estandar
Empresa,PayPal,SmartTV,SinConexion,EU,Express
Empresa,PayPal,SmartTV,SinConexion,EU,Pickup
Empresa,PayPal,SmartTV,SinConexion,US,Economico
Empresa,PayPal,SmartTV,SinConexion,US,Estandar
Empresa,PayPal,SmartTV,SinConexion,US,Express
Empresa,PayPal,SmartTV,SinConexion,US,Pickup
Empresa,PayPal,SmartTV,SinConexion,APAC,Economico
Empresa,PayPal,SmartTV,SinConexion,APAC,Estandar
Empresa,PayPal,SmartTV,SinConexion,APAC,Express
Empresa,PayPal,SmartTV,SinConexion,APAC,Pickup
Empresa,PayPal,Consola,Buena,LATAM,Economico
Empresa,PayPal,Consola,Buena,LATAM,Estandar
Empresa,PayPal,Consola,Buena,LATAM,Express
Empresa,PayPal,Consola,Buena,LATAM,Pickup
Empresa,PayPal,Consola,Buena,EU,Economico
Empresa,PayPal,Consola,Buena,EU,Estandar
Empresa,PayPal,Consola,Buena,EU,Express
Empresa,PayPal,Consola,Buena,EU,Pickup
Empresa,PayPal,Consola,Buena,US,Economico
Empresa,PayPal,Consola,Buena,US,Estandar
Empresa,PayPal,Consola,Buena,US,Express
Empresa,PayPal,Consola,Buena,US,Pickup
Empresa,PayPal,Consola,Buena,APAC,Economico
Empresa,PayPal,Consola,Buena,APAC,Estandar
Empresa,PayPal,Consola,Buena,APAC,Express
Empresa,PayPal,Consola,Buena,APAC,Pickup
Empresa,PayPal,Consola,Media,LATAM,Economico
Empresa,PayPal,Consola,Media,LATAM,Estandar
Empresa,PayPal,Consola,Media,LATAM,Express
Empresa,PayPal,Consola,Media,LATAM,Pickup
Empresa,PayPal,Consola,Media,EU,Economico
Empresa,PayPal,Consola,Media,EU,Estandar
Empresa,PayPal,Consola,Media,EU,Express
Empresa,PayPal,Consola,Media,EU,Pickup
Empresa,PayPal,Consola,Media,US,Economico
Empresa,PayPal,Consola,Media,US,Estandar
Empresa,PayPal,Consola,Media,US,Express
Empresa,PayPal,Consola,Media,US,Pickup
Empresa,PayPal,Consola,Media,APAC,Economico
Empresa,PayPal,Consola,Media,APAC,Estandar
Empresa,PayPal,Consola,Media,APAC,Express
Empresa,PayPal,Consola,Media,APAC,Pickup
Empresa,PayPal,Consola,Lenta,LATAM,Economico
Empresa,PayPal,Consola,Lenta,LATAM,Estandar
Empresa,PayPal,Consola,Lenta,LATAM,Express
Empresa,PayPal,Consola,Lenta,LATAM,Pickup
Empresa,PayPal,Consola,Lenta,EU,Economico
Empresa,PayPal,Consola,Lenta,EU,Estandar
Empresa,PayPal,Consola,Lenta,EU,Express
Empresa,PayPal,Consola,Lenta,EU,Pickup
Empresa,PayPal,Consola,Lenta,US,Economico
Empresa,PayPal,Consola,Lenta,US,Estandar
Empresa,PayPal,Consola,Lenta,US,Express
Empresa,PayPal,Consola,Lenta,US,Pickup
Empresa,PayPal,Consola,Lenta,APAC,Economico
Empresa,PayPal,Consola,Lenta,APAC,Estandar
Empresa,PayPal,Consola,Lenta,APAC,Express
Empresa,PayPal,Consola,Lenta,APAC,Pickup
Empresa,PayPal,Consola,Intermitente,LATAM,Economico
Empresa,PayPal,Consola,Intermitente,LATAM,Estandar
Empresa,PayPal,Consola,Intermitente,LATAM,Express
Empresa,PayPal,Consola,Intermitente,LATAM,Pickup
Empresa,PayPal,Consola,Intermitente,EU,Economico
Empresa,PayPal,Consola,Intermitente,EU,Estandar
Empresa,PayPal,Consola,Intermitente,EU,Express
Empresa,PayPal,Consola,Intermitente,EU,Pickup
Empresa,PayPal,Consola,Intermitente,US,Economico
Empresa,PayPal,Consola,Intermitente,US,Estandar
Empresa,PayPal,Consola,Intermitente,US,Express
Empresa,PayPal,Consola,Intermitente,US,Pickup
Empresa,PayPal,Consola,Intermitente,APAC,Economico
Empresa,PayPal,Consola,Intermitente,APAC,Estandar
Empresa,PayPal,Consola,Intermitente,APAC,Express
Empresa,PayPal,Consola,Intermitente,APAC,Pickup
Empresa,PayPal,Consola,SinConexion,LATAM,Economico
Empresa,PayPal,Consola,SinConexion,LATAM,Estandar
Empresa,PayPal,Consola,SinConexion,LATAM,Express
Empresa,PayPal,Consola,SinConexion,LATAM,Pickup
Empresa,PayPal,Consola,SinConexion,EU,Economico
Empresa,PayPal,Consola,SinConexion,EU,Estandar
Empresa,PayPal,Consola,SinConexion,EU,Express
Empresa,PayPal,Consola,SinConexion,EU,Pickup
Empresa,PayPal,Consola,SinConexion,US,Economico
Empresa,PayPal,Consola,SinConexion,US,Estandar
Empresa,PayPal,Consola,SinConexion,US,Express
Empresa,PayPal,Consola,SinConexion,US,Pickup
Empresa,PayPal,Consola,SinConexion,APAC,Economico
Empresa,PayPal,Consola,SinConexion,APAC,Estandar
Empresa,PayPal,Consola,SinConexion,APAC,Express
Empresa,PayPal,Consola,SinConexion,APAC,Pickup
Empresa,Transferencia,Movil,Buena,LATAM,Economico
Empresa,Transferencia,Movil,Buena,LATAM,Estandar
Empresa,Transferencia,Movil,Buena,LATAM,Express
Empresa,Transferencia,Movil,Buena,LATAM,Pickup
Empresa,Transferencia,Movil,Buena,EU,Economico
Empresa,Transferencia,Movil,Buena,EU,Estandar
Empresa,Transferencia,Movil,Buena,EU,Express
Empresa,Transferencia,Movil,Buena,EU,Pickup
Empresa,Transferencia,Movil,Buena,US,Economico
Empresa,Transferencia,Movil,Buena,US,Estandar
Empresa,Transferencia,Movil,Buena,US,Express
Empresa,Transferencia,Movil,Buena,US,Pickup
Empresa,Transferencia,Movil,Buena,APAC,Economico
Empresa,Transferencia,Movil,Buena,APAC,Estandar
Empresa,Transferencia,Movil,Buena,APAC,Express
Empresa,Transferencia,Movil,Buena,APAC,Pickup
Empresa,Transferencia,Movil,Media,LATAM,Economico
Empresa,Transferencia,Movil,Media,LATAM,Estandar
Empresa,Transferencia,Movil,Media,LATAM,Express
Empresa,Transferencia,Movil,Media,LATAM,Pickup
Empresa,Transferencia,Movil,Media,EU,Economico
Empresa,Transferencia,Movil,Media,EU,Estandar
Empresa,Transferencia,Movil,Media,EU,Express
Empresa,Transferencia,Movil,Media,EU,Pickup
Empresa,Transferencia,Movil,Media,US,Economico
Empresa,Transferencia,Movil,Media,US,Estandar
Empresa,Transferencia,Movil,Media,US,Express
Empresa,Transferencia,Movil,Media,US,Pickup
Empresa,Transferencia,Movil,Media,APAC,Economico
Empresa,Transferencia,Movil,Media,APAC,Estandar
Empresa,Transferencia,Movil,Media,APAC,Express
Empresa,Transferencia,Movil,Media,APAC,Pickup
Empresa,Transferencia,Movil,Lenta,LATAM,Economico
Empresa,Transferencia,Movil,Lenta,LATAM,Estandar
Empresa,Transferencia,Movil,Lenta,LATAM,Express
Empresa,Transferencia,Movil,Lenta,LATAM,Pickup
Empresa,Transferencia,Movil,Lenta,EU,Economico
Empresa,Transferencia,Movil,Lenta,EU,Estandar
Empresa,Transferencia,Movil,Lenta,EU,Express
Empresa,Transferencia,Movil,Lenta,EU,Pickup
Empresa,Transferencia,Movil,Lenta,US,Economico
Empresa,Transferencia,Movil,Lenta,US,Estandar
Empresa,Transferencia,Movil,Lenta,US,Express
Empresa,Transferencia,Movil,Lenta,US,Pickup
Empresa,Transferencia,Movil,Lenta,APAC,Economico
Empresa,Transferencia,Movil,Lenta,APAC,Estandar
Empresa,Transferencia,Movil,Lenta,APAC,Express
Empresa,Transferencia,Movil,Lenta,APAC,Pickup
Empresa,Transferencia,Movil,Intermitente,LATAM,Economico
Empresa,Transferencia,Movil,Intermitente,LATAM,Estandar
Empresa,Transferencia,Movil,Intermitente,LATAM,Express
Empresa,Transferencia,Movil,Intermitente,LATAM,Pickup
Empresa,Transferencia,Movil,Intermitente,EU,Economico
Empresa,Transferencia,Movil,Intermitente,EU,Estandar
Empresa,Transferencia,Movil,Intermitente,EU,Express
Empresa,Transferencia,Movil,Intermitente,EU,Pickup
Empresa,Transferencia,Movil,Intermitente,US,Economico
Empresa,Transferencia,Movil,Intermitente,US,Estandar
Empresa,Transferencia,Movil,Intermitente,US,Express
Empresa,Transferencia,Movil,Intermitente,US,Pickup
Empresa,Transferencia,Movil,Intermitente,APAC,Economico
Empresa,Transferencia,Movil,Intermitente,APAC,Estandar
Empresa,Transferencia,Movil,Intermitente,APAC,Express
Empresa,Transferencia,Movil,Intermitente,APAC,Pickup
Empresa,Transferencia,Movil,SinConexion,LATAM,Economico
Empresa,Transferencia,Movil,SinConexion,LATAM,Estandar
Empresa,Transferencia,Movil,SinConexion,LATAM,Express
Empresa,Transferencia,Movil,SinConexion,LATAM,Pickup
Empresa,Transferencia,Movil,SinConexion,EU,Economico
Empresa,Transferencia,Movil,SinConexion,EU,Estandar
Empresa,Transferencia,Movil,SinConexion,EU,Express
Empresa,Transferencia,Movil,SinConexion,EU,Pickup
Empresa,Transferencia,Movil,SinConexion,US,Economico
Empresa,Transferencia,Movil,SinConexion,US,Estandar
Empresa,Transferencia,Movil,SinConexion,US,Express
Empresa,Transferencia,Movil,SinConexion,US,Pickup
Empresa,Transferencia,Movil,SinConexion,APAC,Economico
Empresa,Transferencia,Movil,SinConexion,APAC,Estandar
Empresa,Transferencia,Movil,SinConexion,APAC,Express
Empresa,Transferencia,Movil,SinConexion,APAC,Pickup
Empresa,Transferencia,Desktop,Buena,LATAM,Economico
Empresa,Transferencia,Desktop,Buena,LATAM,Estandar
Empresa,Transferencia,Desktop,Buena,LATAM,Express
Empresa,Transferencia,Desktop,Buena,LATAM,Pickup
Empresa,Transferencia,Desktop,Buena,EU,Economico
Empresa,Transferencia,Desktop,Buena,EU,Estandar
Empresa,Transferencia,Desktop,Buena,EU,Express
Empresa,Transferencia,Desktop,Buena,EU,Pickup
Empresa,Transferencia,Desktop,Buena,US,Economico
Empresa,Transferencia,Desktop,Buena,US,Estandar
Empresa,Transferencia,Desktop,Buena,US,Express
Empresa,Transferencia,Desktop,Buena,US,Pickup
Empresa,Transferencia,Desktop,Buena,APAC,Economico
Empresa,Transferencia,Desktop,Buena,APAC,Estandar
Empresa,Transferencia,Desktop,Buena,APAC,Express
Empresa,Transferencia,Desktop,Buena,APAC,Pickup
Empresa,Transferencia,Desktop,Media,LATAM,Economico
Empresa,Transferencia,Desktop,Media,LATAM,Estandar
Empresa,Transferencia,Desktop,Media,LATAM,Express
Empresa,Transferencia,Desktop,Media,LATAM,Pickup
Empresa,Transferencia,Desktop,Media,EU,Economico
Empresa,Transferencia,Desktop,Media,EU,Estandar
Empresa,Transferencia,Desktop,Media,EU,Express
Empresa,Transferencia,Desktop,Media,EU,Pickup
Empresa,Transferencia,Desktop,Media,US,Economico
Empresa,Transferencia,Desktop,Media,US,Estandar
Empresa,Transferencia,Desktop,Media,US,Express
Empresa,Transferencia,Desktop,Media,US,Pickup
Empresa,Transferencia,Desktop,Media,APAC,Economico
Empresa,Transferencia,Desktop,Media,APAC,Estandar
Empresa,Transferencia,Desktop,Media,APAC,Express
Empresa,Transferencia,Desktop,Media,APAC,Pickup
Empresa,Transferencia,Desktop,Lenta,LATAM,Economico
Empresa,Transferencia,Desktop,Lenta,LATAM,Estandar
Empresa,Transferencia,Desktop,Lenta,LATAM,Express
Empresa,Transferencia,Desktop,Lenta,LATAM,Pickup
Empresa,Transferencia,Desktop,Lenta,EU,Economico
Empresa,Transferencia,Desktop,Lenta,EU,Estandar
Empresa,Transferencia,Desktop,Lenta,EU,Express
Empresa,Transferencia,Desktop,Lenta,EU,Pickup
Empresa,Transferencia,Desktop,Lenta,US,Economico
Empresa,Transferencia,Desktop,Lenta,US,Estandar
Empresa,Transferencia,Desktop,Lenta,US,Express
Empresa,Transferencia,Desktop,Lenta,US,Pickup
Empresa,Transferencia,Desktop,Lenta,APAC,Economico
Empresa,Transferencia,Desktop,Lenta,APAC,Estandar
Empresa,Transferencia,Desktop,Lenta,APAC,Express
Empresa,Transferencia,Desktop,Lenta,APAC,Pickup
Empresa,Transferencia,Desktop,Intermitente,LATAM,Economico
Empresa,Transferencia,Desktop,Intermitente,LATAM,Estandar
Empresa,Transferencia,Desktop,Intermitente,LATAM,Express
Empresa,Transferencia,Desktop,Intermitente,LATAM,Pickup
Empresa,Transferencia,Desktop,Intermitente,EU,Economico
Empresa,Transferencia,Desktop,Intermitente,EU,Estandar
Empresa,Transferencia,Desktop,Intermitente,EU,Express
Empresa,Transferencia,Desktop,Intermitente,EU,Pickup
Empresa,Transferencia,Desktop,Intermitente,US,Economico
Empresa,Transferencia,Desktop,Intermitente,US,Estandar
Empresa,Transferencia,Desktop,Intermitente,US,Express
Empresa,Transferencia,Desktop,Intermitente,US,Pickup
Empresa,Transferencia,Desktop,Intermitente,APAC,Economico
Empresa,Transferencia,Desktop,Intermitente,APAC,Estandar
Empresa,Transferencia,Desktop,Intermitente,APAC,Express
Empresa,Transferencia,Desktop,Intermitente,APAC,Pickup
Empresa,Transferencia,Desktop,SinConexion,LATAM,Economico
Empresa,Transferencia,Desktop,SinConexion,LATAM,Estandar
Empresa,Transferencia,Desktop,SinConexion,LATAM,Express
Empresa,Transferencia,Desktop,SinConexion,LATAM,Pickup
Empresa,Transferencia,Desktop,SinConexion,EU,Economico
Empresa,Transferencia,Desktop,SinConexion,EU,Estandar
Empresa,Transferencia,Desktop,SinConexion,EU,Express
Empresa,Transferencia,Desktop,SinConexion,EU,Pickup
Empresa,Transferencia,Desktop,SinConexion,US,Economico
Empresa,Transferencia,Desktop,SinConexion,US,Estandar
Empresa,Transferencia,Desktop,SinConexion,US,Express
Empresa,Transferencia,Desktop,SinConexion,US,Pickup
Empresa,Transferencia,Desktop,SinConexion,APAC,Economico
Empresa,Transferencia,Desktop,SinConexion,APAC,Estandar
Empresa,Transferencia,Desktop,SinConexion,APAC,Express
Empresa,Transferencia,Desktop,SinConexion,APAC,Pickup
Empresa,Transferencia,Tableta,Buena,LATAM,Economico
Empresa,Transferencia,Tableta,Buena,LATAM,Estandar
Empresa,Transferencia,Tableta,Buena,LATAM,Express
Empresa,Transferencia,Tableta,Buena,LATAM,Pickup
Empresa,Transferencia,Tableta,Buena,EU,Economico
Empresa,Transferencia,Tableta,Buena,EU,Estandar
Empresa,Transferencia,Tableta,Buena,EU,Express
Empresa,Transferencia,Tableta,Buena,EU,Pickup
Empresa,Transferencia,Tableta,Buena,US,Economico
Empresa,Transferencia,Tableta,Buena,US,Estandar
Empresa,Transferencia,Tableta,Buena,US,Express
Empresa,Transferencia,Tableta,Buena,US,Pickup
Empresa,Transferencia,Tableta,Buena,APAC,Economico
Empresa,Transferencia,Tableta,Buena,APAC,Estandar
Empresa,Transferencia,Tableta,Buena,APAC,Express
Empresa,Transferencia,Tableta,Buena,APAC,Pickup
Empresa,Transferencia,Tableta,Media,LATAM,Economico
Empresa,Transferencia,Tableta,Media,LATAM,Estandar
Empresa,Transferencia,Tableta,Media,LATAM,Express
Empresa,Transferencia,Tableta,Media,LATAM,Pickup
Empresa,Transferencia,Tableta,Media,EU,Economico
Empresa,Transferencia,Tableta,Media,EU,Estandar
Empresa,Transferencia,Tableta,Media,EU,Express
Empresa,Transferencia,Tableta,Media,EU,Pickup
Empresa,Transferencia,Tableta,Media,US,Economico
Empresa,Transferencia,Tableta,Media,US,Estandar
Empresa,Transferencia,Tableta,Media,US,Express
Empresa,Transferencia,Tableta,Media,US,Pickup
Empresa,Transferencia,Tableta,Media,APAC,Economico
Empresa,Transferencia,Tableta,Media,APAC,Estandar
Empresa,Transferencia,Tableta,Media,APAC,Express
Empresa,Transferencia,Tableta,Media,APAC,Pickup
Empresa,Transferencia,Tableta,Lenta,LATAM,Economico
Empresa,Transferencia,Tableta,Lenta,LATAM,Estandar
Empresa,Transferencia,Tableta,Lenta,LATAM,Express
Empresa,Transferencia,Tableta,Lenta,LATAM,Pickup
Empresa,Transferencia,Tableta,Lenta,EU,Economico
Empresa,Transferencia,Tableta,Lenta,EU,Estandar
Empresa,Transferencia,Tableta,Lenta,EU,Express
Empresa,Transferencia,Tableta,Lenta,EU,Pickup
Empresa,Transferencia,Tableta,Lenta,US,Economico
Empresa,Transferencia,Tableta,Lenta,US,Estandar
Empresa,Transferencia,Tableta,Lenta,US,Express
Empresa,Transferencia,Tableta,Lenta,US,Pickup
Empresa,Transferencia,Tableta,Lenta,APAC,Economico
Empresa,Transferencia,Tableta,Lenta,APAC,Estandar
Empresa,Transferencia,Tableta,Lenta,APAC,Express
Empresa,Transferencia,Tableta,Lenta,APAC,Pickup
Empresa,Transferencia,Tableta,Intermitente,LATAM,Economico
Empresa,Transferencia,Tableta,Intermitente,LATAM,Estandar
Empresa,Transferencia,Tableta,Intermitente,LATAM,Express
Empresa,Transferencia,Tableta,Intermitente,LATAM,Pickup
Empresa,Transferencia,Tableta,Intermitente,EU,Economico
Empresa,Transferencia,Tableta,Intermitente,EU,Estandar
Empresa,Transferencia,Tableta,Intermitente,EU,Express
Empresa,Transferencia,Tableta,Intermitente,EU,Pickup
Empresa,Transferencia,Tableta,Intermitente,US,Economico
Empresa,Transferencia,Tableta,Intermitente,US,Estandar
Empresa,Transferencia,Tableta,Intermitente,US,Express
Empresa,Transferencia,Tableta,Intermitente,US,Pickup
Empresa,Transferencia,Tableta,Intermitente,APAC,Economico
Empresa,Transferencia,Tableta,Intermitente,APAC,Estandar
Empresa,Transferencia,Tableta,Intermitente,APAC,Express
Empresa,Transferencia,Tableta,Intermitente,APAC,Pickup
Empresa,Transferencia,Tableta,SinConexion,LATAM,Economico
Empresa,Transferencia,Tableta,SinConexion,LATAM,Estandar
Empresa,Transferencia,Tableta,SinConexion,LATAM,Express
Empresa,Transferencia,Tableta,SinConexion,LATAM,Pickup
Empresa,Transferencia,Tableta,SinConexion,EU,Economico
Empresa,Transferencia,Tableta,SinConexion,EU,Estandar
Empresa,Transferencia,Tableta,SinConexion,EU,Express
Empresa,Transferencia,Tableta,SinConexion,EU,Pickup
Empresa,Transferencia,Tableta,SinConexion,US,Economico
Empresa,Transferencia,Tableta,SinConexion,US,Estandar
Empresa,Transferencia,Tableta,SinConexion,US,Express
Empresa,Transferencia,Tableta,SinConexion,US,Pickup
Empresa,Transferencia,Tableta,SinConexion,APAC,Economico
Empresa,Transferencia,Tableta,SinConexion,APAC,Estandar
Empresa,Transferencia,Tableta,SinConexion,APAC,Express
Empresa,Transferencia,Tableta,SinConexion,APAC,Pickup
Empresa,Transferencia,SmartTV,Buena,LATAM,Economico
Empresa,Transferencia,SmartTV,Buena,LATAM,Estandar
Empresa,Transferencia,SmartTV,Buena,LATAM,Express
Empresa,Transferencia,SmartTV,Buena,LATAM,Pickup
Empresa,Transferencia,SmartTV,Buena,EU,Economico
Empresa,Transferencia,SmartTV,Buena,EU,Estandar
Empresa,Transferencia,SmartTV,Buena,EU,Express
Empresa,Transferencia,SmartTV,Buena,EU,Pickup
Empresa,Transferencia,SmartTV,Buena,US,Economico
Empresa,Transferencia,SmartTV,Buena,US,Estandar
Empresa,Transferencia,SmartTV,Buena,US,Express
Empresa,Transferencia,SmartTV,Buena,US,Pickup
Empresa,Transferencia,SmartTV,Buena,APAC,Economico
Empresa,Transferencia,SmartTV,Buena,APAC,Estandar
Empresa,Transferencia,SmartTV,Buena,APAC,Express
Empresa,Transferencia,SmartTV,Buena,APAC,Pickup
Empresa,Transferencia,SmartTV,Media,LATAM,Economico
Empresa,Transferencia,SmartTV,Media,LATAM,Estandar
Empresa,Transferencia,SmartTV,Media,LATAM,Express
Empresa,Transferencia,SmartTV,Media,LATAM,Pickup
Empresa,Transferencia,SmartTV,Media,EU,Economico
Empresa,Transferencia,SmartTV,Media,EU,Estandar
Empresa,Transferencia,SmartTV,Media,EU,Express
Empresa,Transferencia,SmartTV,Media,EU,Pickup
Empresa,Transferencia,SmartTV,Media,US,Economico
Empresa,Transferencia,SmartTV,Media,US,Estandar
Empresa,Transferencia,SmartTV,Media,US,Express
Empresa,Transferencia,SmartTV,Media,US,Pickup
Empresa,Transferencia,SmartTV,Media,APAC,Economico
Empresa,Transferencia,SmartTV,Media,APAC,Estandar
Empresa,Transferencia,SmartTV,Media,APAC,Express
Empresa,Transferencia,SmartTV,Media,APAC,Pickup
Empresa,Transferencia,SmartTV,Lenta,LATAM,Economico
Empresa,Transferencia,SmartTV,Lenta,LATAM,Estandar
Empresa,Transferencia,SmartTV,Lenta,LATAM,Express
Empresa,Transferencia,SmartTV,Lenta,LATAM,Pickup
Empresa,Transferencia,SmartTV,Lenta,EU,Economico
Empresa,Transferencia,SmartTV,Lenta,EU,Estandar
Empresa,Transferencia,SmartTV,Lenta,EU,Express
Empresa,Transferencia,SmartTV,Lenta,EU,Pickup
Empresa,Transferencia,SmartTV,Lenta,US,Economico
Empresa,Transferencia,SmartTV,Lenta,US,Estandar
Empresa,Transferencia,SmartTV,Lenta,US,Express
Empresa,Transferencia,SmartTV,Lenta,US,Pickup
Empresa,Transferencia,SmartTV,Lenta,APAC,Economico
Empresa,Transferencia,SmartTV,Lenta,APAC,Estandar
Empresa,Transferencia,SmartTV,Lenta,APAC,Express
Empresa,Transferencia,SmartTV,Lenta,APAC,Pickup
Empresa,Transferencia,SmartTV,Intermitente,LATAM,Economico
Empresa,Transferencia,SmartTV,Intermitente,LATAM,Estandar
Empresa,Transferencia,SmartTV,Intermitente,LATAM,Express
Empresa,Transferencia,SmartTV,Intermitente,LATAM,Pickup
Empresa,Transferencia,SmartTV,Intermitente,EU,Economico
Empresa,Transferencia,SmartTV,Intermitente,EU,Estandar
Empresa,Transferencia,SmartTV,Intermitente,EU,Express
Empresa,Transferencia,SmartTV,Intermitente,EU,Pickup
Empresa,Transferencia,SmartTV,Intermitente,US,Economico
Empresa,Transferencia,SmartTV,Intermitente,US,Estandar
Empresa,Transferencia,SmartTV,Intermitente,US,Express
Empresa,Transferencia,SmartTV,Intermitente,US,Pickup
Empresa,Transferencia,SmartTV,Intermitente,APAC,Economico
Empresa,Transferencia,SmartTV,Intermitente,APAC,Estandar
Empresa,Transferencia,SmartTV,Intermitente,APAC,Express
Empresa,Transferencia,SmartTV,Intermitente,APAC,Pickup
Empresa,Transferencia,SmartTV,SinConexion,LATAM,Economico
Empresa,Transferencia,SmartTV,SinConexion,LATAM,Estandar
Empresa,Transferencia,SmartTV,SinConexion,LATAM,Express
Empresa,Transferencia,SmartTV,SinConexion,LATAM,Pickup
Empresa,Transferencia,SmartTV,SinConexion,EU,Economico
Empresa,Transferencia,SmartTV,SinConexion,EU,Estandar
Empresa,Transferencia,SmartTV,SinConexion,EU,Express
Empresa,Transferencia,SmartTV,SinConexion,EU,Pickup
Empresa,Transferencia,SmartTV,SinConexion,US,Economico
Empresa,Transferencia,SmartTV,SinConexion,US,Estandar
Empresa,Transferencia,SmartTV,SinConexion,US,Express
Empresa,Transferencia,SmartTV,SinConexion,US,Pickup
Empresa,Transferencia,SmartTV,SinConexion,APAC,Economico
Empresa,Transferencia,SmartTV,SinConexion,APAC,Estandar
Empresa,Transferencia,SmartTV,SinConexion,APAC,Express
Empresa,Transferencia,SmartTV,SinConexion,APAC,Pickup
Empresa,Transferencia,Consola,Buena,LATAM,Economico
Empresa,Transferencia,Consola,Buena,LATAM,Estandar
Empresa,Transferencia,Consola,Buena,LATAM,Express
Empresa,Transferencia,Consola,Buena,LATAM,Pickup
Empresa,Transferencia,Consola,Buena,EU,Economico
Empresa,Transferencia,Consola,Buena,EU,Estandar
Empresa,Transferencia,Consola,Buena,EU,Express
Empresa,Transferencia,Consola,Buena,EU,Pickup
Empresa,Transferencia,Consola,Buena,US,Economico
Empresa,Transferencia,Consola,Buena,US,Estandar
Empresa,Transferencia,Consola,Buena,US,Express
Empresa,Transferencia,Consola,Buena,US,Pickup
Empresa,Transferencia,Consola,Buena,APAC,Economico
Empresa,Transferencia,Consola,Buena,APAC,Estandar
Empresa,Transferencia,Consola,Buena,APAC,Express
Empresa,Transferencia,Consola,Buena,APAC,Pickup
Empresa,Transferencia,Consola,Media,LATAM,Economico
Empresa,Transferencia,Consola,Media,LATAM,Estandar
Empresa,Transferencia,Consola,Media,LATAM,Express
Empresa,Transferencia,Consola,Media,LATAM,Pickup
Empresa,Transferencia,Consola,Media,EU,Economico
Empresa,Transferencia,Consola,Media,EU,Estandar
Empresa,Transferencia,Consola,Media,EU,Express
Empresa,Transferencia,Consola,Media,EU,Pickup
Empresa,Transferencia,Consola,Media,US,Economico
Empresa,Transferencia,Consola,Media,US,Estandar
Empresa,Transferencia,Consola,Media,US,Express
Empresa,Transferencia,Consola,Media,US,Pickup
Empresa,Transferencia,Consola,Media,APAC,Economico
Empresa,Transferencia,Consola,Media,APAC,Estandar
Empresa,Transferencia,Consola,Media,APAC,Express
Empresa,Transferencia,Consola,Media,APAC,Pickup
Empresa,Transferencia,Consola,Lenta,LATAM,Economico
Empresa,Transferencia,Consola,Lenta,LATAM,Estandar
Empresa,Transferencia,Consola,Lenta,LATAM,Express
Empresa,Transferencia,Consola,Lenta,LATAM,Pickup
Empresa,Transferencia,Consola,Lenta,EU,Economico
Empresa,Transferencia,Consola,Lenta,EU,Estandar
Empresa,Transferencia,Consola,Lenta,EU,Express
Empresa,Transferencia,Consola,Lenta,EU,Pickup
Empresa,Transferencia,Consola,Lenta,US,Economico
Empresa,Transferencia,Consola,Lenta,US,Estandar
Empresa,Transferencia,Consola,Lenta,US,Express
Empresa,Transferencia,Consola,Lenta,US,Pickup
Empresa,Transferencia,Consola,Lenta,APAC,Economico
Empresa,Transferencia,Consola,Lenta,APAC,Estandar
Empresa,Transferencia,Consola,Lenta,APAC,Express
Empresa,Transferencia,Consola,Lenta,APAC,Pickup
Empresa,Transferencia,Consola,Intermitente,LATAM,Economico
Empresa,Transferencia,Consola,Intermitente,LATAM,Estandar
Empresa,Transferencia,Consola,Intermitente,LATAM,Express
Empresa,Transferencia,Consola,Intermitente,LATAM,Pickup
Empresa,Transferencia,Consola,Intermitente,EU,Economico
Empresa,Transferencia,Consola,Intermitente,EU,Estandar
Empresa,Transferencia,Consola,Intermitente,EU,Express
Empresa,Transferencia,Consola,Intermitente,EU,Pickup
Empresa,Transferencia,Consola,Intermitente,US,Economico
Empresa,Transferencia,Consola,Intermitente,US,Estandar
Empresa,Transferencia,Consola,Intermitente,US,Express
Empresa,Transferencia,Consola,Intermitente,US,Pickup
Empresa,Transferencia,Consola,Intermitente,APAC,Economico
Empresa,Transferencia,Consola,Intermitente,APAC,Estandar
Empresa,Transferencia,Consola,Intermitente,APAC,Express
Empresa,Transferencia,Consola,Intermitente,APAC,Pickup
Empresa,Transferencia,Consola,SinConexion,LATAM,Economico
Empresa,Transferencia,Consola,SinConexion,LATAM,Estandar
Empresa,Transferencia,Consola,SinConexion,LATAM,Express
Empresa,Transferencia,Consola,SinConexion,LATAM,Pickup
Empresa,Transferencia,Consola,SinConexion,EU,Economico
Empresa,Transferencia,Consola,SinConexion,EU,Estandar
Empresa,Transferencia,Consola,SinConexion,EU,Express
Empresa,Transferencia,Consola,SinConexion,EU,Pickup
Empresa,Transferencia,Consola,SinConexion,US,Economico
Empresa,Transferencia,Consola,SinConexion,US,Estandar
Empresa,Transferencia,Consola,SinConexion,US,Express
Empresa,Transferencia,Consola,SinConexion,US,Pickup
Empresa,Transferencia,Consola,SinConexion,APAC,Economico
Empresa,Transferencia,Consola,SinConexion,APAC,Estandar
Empresa,Transferencia,Consola,SinConexion,APAC,Express
Empresa,Transferencia,Consola,SinConexion,APAC,Pickup
Empresa,Contraentrega,Movil,Buena,LATAM,Economico
Empresa,Contraentrega,Movil,Buena,LATAM,Estandar
Empresa,Contraentrega,Movil,Buena,LATAM,Express
Empresa,Contraentrega,Movil,Buena,LATAM,Pickup
Empresa,Contraentrega,Movil,Buena,EU,Economico
Empresa,Contraentrega,Movil,Buena,EU,Estandar
Empresa,Contraentrega,Movil,Buena,EU,Express
Empresa,Contraentrega,Movil,Buena,EU,Pickup
Empresa,Contraentrega,Movil,Buena,US,Economico
Empresa,Contraentrega,Movil,Buena,US,Estandar
Empresa,Contraentrega,Movil,Buena,US,Express
Empresa,Contraentrega,Movil,Buena,US,Pickup
Empresa,Contraentrega,Movil,Buena,APAC,Economico
Empresa,Contraentrega,Movil,Buena,APAC,Estandar
Empresa,Contraentrega,Movil,Buena,APAC,Express
Empresa,Contraentrega,Movil,Buena,APAC,Pickup
Empresa,Contraentrega,Movil,Media,LATAM,Economico
Empresa,Contraentrega,Movil,Media,LATAM,Estandar
Empresa,Contraentrega,Movil,Media,LATAM,Express
Empresa,Contraentrega,Movil,Media,LATAM,Pickup
Empresa,Contraentrega,Movil,Media,EU,Economico
Empresa,Contraentrega,Movil,Media,EU,Estandar
Empresa,Contraentrega,Movil,Media,EU,Express
Empresa,Contraentrega,Movil,Media,EU,Pickup
Empresa,Contraentrega,Movil,Media,US,Economico
Empresa,Contraentrega,Movil,Media,US,Estandar
Empresa,Contraentrega,Movil,Media,US,Express
Empresa,Contraentrega,Movil,Media,US,Pickup
Empresa,Contraentrega,Movil,Media,APAC,Economico
Empresa,Contraentrega,Movil,Media,APAC,Estandar
Empresa,Contraentrega,Movil,Media,APAC,Express
Empresa,Contraentrega,Movil,Media,APAC,Pickup
Empresa,Contraentrega,Movil,Lenta,LATAM,Economico
Empresa,Contraentrega,Movil,Lenta,LATAM,Estandar
Empresa,Contraentrega,Movil,Lenta,LATAM,Express
Empresa,Contraentrega,Movil,Lenta,LATAM,Pickup
Empresa,Contraentrega,Movil,Lenta,EU,Economico
Empresa,Contraentrega,Movil,Lenta,EU,Estandar
Empresa,Contraentrega,Movil,Lenta,EU,Express
Empresa,Contraentrega,Movil,Lenta,EU,Pickup
Empresa,Contraentrega,Movil,Lenta,US,Economico
Empresa,Contraentrega,Movil,Lenta,US,Estandar
Empresa,Contraentrega,Movil,Lenta,US,Express
Empresa,Contraentrega,Movil,Lenta,US,Pickup
Empresa,Contraentrega,Movil,Lenta,APAC,Economico
Empresa,Contraentrega,Movil,Lenta,APAC,Estandar
Empresa,Contraentrega,Movil,Lenta,APAC,Express
Empresa,Contraentrega,Movil,Lenta,APAC,Pickup
Empresa,Contraentrega,Movil,Intermitente,LATAM,Economico
Empresa,Contraentrega,Movil,Intermitente,LATAM,Estandar
Empresa,Contraentrega,Movil,Intermitente,LATAM,Express
Empresa,Contraentrega,Movil,Intermitente,LATAM,Pickup
Empresa,Contraentrega,Movil,Intermitente,EU,Economico
Empresa,Contraentrega,Movil,Intermitente,EU,Estandar
Empresa,Contraentrega,Movil,Intermitente,EU,Express
Empresa,Contraentrega,Movil,Intermitente,EU,Pickup
Empresa,Contraentrega,Movil,Intermitente,US,Economico
Empresa,Contraentrega,Movil,Intermitente,US,Estandar
Empresa,Contraentrega,Movil,Intermitente,US,Express
Empresa,Contraentrega,Movil,Intermitente,US,Pickup
Empresa,Contraentrega,Movil,Intermitente,APAC,Economico
Empresa,Contraentrega,Movil,Intermitente,APAC,Estandar
Empresa,Contraentrega,Movil,Intermitente,APAC,Express
Empresa,Contraentrega,Movil,Intermitente,APAC,Pickup
Empresa,Contraentrega,Movil,SinConexion,LATAM,Economico
Empresa,Contraentrega,Movil,SinConexion,LATAM,Estandar
Empresa,Contraentrega,Movil,SinConexion,LATAM,Express
Empresa,Contraentrega,Movil,SinConexion,LATAM,Pickup
Empresa,Contraentrega,Movil,SinConexion,EU,Economico
Empresa,Contraentrega,Movil,SinConexion,EU,Estandar
Empresa,Contraentrega,Movil,SinConexion,EU,Express
Empresa,Contraentrega,Movil,SinConexion,EU,Pickup
Empresa,Contraentrega,Movil,SinConexion,US,Economico
Empresa,Contraentrega,Movil,SinConexion,US,Estandar
Empresa,Contraentrega,Movil,SinConexion,US,Express
Empresa,Contraentrega,Movil,SinConexion,US,Pickup
Empresa,Contraentrega,Movil,SinConexion,APAC,Economico
Empresa,Contraentrega,Movil,SinConexion,APAC,Estandar
Empresa,Contraentrega,Movil,SinConexion,APAC,Express
Empresa,Contraentrega,Movil,SinConexion,APAC,Pickup
Empresa,Contraentrega,Desktop,Buena,LATAM,Economico
Empresa,Contraentrega,Desktop,Buena,LATAM,Estandar
Empresa,Contraentrega,Desktop,Buena,LATAM,Express
Empresa,Contraentrega,Desktop,Buena,LATAM,Pickup
Empresa,Contraentrega,Desktop,Buena,EU,Economico
Empresa,Contraentrega,Desktop,Buena,EU,Estandar
Empresa,Contraentrega,Desktop,Buena,EU,Express
Empresa,Contraentrega,Desktop,Buena,EU,Pickup
Empresa,Contraentrega,Desktop,Buena,US,Economico
Empresa,Contraentrega,Desktop,Buena,US,Estandar
Empresa,Contraentrega,Desktop,Buena,US,Express
Empresa,Contraentrega,Desktop,Buena,US,Pickup
Empresa,Contraentrega,Desktop,Buena,APAC,Economico
Empresa,Contraentrega,Desktop,Buena,APAC,Estandar
Empresa,Contraentrega,Desktop,Buena,APAC,Express
Empresa,Contraentrega,Desktop,Buena,APAC,Pickup
Empresa,Contraentrega,Desktop,Media,LATAM,Economico
Empresa,Contraentrega,Desktop,Media,LATAM,Estandar
Empresa,Contraentrega,Desktop,Media,LATAM,Express
Empresa,Contraentrega,Desktop,Media,LATAM,Pickup
Empresa,Contraentrega,Desktop,Media,EU,Economico
Empresa,Contraentrega,Desktop,Media,EU,Estandar
Empresa,Contraentrega,Desktop,Media,EU,Express
Empresa,Contraentrega,Desktop,Media,EU,Pickup
Empresa,Contraentrega,Desktop,Media,US,Economico
Empresa,Contraentrega,Desktop,Media,US,Estandar
Empresa,Contraentrega,Desktop,Media,US,Express
Empresa,Contraentrega,Desktop,Media,US,Pickup
Empresa,Contraentrega,Desktop,Media,APAC,Economico
Empresa,Contraentrega,Desktop,Media,APAC,Estandar
Empresa,Contraentrega,Desktop,Media,APAC,Express
Empresa,Contraentrega,Desktop,Media,APAC,Pickup
Empresa,Contraentrega,Desktop,Lenta,LATAM,Economico
Empresa,Contraentrega,Desktop,Lenta,LATAM,Estandar
Empresa,Contraentrega,Desktop,Lenta,LATAM,Express
Empresa,Contraentrega,Desktop,Lenta,LATAM,Pickup
Empresa,Contraentrega,Desktop,Lenta,EU,Economico
Empresa,Contraentrega,Desktop,Lenta,EU,Estandar
Empresa,Contraentrega,Desktop,Lenta,EU,Express
Empresa,Contraentrega,Desktop,Lenta,EU,Pickup
Empresa,Contraentrega,Desktop,Lenta,US,Economico
Empresa,Contraentrega,Desktop,Lenta,US,Estandar
Empresa,Contraentrega,Desktop,Lenta,US,Express
Empresa,Contraentrega,Desktop,Lenta,US,Pickup
Empresa,Contraentrega,Desktop,Lenta,APAC,Economico
Empresa,Contraentrega,Desktop,Lenta,APAC,Estandar
Empresa,Contraentrega,Desktop,Lenta,APAC,Express
Empresa,Contraentrega,Desktop,Lenta,APAC,Pickup
Empresa,Contraentrega,Desktop,Intermitente,LATAM,Economico
Empresa,Contraentrega,Desktop,Intermitente,LATAM,Estandar
Empresa,Contraentrega,Desktop,Intermitente,LATAM,Express
Empresa,Contraentrega,Desktop,Intermitente,LATAM,Pickup
Empresa,Contraentrega,Desktop,Intermitente,EU,Economico
Empresa,Contraentrega,Desktop,Intermitente,EU,Estandar
Empresa,Contraentrega,Desktop,Intermitente,EU,Express
Empresa,Contraentrega,Desktop,Intermitente,EU,Pickup
Empresa,Contraentrega,Desktop,Intermitente,US,Economico
Empresa,Contraentrega,Desktop,Intermitente,US,Estandar
Empresa,Contraentrega,Desktop,Intermitente,US,Express
Empresa,Contraentrega,Desktop,Intermitente,US,Pickup
Empresa,Contraentrega,Desktop,Intermitente,APAC,Economico
Empresa,Contraentrega,Desktop,Intermitente,APAC,Estandar
Empresa,Contraentrega,Desktop,Intermitente,APAC,Express
Empresa,Contraentrega,Desktop,Intermitente,APAC,Pickup
Empresa,Contraentrega,Desktop,SinConexion,LATAM,Economico
Empresa,Contraentrega,Desktop,SinConexion,LATAM,Estandar
Empresa,Contraentrega,Desktop,SinConexion,LATAM,Express
Empresa,Contraentrega,Desktop,SinConexion,LATAM,Pickup
Empresa,Contraentrega,Desktop,SinConexion,EU,Economico
Empresa,Contraentrega,Desktop,SinConexion,EU,Estandar
Empresa,Contraentrega,Desktop,SinConexion,EU,Express
Empresa,Contraentrega,Desktop,SinConexion,EU,Pickup
Empresa,Contraentrega,Desktop,SinConexion,US,Economico
Empresa,Contraentrega,Desktop,SinConexion,US,Estandar
Empresa,Contraentrega,Desktop,SinConexion,US,Express
Empresa,Contraentrega,Desktop,SinConexion,US,Pickup
Empresa,Contraentrega,Desktop,SinConexion,APAC,Economico
Empresa,Contraentrega,Desktop,SinConexion,APAC,Estandar
Empresa,Contraentrega,Desktop,SinConexion,APAC,Express
Empresa,Contraentrega,Desktop,SinConexion,APAC,Pickup
Empresa,Contraentrega,Tableta,Buena,LATAM,Economico
Empresa,Contraentrega,Tableta,Buena,LATAM,Estandar
Empresa,Contraentrega,Tableta,Buena,LATAM,Express
Empresa,Contraentrega,Tableta,Buena,LATAM,Pickup
Empresa,Contraentrega,Tableta,Buena,EU,Economico
Empresa,Contraentrega,Tableta,Buena,EU,Estandar
Empresa,Contraentrega,Tableta,Buena,EU,Express
Empresa,Contraentrega,Tableta,Buena,EU,Pickup
Empresa,Contraentrega,Tableta,Buena,US,Economico
Empresa,Contraentrega,Tableta,Buena,US,Estandar
Empresa,Contraentrega,Tableta,Buena,US,Express
Empresa,Contraentrega,Tableta,Buena,US,Pickup
Empresa,Contraentrega,Tableta,Buena,APAC,Economico
Empresa,Contraentrega,Tableta,Buena,APAC,Estandar
Empresa,Contraentrega,Tableta,Buena,APAC,Express
Empresa,Contraentrega,Tableta,Buena,APAC,Pickup
Empresa,Contraentrega,Tableta,Media,LATAM,Economico
Empresa,Contraentrega,Tableta,Media,LATAM,Estandar
Empresa,Contraentrega,Tableta,Media,LATAM,Express
Empresa,Contraentrega,Tableta,Media,LATAM,Pickup
Empresa,Contraentrega,Tableta,Media,EU,Economico
Empresa,Contraentrega,Tableta,Media,EU,Estandar
Empresa,Contraentrega,Tableta,Media,EU,Express
Empresa,Contraentrega,Tableta,Media,EU,Pickup
Empresa,Contraentrega,Tableta,Media,US,Economico
Empresa,Contraentrega,Tableta,Media,US,Estandar
Empresa,Contraentrega,Tableta,Media,US,Express
Empresa,Contraentrega,Tableta,Media,US,Pickup
Empresa,Contraentrega,Tableta,Media,APAC,Economico
Empresa,Contraentrega,Tableta,Media,APAC,Estandar
Empresa,Contraentrega,Tableta,Media,APAC,Express
Empresa,Contraentrega,Tableta,Media,APAC,Pickup
Empresa,Contraentrega,Tableta,Lenta,LATAM,Economico
Empresa,Contraentrega,Tableta,Lenta,LATAM,Estandar
Empresa,Contraentrega,Tableta,Lenta,LATAM,Express
Empresa,Contraentrega,Tableta,Lenta,LATAM,Pickup
Empresa,Contraentrega,Tableta,Lenta,EU,Economico
Empresa,Contraentrega,Tableta,Lenta,EU,Estandar
Empresa,Contraentrega,Tableta,Lenta,EU,Express
Empresa,Contraentrega,Tableta,Lenta,EU,Pickup
Empresa,Contraentrega,Tableta,Lenta,US,Economico
Empresa,Contraentrega,Tableta,Lenta,US,Estandar
Empresa,Contraentrega,Tableta,Lenta,US,Express
Empresa,Contraentrega,Tableta,Lenta,US,Pickup
Empresa,Contraentrega,Tableta,Lenta,APAC,Economico
Empresa,Contraentrega,Tableta,Lenta,APAC,Estandar
Empresa,Contraentrega,Tableta,Lenta,APAC,Express
Empresa,Contraentrega,Tableta,Lenta,APAC,Pickup
Empresa,Contraentrega,Tableta,Intermitente,LATAM,Economico
Empresa,Contraentrega,Tableta,Intermitente,LATAM,Estandar
Empresa,Contraentrega,Tableta,Intermitente,LATAM,Express
Empresa,Contraentrega,Tableta,Intermitente,LATAM,Pickup
Empresa,Contraentrega,Tableta,Intermitente,EU,Economico
Empresa,Contraentrega,Tableta,Intermitente,EU,Estandar
Empresa,Contraentrega,Tableta,Intermitente,EU,Express
Empresa,Contraentrega,Tableta,Intermitente,EU,Pickup
Empresa,Contraentrega,Tableta,Intermitente,US,Economico
Empresa,Contraentrega,Tableta,Intermitente,US,Estandar
Empresa,Contraentrega,Tableta,Intermitente,US,Express
Empresa,Contraentrega,Tableta,Intermitente,US,Pickup
Empresa,Contraentrega,Tableta,Intermitente,APAC,Economico
Empresa,Contraentrega,Tableta,Intermitente,APAC,Estandar
Empresa,Contraentrega,Tableta,Intermitente,APAC,Express
Empresa,Contraentrega,Tableta,Intermitente,APAC,Pickup
Empresa,Contraentrega,Tableta,SinConexion,LATAM,Economico
Empresa,Contraentrega,Tableta,SinConexion,LATAM,Estandar
Empresa,Contraentrega,Tableta,SinConexion,LATAM,Express
Empresa,Contraentrega,Tableta,SinConexion,LATAM,Pickup
Empresa,Contraentrega,Tableta,SinConexion,EU,Economico
Empresa,Contraentrega,Tableta,SinConexion,EU,Estandar
Empresa,Contraentrega,Tableta,SinConexion,EU,Express
Empresa,Contraentrega,Tableta,SinConexion,EU,Pickup
Empresa,Contraentrega,Tableta,SinConexion,US,Economico
Empresa,Contraentrega,Tableta,SinConexion,US,Estandar
Empresa,Contraentrega,Tableta,SinConexion,US,Express
Empresa,Contraentrega,Tableta,SinConexion,US,Pickup
Empresa,Contraentrega,Tableta,SinConexion,APAC,Economico
Empresa,Contraentrega,Tableta,SinConexion,APAC,Estandar
Empresa,Contraentrega,Tableta,SinConexion,APAC,Express
Empresa,Contraentrega,Tableta,SinConexion,APAC,Pickup
Empresa,Contraentrega,SmartTV,Buena,LATAM,Economico
Empresa,Contraentrega,SmartTV,Buena,LATAM,Estandar
Empresa,Contraentrega,SmartTV,Buena,LATAM,Express
Empresa,Contraentrega,SmartTV,Buena,LATAM,Pickup
Empresa,Contraentrega,SmartTV,Buena,EU,Economico
Empresa,Contraentrega,SmartTV,Buena,EU,Estandar
Empresa,Contraentrega,SmartTV,Buena,EU,Express
Empresa,Contraentrega,SmartTV,Buena,EU,Pickup
Empresa,Contraentrega,SmartTV,Buena,US,Economico
Empresa,Contraentrega,SmartTV,Buena,US,Estandar
Empresa,Contraentrega,SmartTV,Buena,US,Express
Empresa,Contraentrega,SmartTV,Buena,US,Pickup
Empresa,Contraentrega,SmartTV,Buena,APAC,Economico
Empresa,Contraentrega,SmartTV,Buena,APAC,Estandar
Empresa,Contraentrega,SmartTV,Buena,APAC,Express
Empresa,Contraentrega,SmartTV,Buena,APAC,Pickup
Empresa,Contraentrega,SmartTV,Media,LATAM,Economico
Empresa,Contraentrega,SmartTV,Media,LATAM,Estandar
Empresa,Contraentrega,SmartTV,Media,LATAM,Express
Empresa,Contraentrega,SmartTV,Media,LATAM,Pickup
Empresa,Contraentrega,SmartTV,Media,EU,Economico
Empresa,Contraentrega,SmartTV,Media,EU,Estandar
Empresa,Contraentrega,SmartTV,Media,EU,Express
Empresa,Contraentrega,SmartTV,Media,EU,Pickup
Empresa,Contraentrega,SmartTV,Media,US,Economico
Empresa,Contraentrega,SmartTV,Media,US,Estandar
Empresa,Contraentrega,SmartTV,Media,US,Express
Empresa,Contraentrega,SmartTV,Media,US,Pickup
Empresa,Contraentrega,SmartTV,Media,APAC,Economico
Empresa,Contraentrega,SmartTV,Media,APAC,Estandar
Empresa,Contraentrega,SmartTV,Media,APAC,Express
Empresa,Contraentrega,SmartTV,Media,APAC,Pickup
Empresa,Contraentrega,SmartTV,Lenta,LATAM,Economico
Empresa,Contraentrega,SmartTV,Lenta,LATAM,Estandar
Empresa,Contraentrega,SmartTV,Lenta,LATAM,Express
Empresa,Contraentrega,SmartTV,Lenta,LATAM,Pickup
Empresa,Contraentrega,SmartTV,Lenta,EU,Economico
Empresa,Contraentrega,SmartTV,Lenta,EU,Estandar
Empresa,Contraentrega,SmartTV,Lenta,EU,Express
Empresa,Contraentrega,SmartTV,Lenta,EU,Pickup
Empresa,Contraentrega,SmartTV,Lenta,US,Economico
Empresa,Contraentrega,SmartTV,Lenta,US,Estandar
Empresa,Contraentrega,SmartTV,Lenta,US,Express
Empresa,Contraentrega,SmartTV,Lenta,US,Pickup
Empresa,Contraentrega,SmartTV,Lenta,APAC,Economico
Empresa,Contraentrega,SmartTV,Lenta,APAC,Estandar
Empresa,Contraentrega,SmartTV,Lenta,APAC,Express
Empresa,Contraentrega,SmartTV,Lenta,APAC,Pickup
Empresa,Contraentrega,SmartTV,Intermitente,LATAM,Economico
Empresa,Contraentrega,SmartTV,Intermitente,LATAM,Estandar
Empresa,Contraentrega,SmartTV,Intermitente,LATAM,Express
Empresa,Contraentrega,SmartTV,Intermitente,LATAM,Pickup
Empresa,Contraentrega,SmartTV,Intermitente,EU,Economico
Empresa,Contraentrega,SmartTV,Intermitente,EU,Estandar
Empresa,Contraentrega,SmartTV,Intermitente,EU,Express
Empresa,Contraentrega,SmartTV,Intermitente,EU,Pickup
Empresa,Contraentrega,SmartTV,Intermitente,US,Economico
Empresa,Contraentrega,SmartTV,Intermitente,US,Estandar
Empresa,Contraentrega,SmartTV,Intermitente,US,Express
Empresa,Contraentrega,SmartTV,Intermitente,US,Pickup
Empresa,Contraentrega,SmartTV,Intermitente,APAC,Economico
Empresa,Contraentrega,SmartTV,Intermitente,APAC,Estandar
Empresa,Contraentrega,SmartTV,Intermitente,APAC,Express
Empresa,Contraentrega,SmartTV,Intermitente,APAC,Pickup
Empresa,Contraentrega,SmartTV,SinConexion,LATAM,Economico
Empresa,Contraentrega,SmartTV,SinConexion,LATAM,Estandar
Empresa,Contraentrega,SmartTV,SinConexion,LATAM,Express
Empresa,Contraentrega,SmartTV,SinConexion,LATAM,Pickup
Empresa,Contraentrega,SmartTV,SinConexion,EU,Economico
Empresa,Contraentrega,SmartTV,SinConexion,EU,Estandar
Empresa,Contraentrega,SmartTV,SinConexion,EU,Express
Empresa,Contraentrega,SmartTV,SinConexion,EU,Pickup
Empresa,Contraentrega,SmartTV,SinConexion,US,Economico
Empresa,Contraentrega,SmartTV,SinConexion,US,Estandar
Empresa,Contraentrega,SmartTV,SinConexion,US,Express
Empresa,Contraentrega,SmartTV,SinConexion,US,Pickup
Empresa,Contraentrega,SmartTV,SinConexion,APAC,Economico
Empresa,Contraentrega,SmartTV,SinConexion,APAC,Estandar
Empresa,Contraentrega,SmartTV,SinConexion,APAC,Express
Empresa,Contraentrega,SmartTV,SinConexion,APAC,Pickup
Empresa,Contraentrega,Consola,Buena,LATAM,Economico
Empresa,Contraentrega,Consola,Buena,LATAM,Estandar
Empresa,Contraentrega,Consola,Buena,LATAM,Express
Empresa,Contraentrega,Consola,Buena,LATAM,Pickup
Empresa,Contraentrega,Consola,Buena,EU,Economico
Empresa,Contraentrega,Consola,Buena,EU,Estandar
Empresa,Contraentrega,Consola,Buena,EU,Express
Empresa,Contraentrega,Consola,Buena,EU,Pickup
Empresa,Contraentrega,Consola,Buena,US,Economico
Empresa,Contraentrega,Consola,Buena,US,Estandar
Empresa,Contraentrega,Consola,Buena,US,Express
Empresa,Contraentrega,Consola,Buena,US,Pickup
Empresa,Contraentrega,Consola,Buena,APAC,Economico
Empresa,Contraentrega,Consola,Buena,APAC,Estandar
Empresa,Contraentrega,Consola,Buena,APAC,Express
Empresa,Contraentrega,Consola,Buena,APAC,Pickup
Empresa,Contraentrega,Consola,Media,LATAM,Economico
Empresa,Contraentrega,Consola,Media,LATAM,Estandar
Empresa,Contraentrega,Consola,Media,LATAM,Express
Empresa,Contraentrega,Consola,Media,LATAM,Pickup
Empresa,Contraentrega,Consola,Media,EU,Economico
Empresa,Contraentrega,Consola,Media,EU,Estandar
Empresa,Contraentrega,Consola,Media,EU,Express
Empresa,Contraentrega,Consola,Media,EU,Pickup
Empresa,Contraentrega,Consola,Media,US,Economico
Empresa,Contraentrega,Consola,Media,US,Estandar
Empresa,Contraentrega,Consola,Media,US,Express
Empresa,Contraentrega,Consola,Media,US,Pickup
Empresa,Contraentrega,Consola,Media,APAC,Economico
Empresa,Contraentrega,Consola,Media,APAC,Estandar
Empresa,Contraentrega,Consola,Media,APAC,Express
Empresa,Contraentrega,Consola,Media,APAC,Pickup
Empresa,Contraentrega,Consola,Lenta,LATAM,Economico
Empresa,Contraentrega,Consola,Lenta,LATAM,Estandar
Empresa,Contraentrega,Consola,Lenta,LATAM,Express
Empresa,Contraentrega,Consola,Lenta,LATAM,Pickup
Empresa,Contraentrega,Consola,Lenta,EU,Economico
Empresa,Contraentrega,Consola,Lenta,EU,Estandar
Empresa,Contraentrega,Consola,Lenta,EU,Express
Empresa,Contraentrega,Consola,Lenta,EU,Pickup
Empresa,Contraentrega,Consola,Lenta,US,Economico
Empresa,Contraentrega,Consola,Lenta,US,Estandar
Empresa,Contraentrega,Consola,Lenta,US,Express
Empresa,Contraentrega,Consola,Lenta,US,Pickup
Empresa,Contraentrega,Consola,Lenta,APAC,Economico
Empresa,Contraentrega,Consola,Lenta,APAC,Estandar
Empresa,Contraentrega,Consola,Lenta,APAC,Express
Empresa,Contraentrega,Consola,Lenta,APAC,Pickup
Empresa,Contraentrega,Consola,Intermitente,LATAM,Economico
Empresa,Contraentrega,Consola,Intermitente,LATAM,Estandar
Empresa,Contraentrega,Consola,Intermitente,LATAM,Express
Empresa,Contraentrega,Consola,Intermitente,LATAM,Pickup
Empresa,Contraentrega,Consola,Intermitente,EU,Economico
Empresa,Contraentrega,Consola,Intermitente,EU,Estandar
Empresa,Contraentrega,Consola,Intermitente,EU,Express
Empresa,Contraentrega,Consola,Intermitente,EU,Pickup
Empresa,Contraentrega,Consola,Intermitente,US,Economico
Empresa,Contraentrega,Consola,Intermitente,US,Estandar
Empresa,Contraentrega,Consola,Intermitente,US,Express
Empresa,Contraentrega,Consola,Intermitente,US,Pickup
Empresa,Contraentrega,Consola,Intermitente,APAC,Economico
Empresa,Contraentrega,Consola,Intermitente,APAC,Estandar
Empresa,Contraentrega,Consola,Intermitente,APAC,Express
Empresa,Contraentrega,Consola,Intermitente,APAC,Pickup
Empresa,Contraentrega,Consola,SinConexion,LATAM,Economico
Empresa,Contraentrega,Consola,SinConexion,LATAM,Estandar
Empresa,Contraentrega,Consola,SinConexion,LATAM,Express
Empresa,Contraentrega,Consola,SinConexion,LATAM,Pickup
Empresa,Contraentrega,Consola,SinConexion,EU,Economico
Empresa,Contraentrega,Consola,SinConexion,EU,Estandar
Empresa,Contraentrega,Consola,SinConexion,EU,Express
Empresa,Contraentrega,Consola,SinConexion,EU,Pickup
Empresa,Contraentrega,Consola,SinConexion,US,Economico
Empresa,Contraentrega,Consola,SinConexion,US,Estandar
Empresa,Contraentrega,Consola,SinConexion,US,Express
Empresa,Contraentrega,Consola,SinConexion,US,Pickup
Empresa,Contraentrega,Consola,SinConexion,APAC,Economico
Empresa,Contraentrega,Consola,SinConexion,APAC,Estandar
Empresa,Contraentrega,Consola,SinConexion,APAC,Express
Empresa,Contraentrega,Consola,SinConexion,APAC,Pickup
Empresa,Cripto,Movil,Buena,LATAM,Economico
Empresa,Cripto,Movil,Buena,LATAM,Estandar
Empresa,Cripto,Movil,Buena,LATAM,Express
Empresa,Cripto,Movil,Buena,LATAM,Pickup
Empresa,Cripto,Movil,Buena,EU,Economico
Empresa,Cripto,Movil,Buena,EU,Estandar
Empresa,Cripto,Movil,Buena,EU,Express
Empresa,Cripto,Movil,Buena,EU,Pickup
Empresa,Cripto,Movil,Buena,US,Economico
Empresa,Cripto,Movil,Buena,US,Estandar
Empresa,Cripto,Movil,Buena,US,Express
Empresa,Cripto,Movil,Buena,US,Pickup
Empresa,Cripto,Movil,Buena,APAC,Economico
Empresa,Cripto,Movil,Buena,APAC,Estandar
Empresa,Cripto,Movil,Buena,APAC,Express
Empresa,Cripto,Movil,Buena,APAC,Pickup
Empresa,Cripto,Movil,Media,LATAM,Economico
Empresa,Cripto,Movil,Media,LATAM,Estandar
Empresa,Cripto,Movil,Media,LATAM,Express
Empresa,Cripto,Movil,Media,LATAM,Pickup
Empresa,Cripto,Movil,Media,EU,Economico
Empresa,Cripto,Movil,Media,EU,Estandar
Empresa,Cripto,Movil,Media,EU,Express
Empresa,Cripto,Movil,Media,EU,Pickup
Empresa,Cripto,Movil,Media,US,Economico
Empresa,Cripto,Movil,Media,US,Estandar
Empresa,Cripto,Movil,Media,US,Express
Empresa,Cripto,Movil,Media,US,Pickup
Empresa,Cripto,Movil,Media,APAC,Economico
Empresa,Cripto,Movil,Media,APAC,Estandar
Empresa,Cripto,Movil,Media,APAC,Express
Empresa,Cripto,Movil,Media,APAC,Pickup
Empresa,Cripto,Movil,Lenta,LATAM,Economico
Empresa,Cripto,Movil,Lenta,LATAM,Estandar
Empresa,Cripto,Movil,Lenta,LATAM,Express
Empresa,Cripto,Movil,Lenta,LATAM,Pickup
Empresa,Cripto,Movil,Lenta,EU,Economico
Empresa,Cripto,Movil,Lenta,EU,Estandar
Empresa,Cripto,Movil,Lenta,EU,Express
Empresa,Cripto,Movil,Lenta,EU,Pickup
Empresa,Cripto,Movil,Lenta,US,Economico
Empresa,Cripto,Movil,Lenta,US,Estandar
Empresa,Cripto,Movil,Lenta,US,Express
Empresa,Cripto,Movil,Lenta,US,Pickup
Empresa,Cripto,Movil,Lenta,APAC,Economico
Empresa,Cripto,Movil,Lenta,APAC,Estandar
Empresa,Cripto,Movil,Lenta,APAC,Express
Empresa,Cripto,Movil,Lenta,APAC,Pickup
Empresa,Cripto,Movil,Intermitente,LATAM,Economico
Empresa,Cripto,Movil,Intermitente,LATAM,Estandar
Empresa,Cripto,Movil,Intermitente,LATAM,Express
Empresa,Cripto,Movil,Intermitente,LATAM,Pickup
Empresa,Cripto,Movil,Intermitente,EU,Economico
Empresa,Cripto,Movil,Intermitente,EU,Estandar
Empresa,Cripto,Movil,Intermitente,EU,Express
Empresa,Cripto,Movil,Intermitente,EU,Pickup
Empresa,Cripto,Movil,Intermitente,US,Economico
Empresa,Cripto,Movil,Intermitente,US,Estandar
Empresa,Cripto,Movil,Intermitente,US,Express
Empresa,Cripto,Movil,Intermitente,US,Pickup
Empresa,Cripto,Movil,Intermitente,APAC,Economico
Empresa,Cripto,Movil,Intermitente,APAC,Estandar
Empresa,Cripto,Movil,Intermitente,APAC,Express
Empresa,Cripto,Movil,Intermitente,APAC,Pickup
Empresa,Cripto,Movil,SinConexion,LATAM,Economico
Empresa,Cripto,Movil,SinConexion,LATAM,Estandar
Empresa,Cripto,Movil,SinConexion,LATAM,Express
Empresa,Cripto,Movil,SinConexion,LATAM,Pickup
Empresa,Cripto,Movil,SinConexion,EU,Economico
Empresa,Cripto,Movil,SinConexion,EU,Estandar
Empresa,Cripto,Movil,SinConexion,EU,Express
Empresa,Cripto,Movil,SinConexion,EU,Pickup
Empresa,Cripto,Movil,SinConexion,US,Economico
Empresa,Cripto,Movil,SinConexion,US,Estandar
Empresa,Cripto,Movil,SinConexion,US,Express
Empresa,Cripto,Movil,SinConexion,US,Pickup
Empresa,Cripto,Movil,SinConexion,APAC,Economico
Empresa,Cripto,Movil,SinConexion,APAC,Estandar
Empresa,Cripto,Movil,SinConexion,APAC,Express
Empresa,Cripto,Movil,SinConexion,APAC,Pickup
Empresa,Cripto,Desktop,Buena,LATAM,Economico
Empresa,Cripto,Desktop,Buena,LATAM,Estandar
Empresa,Cripto,Desktop,Buena,LATAM,Express
Empresa,Cripto,Desktop,Buena,LATAM,Pickup
Empresa,Cripto,Desktop,Buena,EU,Economico
Empresa,Cripto,Desktop,Buena,EU,Estandar
Empresa,Cripto,Desktop,Buena,EU,Express
Empresa,Cripto,Desktop,Buena,EU,Pickup
Empresa,Cripto,Desktop,Buena,US,Economico
Empresa,Cripto,Desktop,Buena,US,Estandar
Empresa,Cripto,Desktop,Buena,US,Express
Empresa,Cripto,Desktop,Buena,US,Pickup
Empresa,Cripto,Desktop,Buena,APAC,Economico
Empresa,Cripto,Desktop,Buena,APAC,Estandar
Empresa,Cripto,Desktop,Buena,APAC,Express
Empresa,Cripto,Desktop,Buena,APAC,Pickup
Empresa,Cripto,Desktop,Media,LATAM,Economico
Empresa,Cripto,Desktop,Media,LATAM,Estandar
Empresa,Cripto,Desktop,Media,LATAM,Express
Empresa,Cripto,Desktop,Media,LATAM,Pickup
Empresa,Cripto,Desktop,Media,EU,Economico
Empresa,Cripto,Desktop,Media,EU,Estandar
Empresa,Cripto,Desktop,Media,EU,Express
Empresa,Cripto,Desktop,Media,EU,Pickup
Empresa,Cripto,Desktop,Media,US,Economico
Empresa,Cripto,Desktop,Media,US,Estandar
Empresa,Cripto,Desktop,Media,US,Express
Empresa,Cripto,Desktop,Media,US,Pickup
Empresa,Cripto,Desktop,Media,APAC,Economico
Empresa,Cripto,Desktop,Media,APAC,Estandar
Empresa,Cripto,Desktop,Media,APAC,Express
Empresa,Cripto,Desktop,Media,APAC,Pickup
Empresa,Cripto,Desktop,Lenta,LATAM,Economico
Empresa,Cripto,Desktop,Lenta,LATAM,Estandar
Empresa,Cripto,Desktop,Lenta,LATAM,Express
Empresa,Cripto,Desktop,Lenta,LATAM,Pickup
Empresa,Cripto,Desktop,Lenta,EU,Economico
Empresa,Cripto,Desktop,Lenta,EU,Estandar
Empresa,Cripto,Desktop,Lenta,EU,Express
Empresa,Cripto,Desktop,Lenta,EU,Pickup
Empresa,Cripto,Desktop,Lenta,US,Economico
Empresa,Cripto,Desktop,Lenta,US,Estandar
Empresa,Cripto,Desktop,Lenta,US,Express
Empresa,Cripto,Desktop,Lenta,US,Pickup
Empresa,Cripto,Desktop,Lenta,APAC,Economico
Empresa,Cripto,Desktop,Lenta,APAC,Estandar
Empresa,Cripto,Desktop,Lenta,APAC,Express
Empresa,Cripto,Desktop,Lenta,APAC,Pickup
Empresa,Cripto,Desktop,Intermitente,LATAM,Economico
Empresa,Cripto,Desktop,Intermitente,LATAM,Estandar
Empresa,Cripto,Desktop,Intermitente,LATAM,Express
Empresa,Cripto,Desktop,Intermitente,LATAM,Pickup
Empresa,Cripto,Desktop,Intermitente,EU,Economico
Empresa,Cripto,Desktop,Intermitente,EU,Estandar
Empresa,Cripto,Desktop,Intermitente,EU,Express
Empresa,Cripto,Desktop,Intermitente,EU,Pickup
Empresa,Cripto,Desktop,Intermitente,US,Economico
Empresa,Cripto,Desktop,Intermitente,US,Estandar
Empresa,Cripto,Desktop,Intermitente,US,Express
Empresa,Cripto,Desktop,Intermitente,US,Pickup
Empresa,Cripto,Desktop,Intermitente,APAC,Economico
Empresa,Cripto,Desktop,Intermitente,APAC,Estandar
Empresa,Cripto,Desktop,Intermitente,APAC,Express
Empresa,Cripto,Desktop,Intermitente,APAC,Pickup
Empresa,Cripto,Desktop,SinConexion,LATAM,Economico
Empresa,Cripto,Desktop,SinConexion,LATAM,Estandar
Empresa,Cripto,Desktop,SinConexion,LATAM,Express
Empresa,Cripto,Desktop,SinConexion,LATAM,Pickup
Empresa,Cripto,Desktop,SinConexion,EU,Economico
Empresa,Cripto,Desktop,SinConexion,EU,Estandar
Empresa,Cripto,Desktop,SinConexion,EU,Express
Empresa,Cripto,Desktop,SinConexion,EU,Pickup
Empresa,Cripto,Desktop,SinConexion,US,Economico
Empresa,Cripto,Desktop,SinConexion,US,Estandar
Empresa,Cripto,Desktop,SinConexion,US,Express
Empresa,Cripto,Desktop,SinConexion,US,Pickup
Empresa,Cripto,Desktop,SinConexion,APAC,Economico
Empresa,Cripto,Desktop,SinConexion,APAC,Estandar
Empresa,Cripto,Desktop,SinConexion,APAC,Express
Empresa,Cripto,Desktop,SinConexion,APAC,Pickup
Empresa,Cripto,Tableta,Buena,LATAM,Economico
Empresa,Cripto,Tableta,Buena,LATAM,Estandar
Empresa,Cripto,Tableta,Buena,LATAM,Express
Empresa,Cripto,Tableta,Buena,LATAM,Pickup
Empresa,Cripto,Tableta,Buena,EU,Economico
Empresa,Cripto,Tableta,Buena,EU,Estandar
Empresa,Cripto,Tableta,Buena,EU,Express
Empresa,Cripto,Tableta,Buena,EU,Pickup
Empresa,Cripto,Tableta,Buena,US,Economico
Empresa,Cripto,Tableta,Buena,US,Estandar
Empresa,Cripto,Tableta,Buena,US,Express
Empresa,Cripto,Tableta,Buena,US,Pickup
Empresa,Cripto,Tableta,Buena,APAC,Economico
Empresa,Cripto,Tableta,Buena,APAC,Estandar
Empresa,Cripto,Tableta,Buena,APAC,Express
Empresa,Cripto,Tableta,Buena,APAC,Pickup
Empresa,Cripto,Tableta,Media,LATAM,Economico
Empresa,Cripto,Tableta,Media,LATAM,Estandar
Empresa,Cripto,Tableta,Media,LATAM,Express
Empresa,Cripto,Tableta,Media,LATAM,Pickup
Empresa,Cripto,Tableta,Media,EU,Economico
Empresa,Cripto,Tableta,Media,EU,Estandar
Empresa,Cripto,Tableta,Media,EU,Express
Empresa,Cripto,Tableta,Media,EU,Pickup
Empresa,Cripto,Tableta,Media,US,Economico
Empresa,Cripto,Tableta,Media,US,Estandar
Empresa,Cripto,Tableta,Media,US,Express
Empresa,Cripto,Tableta,Media,US,Pickup
Empresa,Cripto,Tableta,Media,APAC,Economico
Empresa,Cripto,Tableta,Media,APAC,Estandar
Empresa,Cripto,Tableta,Media,APAC,Express
Empresa,Cripto,Tableta,Media,APAC,Pickup
Empresa,Cripto,Tableta,Lenta,LATAM,Economico
Empresa,Cripto,Tableta,Lenta,LATAM,Estandar
Empresa,Cripto,Tableta,Lenta,LATAM,Express
Empresa,Cripto,Tableta,Lenta,LATAM,Pickup
Empresa,Cripto,Tableta,Lenta,EU,Economico
Empresa,Cripto,Tableta,Lenta,EU,Estandar
Empresa,Cripto,Tableta,Lenta,EU,Express
Empresa,Cripto,Tableta,Lenta,EU,Pickup
Empresa,Cripto,Tableta,Lenta,US,Economico
Empresa,Cripto,Tableta,Lenta,US,Estandar
Empresa,Cripto,Tableta,Lenta,US,Express
Empresa,Cripto,Tableta,Lenta,US,Pickup
Empresa,Cripto,Tableta,Lenta,APAC,Economico
Empresa,Cripto,Tableta,Lenta,APAC,Estandar
Empresa,Cripto,Tableta,Lenta,APAC,Express
Empresa,Cripto,Tableta,Lenta,APAC,Pickup
Empresa,Cripto,Tableta,Intermitente,LATAM,Economico
Empresa,Cripto,Tableta,Intermitente,LATAM,Estandar
Empresa,Cripto,Tableta,Intermitente,LATAM,Express
Empresa,Cripto,Tableta,Intermitente,LATAM,Pickup
Empresa,Cripto,Tableta,Intermitente,EU,Economico
Empresa,Cripto,Tableta,Intermitente,EU,Estandar
Empresa,Cripto,Tableta,Intermitente,EU,Express
Empresa,Cripto,Tableta,Intermitente,EU,Pickup
Empresa,Cripto,Tableta,Intermitente,US,Economico
Empresa,Cripto,Tableta,Intermitente,US,Estandar
Empresa,Cripto,Tableta,Intermitente,US,Express
Empresa,Cripto,Tableta,Intermitente,US,Pickup
Empresa,Cripto,Tableta,Intermitente,APAC,Economico
Empresa,Cripto,Tableta,Intermitente,APAC,Estandar
Empresa,Cripto,Tableta,Intermitente,APAC,Express
Empresa,Cripto,Tableta,Intermitente,APAC,Pickup
Empresa,Cripto,Tableta,SinConexion,LATAM,Economico
Empresa,Cripto,Tableta,SinConexion,LATAM,Estandar
Empresa,Cripto,Tableta,SinConexion,LATAM,Express
Empresa,Cripto,Tableta,SinConexion,LATAM,Pickup
Empresa,Cripto,Tableta,SinConexion,EU,Economico
Empresa,Cripto,Tableta,SinConexion,EU,Estandar
Empresa,Cripto,Tableta,SinConexion,EU,Express
Empresa,Cripto,Tableta,SinConexion,EU,Pickup
Empresa,Cripto,Tableta,SinConexion,US,Economico
Empresa,Cripto,Tableta,SinConexion,US,Estandar
Empresa,Cripto,Tableta,SinConexion,US,Express
Empresa,Cripto,Tableta,SinConexion,US,Pickup
Empresa,Cripto,Tableta,SinConexion,APAC,Economico
Empresa,Cripto,Tableta,SinConexion,APAC,Estandar
Empresa,Cripto,Tableta,SinConexion,APAC,Express
Empresa,Cripto,Tableta,SinConexion,APAC,Pickup
Empresa,Cripto,SmartTV,Buena,LATAM,Economico
Empresa,Cripto,SmartTV,Buena,LATAM,Estandar
Empresa,Cripto,SmartTV,Buena,LATAM,Express
Empresa,Cripto,SmartTV,Buena,LATAM,Pickup
Empresa,Cripto,SmartTV,Buena,EU,Economico
Empresa,Cripto,SmartTV,Buena,EU,Estandar
Empresa,Cripto,SmartTV,Buena,EU,Express
Empresa,Cripto,SmartTV,Buena,EU,Pickup
Empresa,Cripto,SmartTV,Buena,US,Economico
Empresa,Cripto,SmartTV,Buena,US,Estandar
Empresa,Cripto,SmartTV,Buena,US,Express
Empresa,Cripto,SmartTV,Buena,US,Pickup
Empresa,Cripto,SmartTV,Buena,APAC,Economico
Empresa,Cripto,SmartTV,Buena,APAC,Estandar
Empresa,Cripto,SmartTV,Buena,APAC,Express
Empresa,Cripto,SmartTV,Buena,APAC,Pickup
Empresa,Cripto,SmartTV,Media,LATAM,Economico
Empresa,Cripto,SmartTV,Media,LATAM,Estandar
Empresa,Cripto,SmartTV,Media,LATAM,Express
Empresa,Cripto,SmartTV,Media,LATAM,Pickup
Empresa,Cripto,SmartTV,Media,EU,Economico
Empresa,Cripto,SmartTV,Media,EU,Estandar
Empresa,Cripto,SmartTV,Media,EU,Express
Empresa,Cripto,SmartTV,Media,EU,Pickup
Empresa,Cripto,SmartTV,Media,US,Economico
Empresa,Cripto,SmartTV,Media,US,Estandar
Empresa,Cripto,SmartTV,Media,US,Express
Empresa,Cripto,SmartTV,Media,US,Pickup
Empresa,Cripto,SmartTV,Media,APAC,Economico
Empresa,Cripto,SmartTV,Media,APAC,Estandar
Empresa,Cripto,SmartTV,Media,APAC,Express
Empresa,Cripto,SmartTV,Media,APAC,Pickup
Empresa,Cripto,SmartTV,Lenta,LATAM,Economico
Empresa,Cripto,SmartTV,Lenta,LATAM,Estandar
Empresa,Cripto,SmartTV,Lenta,LATAM,Express
Empresa,Cripto,SmartTV,Lenta,LATAM,Pickup
Empresa,Cripto,SmartTV,Lenta,EU,Economico
Empresa,Cripto,SmartTV,Lenta,EU,Estandar
Empresa,Cripto,SmartTV,Lenta,EU,Express
Empresa,Cripto,SmartTV,Lenta,EU,Pickup
Empresa,Cripto,SmartTV,Lenta,US,Economico
Empresa,Cripto,SmartTV,Lenta,US,Estandar
Empresa,Cripto,SmartTV,Lenta,US,Express
Empresa,Cripto,SmartTV,Lenta,US,Pickup
Empresa,Cripto,SmartTV,Lenta,APAC,Economico
Empresa,Cripto,SmartTV,Lenta,APAC,Estandar
Empresa,Cripto,SmartTV,Lenta,APAC,Express
Empresa,Cripto,SmartTV,Lenta,APAC,Pickup
Empresa,Cripto,SmartTV,Intermitente,LATAM,Economico
Empresa,Cripto,SmartTV,Intermitente,LATAM,Estandar
Empresa,Cripto,SmartTV,Intermitente,LATAM,Express
Empresa,Cripto,SmartTV,Intermitente,LATAM,Pickup
Empresa,Cripto,SmartTV,Intermitente,EU,Economico
Empresa,Cripto,SmartTV,Intermitente,EU,Estandar
Empresa,Cripto,SmartTV,Intermitente,EU,Express
Empresa,Cripto,SmartTV,Intermitente,EU,Pickup
Empresa,Cripto,SmartTV,Intermitente,US,Economico
Empresa,Cripto,SmartTV,Intermitente,US,Estandar
Empresa,Cripto,SmartTV,Intermitente,US,Express
Empresa,Cripto,SmartTV,Intermitente,US,Pickup
Empresa,Cripto,SmartTV,Intermitente,APAC,Economico
Empresa,Cripto,SmartTV,Intermitente,APAC,Estandar
Empresa,Cripto,SmartTV,Intermitente,APAC,Express
Empresa,Cripto,SmartTV,Intermitente,APAC,Pickup
Empresa,Cripto,SmartTV,SinConexion,LATAM,Economico
Empresa,Cripto,SmartTV,SinConexion,LATAM,Estandar
Empresa,Cripto,SmartTV,SinConexion,LATAM,Express
Empresa,Cripto,SmartTV,SinConexion,LATAM,Pickup
Empresa,Cripto,SmartTV,SinConexion,EU,Economico
Empresa,Cripto,SmartTV,SinConexion,EU,Estandar
Empresa,Cripto,SmartTV,SinConexion,EU,Express
Empresa,Cripto,SmartTV,SinConexion,EU,Pickup
Empresa,Cripto,SmartTV,SinConexion,US,Economico
Empresa,Cripto,SmartTV,SinConexion,US,Estandar
Empresa,Cripto,SmartTV,SinConexion,US,Express
Empresa,Cripto,SmartTV,SinConexion,US,Pickup
Empresa,Cripto,SmartTV,SinConexion,APAC,Economico
Empresa,Cripto,SmartTV,SinConexion,APAC,Estandar
Empresa,Cripto,SmartTV,SinConexion,APAC,Express
Empresa,Cripto,SmartTV,SinConexion,APAC,Pickup
Empresa,Cripto,Consola,Buena,LATAM,Economico
Empresa,Cripto,Consola,Buena,LATAM,Estandar
Empresa,Cripto,Consola,Buena,LATAM,Express
Empresa,Cripto,Consola,Buena,LATAM,Pickup
Empresa,Cripto,Consola,Buena,EU,Economico
Empresa,Cripto,Consola,Buena,EU,Estandar
Empresa,Cripto,Consola,Buena,EU,Express
Empresa,Cripto,Consola,Buena,EU,Pickup
Empresa,Cripto,Consola,Buena,US,Economico
Empresa,Cripto,Consola,Buena,US,Estandar
Empresa,Cripto,Consola,Buena,US,Express
Empresa,Cripto,Consola,Buena,US,Pickup
Empresa,Cripto,Consola,Buena,APAC,Economico
Empresa,Cripto,Consola,Buena,APAC,Estandar
Empresa,Cripto,Consola,Buena,APAC,Express
Empresa,Cripto,Consola,Buena,APAC,Pickup
Empresa,Cripto,Consola,Media,LATAM,Economico
Empresa,Cripto,Consola,Media,LATAM,Estandar
Empresa,Cripto,Consola,Media,LATAM,Express
Empresa,Cripto,Consola,Media,LATAM,Pickup
Empresa,Cripto,Consola,Media,EU,Economico
Empresa,Cripto,Consola,Media,EU,Estandar
Empresa,Cripto,Consola,Media,EU,Express
Empresa,Cripto,Consola,Media,EU,Pickup
Empresa,Cripto,Consola,Media,US,Economico
Empresa,Cripto,Consola,Media,US,Estandar
Empresa,Cripto,Consola,Media,US,Express
Empresa,Cripto,Consola,Media,US,Pickup
Empresa,Cripto,Consola,Media,APAC,Economico
Empresa,Cripto,Consola,Media,APAC,Estandar
Empresa,Cripto,Consola,Media,APAC,Express
Empresa,Cripto,Consola,Media,APAC,Pickup
Empresa,Cripto,Consola,Lenta,LATAM,Economico
Empresa,Cripto,Consola,Lenta,LATAM,Estandar
Empresa,Cripto,Consola,Lenta,LATAM,Express
Empresa,Cripto,Consola,Lenta,LATAM,Pickup
Empresa,Cripto,Consola,Lenta,EU,Economico
Empresa,Cripto,Consola,Lenta,EU,Estandar
Empresa,Cripto,Consola,Lenta,EU,Express
Empresa,Cripto,Consola,Lenta,EU,Pickup
Empresa,Cripto,Consola,Lenta,US,Economico
Empresa,Cripto,Consola,Lenta,US,Estandar
Empresa,Cripto,Consola,Lenta,US,Express
Empresa,Cripto,Consola,Lenta,US,Pickup
Empresa,Cripto,Consola,Lenta,APAC,Economico
Empresa,Cripto,Consola,Lenta,APAC,Estandar
Empresa,Cripto,Consola,Lenta,APAC,Express
Empresa,Cripto,Consola,Lenta,APAC,Pickup
Empresa,Cripto,Consola,Intermitente,LATAM,Economico
Empresa,Cripto,Consola,Intermitente,LATAM,Estandar
Empresa,Cripto,Consola,Intermitente,LATAM,Express
Empresa,Cripto,Consola,Intermitente,LATAM,Pickup
Empresa,Cripto,Consola,Intermitente,EU,Economico
Empresa,Cripto,Consola,Intermitente,EU,Estandar
Empresa,Cripto,Consola,Intermitente,EU,Express
Empresa,Cripto,Consola,Intermitente,EU,Pickup
Empresa,Cripto,Consola,Intermitente,US,Economico
Empresa,Cripto,Consola,Intermitente,US,Estandar
Empresa,Cripto,Consola,Intermitente,US,Express
Empresa,Cripto,Consola,Intermitente,US,Pickup
Empresa,Cripto,Consola,Intermitente,APAC,Economico
Empresa,Cripto,Consola,Intermitente,APAC,Estandar
Empresa,Cripto,Consola,Intermitente,APAC,Express
Empresa,Cripto,Consola,Intermitente,APAC,Pickup
Empresa,Cripto,Consola,SinConexion,LATAM,Economico
Empresa,Cripto,Consola,SinConexion,LATAM,Estandar
Empresa,Cripto,Consola,SinConexion,LATAM,Express
Empresa,Cripto,Consola,SinConexion,LATAM,Pickup
Empresa,Cripto,Consola,SinConexion,EU,Economico
Empresa,Cripto,Consola,SinConexion,EU,Estandar
Empresa,Cripto,Consola,SinConexion,EU,Express
Empresa,Cripto,Consola,SinConexion,EU,Pickup
Empresa,Cripto,Consola,SinConexion,US,Economico
Empresa,Cripto,Consola,SinConexion,US,Estandar
Empresa,Cripto,Consola,SinConexion,US,Express
Empresa,Cripto,Consola,SinConexion,US,Pickup
Empresa,Cripto,Consola,SinConexion,APAC,Economico
Empresa,Cripto,Consola,SinConexion,APAC,Estandar
Empresa,Cripto,Consola,SinConexion,APAC,Express
Empresa,Cripto,Consola,SinConexion,APAC,Pickup
VIP,Tarjeta,Movil,Buena,LATAM,Economico
VIP,Tarjeta,Movil,Buena,LATAM,Estandar
VIP,Tarjeta,Movil,Buena,LATAM,Express
VIP,Tarjeta,Movil,Buena,LATAM,Pickup
VIP,Tarjeta,Movil,Buena,EU,Economico
VIP,Tarjeta,Movil,Buena,EU,Estandar
VIP,Tarjeta,Movil,Buena,EU,Express
VIP,Tarjeta,Movil,Buena,EU,Pickup
VIP,Tarjeta,Movil,Buena,US,Economico
VIP,Tarjeta,Movil,Buena,US,Estandar
VIP,Tarjeta,Movil,Buena,US,Express
VIP,Tarjeta,Movil,Buena,US,Pickup
VIP,Tarjeta,Movil,Buena,APAC,Economico
VIP,Tarjeta,Movil,Buena,APAC,Estandar
VIP,Tarjeta,Movil,Buena,APAC,Express
VIP,Tarjeta,Movil,Buena,APAC,Pickup
VIP,Tarjeta,Movil,Media,LATAM,Economico
VIP,Tarjeta,Movil,Media,LATAM,Estandar
VIP,Tarjeta,Movil,Media,LATAM,Express
VIP,Tarjeta,Movil,Media,LATAM,Pickup
VIP,Tarjeta,Movil,Media,EU,Economico
VIP,Tarjeta,Movil,Media,EU,Estandar
VIP,Tarjeta,Movil,Media,EU,Express
VIP,Tarjeta,Movil,Media,EU,Pickup
VIP,Tarjeta,Movil,Media,US,Economico
VIP,Tarjeta,Movil,Media,US,Estandar
VIP,Tarjeta,Movil,Media,US,Express
VIP,Tarjeta,Movil,Media,US,Pickup
VIP,Tarjeta,Movil,Media,APAC,Economico
VIP,Tarjeta,Movil,Media,APAC,Estandar
VIP,Tarjeta,Movil,Media,APAC,Express
VIP,Tarjeta,Movil,Media,APAC,Pickup
VIP,Tarjeta,Movil,Lenta,LATAM,Economico
VIP,Tarjeta,Movil,Lenta,LATAM,Estandar
VIP,Tarjeta,Movil,Lenta,LATAM,Express
VIP,Tarjeta,Movil,Lenta,LATAM,Pickup
VIP,Tarjeta,Movil,Lenta,EU,Economico
VIP,Tarjeta,Movil,Lenta,EU,Estandar
VIP,Tarjeta,Movil,Lenta,EU,Express
VIP,Tarjeta,Movil,Lenta,EU,Pickup
VIP,Tarjeta,Movil,Lenta,US,Economico
VIP,Tarjeta,Movil,Lenta,US,Estandar
VIP,Tarjeta,Movil,Lenta,US,Express
VIP,Tarjeta,Movil,Lenta,US,Pickup
VIP,Tarjeta,Movil,Lenta,APAC,Economico
VIP,Tarjeta,Movil,Lenta,APAC,Estandar
VIP,Tarjeta,Movil,Lenta,APAC,Express
VIP,Tarjeta,Movil,Lenta,APAC,Pickup
VIP,Tarjeta,Movil,Intermitente,LATAM,Economico
VIP,Tarjeta,Movil,Intermitente,LATAM,Estandar
VIP,Tarjeta,Movil,Intermitente,LATAM,Express
VIP,Tarjeta,Movil,Intermitente,LATAM,Pickup
VIP,Tarjeta,Movil,Intermitente,EU,Economico
VIP,Tarjeta,Movil,Intermitente,EU,Estandar
VIP,Tarjeta,Movil,Intermitente,EU,Express
VIP,Tarjeta,Movil,Intermitente,EU,Pickup
VIP,Tarjeta,Movil,Intermitente,US,Economico
VIP,Tarjeta,Movil,Intermitente,US,Estandar
VIP,Tarjeta,Movil,Intermitente,US,Express
VIP,Tarjeta,Movil,Intermitente,US,Pickup
VIP,Tarjeta,Movil,Intermitente,APAC,Economico
VIP,Tarjeta,Movil,Intermitente,APAC,Estandar
VIP,Tarjeta,Movil,Intermitente,APAC,Express
VIP,Tarjeta,Movil,Intermitente,APAC,Pickup
VIP,Tarjeta,Movil,SinConexion,LATAM,Economico
VIP,Tarjeta,Movil,SinConexion,LATAM,Estandar
VIP,Tarjeta,Movil,SinConexion,LATAM,Express
VIP,Tarjeta,Movil,SinConexion,LATAM,Pickup
VIP,Tarjeta,Movil,SinConexion,EU,Economico
VIP,Tarjeta,Movil,SinConexion,EU,Estandar
VIP,Tarjeta,Movil,SinConexion,EU,Express
VIP,Tarjeta,Movil,SinConexion,EU,Pickup
VIP,Tarjeta,Movil,SinConexion,US,Economico
VIP,Tarjeta,Movil,SinConexion,US,Estandar
VIP,Tarjeta,Movil,SinConexion,US,Express
VIP,Tarjeta,Movil,SinConexion,US,Pickup
VIP,Tarjeta,Movil,SinConexion,APAC,Economico
VIP,Tarjeta,Movil,SinConexion,APAC,Estandar
VIP,Tarjeta,Movil,SinConexion,APAC,Express
VIP,Tarjeta,Movil,SinConexion,APAC,Pickup
VIP,Tarjeta,Desktop,Buena,LATAM,Economico
VIP,Tarjeta,Desktop,Buena,LATAM,Estandar
VIP,Tarjeta,Desktop,Buena,LATAM,Express
VIP,Tarjeta,Desktop,Buena,LATAM,Pickup
VIP,Tarjeta,Desktop,Buena,EU,Economico
VIP,Tarjeta,Desktop,Buena,EU,Estandar
VIP,Tarjeta,Desktop,Buena,EU,Express
VIP,Tarjeta,Desktop,Buena,EU,Pickup
VIP,Tarjeta,Desktop,Buena,US,Economico
VIP,Tarjeta,Desktop,Buena,US,Estandar
VIP,Tarjeta,Desktop,Buena,US,Express
VIP,Tarjeta,Desktop,Buena,US,Pickup
VIP,Tarjeta,Desktop,Buena,APAC,Economico
VIP,Tarjeta,Desktop,Buena,APAC,Estandar
VIP,Tarjeta,Desktop,Buena,APAC,Express
VIP,Tarjeta,Desktop,Buena,APAC,Pickup
VIP,Tarjeta,Desktop,Media,LATAM,Economico
VIP,Tarjeta,Desktop,Media,LATAM,Estandar
VIP,Tarjeta,Desktop,Media,LATAM,Express
VIP,Tarjeta,Desktop,Media,LATAM,Pickup
VIP,Tarjeta,Desktop,Media,EU,Economico
VIP,Tarjeta,Desktop,Media,EU,Estandar
VIP,Tarjeta,Desktop,Media,EU,Express
VIP,Tarjeta,Desktop,Media,EU,Pickup
VIP,Tarjeta,Desktop,Media,US,Economico
VIP,Tarjeta,Desktop,Media,US,Estandar
VIP,Tarjeta,Desktop,Media,US,Express
VIP,Tarjeta,Desktop,Media,US,Pickup
VIP,Tarjeta,Desktop,Media,APAC,Economico
VIP,Tarjeta,Desktop,Media,APAC,Estandar
VIP,Tarjeta,Desktop,Media,APAC,Express
VIP,Tarjeta,Desktop,Media,APAC,Pickup
VIP,Tarjeta,Desktop,Lenta,LATAM,Economico
VIP,Tarjeta,Desktop,Lenta,LATAM,Estandar
VIP,Tarjeta,Desktop,Lenta,LATAM,Express
VIP,Tarjeta,Desktop,Lenta,LATAM,Pickup
VIP,Tarjeta,Desktop,Lenta,EU,Economico
VIP,Tarjeta,Desktop,Lenta,EU,Estandar
VIP,Tarjeta,Desktop,Lenta,EU,Express
VIP,Tarjeta,Desktop,Lenta,EU,Pickup
VIP,Tarjeta,Desktop,Lenta,US,Economico
VIP,Tarjeta,Desktop,Lenta,US,Estandar
VIP,Tarjeta,Desktop,Lenta,US,Express
VIP,Tarjeta,Desktop,Lenta,US,Pickup
VIP,Tarjeta,Desktop,Lenta,APAC,Economico
VIP,Tarjeta,Desktop,Lenta,APAC,Estandar
VIP,Tarjeta,Desktop,Lenta,APAC,Express
VIP,Tarjeta,Desktop,Lenta,APAC,Pickup
VIP,Tarjeta,Desktop,Intermitente,LATAM,Economico
VIP,Tarjeta,Desktop,Intermitente,LATAM,Estandar
VIP,Tarjeta,Desktop,Intermitente,LATAM,Express
VIP,Tarjeta,Desktop,Intermitente,LATAM,Pickup
VIP,Tarjeta,Desktop,Intermitente,EU,Economico
VIP,Tarjeta,Desktop,Intermitente,EU,Estandar
VIP,Tarjeta,Desktop,Intermitente,EU,Express
VIP,Tarjeta,Desktop,Intermitente,EU,Pickup
VIP,Tarjeta,Desktop,Intermitente,US,Economico
VIP,Tarjeta,Desktop,Intermitente,US,Estandar
VIP,Tarjeta,Desktop,Intermitente,US,Express
VIP,Tarjeta,Desktop,Intermitente,US,Pickup
VIP,Tarjeta,Desktop,Intermitente,APAC,Economico
VIP,Tarjeta,Desktop,Intermitente,APAC,Estandar
VIP,Tarjeta,Desktop,Intermitente,APAC,Express
VIP,Tarjeta,Desktop,Intermitente,APAC,Pickup
VIP,Tarjeta,Desktop,SinConexion,LATAM,Economico
VIP,Tarjeta,Desktop,SinConexion,LATAM,Estandar
VIP,Tarjeta,Desktop,SinConexion,LATAM,Express
VIP,Tarjeta,Desktop,SinConexion,LATAM,Pickup
VIP,Tarjeta,Desktop,SinConexion,EU,Economico
VIP,Tarjeta,Desktop,SinConexion,EU,Estandar
VIP,Tarjeta,Desktop,SinConexion,EU,Express
VIP,Tarjeta,Desktop,SinConexion,EU,Pickup
VIP,Tarjeta,Desktop,SinConexion,US,Economico
VIP,Tarjeta,Desktop,SinConexion,US,Estandar
VIP,Tarjeta,Desktop,SinConexion,US,Express
VIP,Tarjeta,Desktop,SinConexion,US,Pickup
VIP,Tarjeta,Desktop,SinConexion,APAC,Economico
VIP,Tarjeta,Desktop,SinConexion,APAC,Estandar
VIP,Tarjeta,Desktop,SinConexion,APAC,Express
VIP,Tarjeta,Desktop,SinConexion,APAC,Pickup
VIP,Tarjeta,Tableta,Buena,LATAM,Economico
VIP,Tarjeta,Tableta,Buena,LATAM,Estandar
VIP,Tarjeta,Tableta,Buena,LATAM,Express
VIP,Tarjeta,Tableta,Buena,LATAM,Pickup
VIP,Tarjeta,Tableta,Buena,EU,Economico
VIP,Tarjeta,Tableta,Buena,EU,Estandar
VIP,Tarjeta,Tableta,Buena,EU,Express
VIP,Tarjeta,Tableta,Buena,EU,Pickup
VIP,Tarjeta,Tableta,Buena,US,Economico
VIP,Tarjeta,Tableta,Buena,US,Estandar
VIP,Tarjeta,Tableta,Buena,US,Express
VIP,Tarjeta,Tableta,Buena,US,Pickup
VIP,Tarjeta,Tableta,Buena,APAC,Economico
VIP,Tarjeta,Tableta,Buena,APAC,Estandar
VIP,Tarjeta,Tableta,Buena,APAC,Express
VIP,Tarjeta,Tableta,Buena,APAC,Pickup
VIP,Tarjeta,Tableta,Media,LATAM,Economico
VIP,Tarjeta,Tableta,Media,LATAM,Estandar
VIP,Tarjeta,Tableta,Media,LATAM,Express
VIP,Tarjeta,Tableta,Media,LATAM,Pickup
VIP,Tarjeta,Tableta,Media,EU,Economico
VIP,Tarjeta,Tableta,Media,EU,Estandar
VIP,Tarjeta,Tableta,Media,EU,Express
VIP,Tarjeta,Tableta,Media,EU,Pickup
VIP,Tarjeta,Tableta,Media,US,Economico
VIP,Tarjeta,Tableta,Media,US,Estandar
VIP,Tarjeta,Tableta,Media,US,Express
VIP,Tarjeta,Tableta,Media,US,Pickup
VIP,Tarjeta,Tableta,Media,APAC,Economico
VIP,Tarjeta,Tableta,Media,APAC,Estandar
VIP,Tarjeta,Tableta,Media,APAC,Express
VIP,Tarjeta,Tableta,Media,APAC,Pickup
VIP,Tarjeta,Tableta,Lenta,LATAM,Economico
VIP,Tarjeta,Tableta,Lenta,LATAM,Estandar
VIP,Tarjeta,Tableta,Lenta,LATAM,Express
VIP,Tarjeta,Tableta,Lenta,LATAM,Pickup
VIP,Tarjeta,Tableta,Lenta,EU,Economico
VIP,Tarjeta,Tableta,Lenta,EU,Estandar
VIP,Tarjeta,Tableta,Lenta,EU,Express
VIP,Tarjeta,Tableta,Lenta,EU,Pickup
VIP,Tarjeta,Tableta,Lenta,US,Economico
VIP,Tarjeta,Tableta,Lenta,US,Estandar
VIP,Tarjeta,Tableta,Lenta,US,Express
VIP,Tarjeta,Tableta,Lenta,US,Pickup
VIP,Tarjeta,Tableta,Lenta,APAC,Economico
VIP,Tarjeta,Tableta,Lenta,APAC,Estandar
VIP,Tarjeta,Tableta,Lenta,APAC,Express
VIP,Tarjeta,Tableta,Lenta,APAC,Pickup
VIP,Tarjeta,Tableta,Intermitente,LATAM,Economico
VIP,Tarjeta,Tableta,Intermitente,LATAM,Estandar
VIP,Tarjeta,Tableta,Intermitente,LATAM,Express
VIP,Tarjeta,Tableta,Intermitente,LATAM,Pickup
VIP,Tarjeta,Tableta,Intermitente,EU,Economico
VIP,Tarjeta,Tableta,Intermitente,EU,Estandar
VIP,Tarjeta,Tableta,Intermitente,EU,Express
VIP,Tarjeta,Tableta,Intermitente,EU,Pickup
VIP,Tarjeta,Tableta,Intermitente,US,Economico
VIP,Tarjeta,Tableta,Intermitente,US,Estandar
VIP,Tarjeta,Tableta,Intermitente,US,Express
VIP,Tarjeta,Tableta,Intermitente,US,Pickup
VIP,Tarjeta,Tableta,Intermitente,APAC,Economico
VIP,Tarjeta,Tableta,Intermitente,APAC,Estandar
VIP,Tarjeta,Tableta,Intermitente,APAC,Express
VIP,Tarjeta,Tableta,Intermitente,APAC,Pickup
VIP,Tarjeta,Tableta,SinConexion,LATAM,Economico
VIP,Tarjeta,Tableta,SinConexion,LATAM,Estandar
VIP,Tarjeta,Tableta,SinConexion,LATAM,Express
VIP,Tarjeta,Tableta,SinConexion,LATAM,Pickup
VIP,Tarjeta,Tableta,SinConexion,EU,Economico
VIP,Tarjeta,Tableta,SinConexion,EU,Estandar
VIP,Tarjeta,Tableta,SinConexion,EU,Express
VIP,Tarjeta,Tableta,SinConexion,EU,Pickup
VIP,Tarjeta,Tableta,SinConexion,US,Economico
VIP,Tarjeta,Tableta,SinConexion,US,Estandar
VIP,Tarjeta,Tableta,SinConexion,US,Express
VIP,Tarjeta,Tableta,SinConexion,US,Pickup
VIP,Tarjeta,Tableta,SinConexion,APAC,Economico
VIP,Tarjeta,Tableta,SinConexion,APAC,Estandar
VIP,Tarjeta,Tableta,SinConexion,APAC,Express
VIP,Tarjeta,Tableta,SinConexion,APAC,Pickup
VIP,Tarjeta,SmartTV,Buena,LATAM,Economico
VIP,Tarjeta,SmartTV,Buena,LATAM,Estandar
VIP,Tarjeta,SmartTV,Buena,LATAM,Express
VIP,Tarjeta,SmartTV,Buena,LATAM,Pickup
VIP,Tarjeta,SmartTV,Buena,EU,Economico
VIP,Tarjeta,SmartTV,Buena,EU,Estandar
VIP,Tarjeta,SmartTV,Buena,EU,Express
VIP,Tarjeta,SmartTV,Buena,EU,Pickup
VIP,Tarjeta,SmartTV,Buena,US,Economico
VIP,Tarjeta,SmartTV,Buena,US,Estandar
VIP,Tarjeta,SmartTV,Buena,US,Express
VIP,Tarjeta,SmartTV,Buena,US,Pickup
VIP,Tarjeta,SmartTV,Buena,APAC,Economico
VIP,Tarjeta,SmartTV,Buena,APAC,Estandar
VIP,Tarjeta,SmartTV,Buena,APAC,Express
VIP,Tarjeta,SmartTV,Buena,APAC,Pickup
VIP,Tarjeta,SmartTV,Media,LATAM,Economico
VIP,Tarjeta,SmartTV,Media,LATAM,Estandar
VIP,Tarjeta,SmartTV,Media,LATAM,Express
VIP,Tarjeta,SmartTV,Media,LATAM,Pickup
VIP,Tarjeta,SmartTV,Media,EU,Economico
VIP,Tarjeta,SmartTV,Media,EU,Estandar
VIP,Tarjeta,SmartTV,Media,EU,Express
VIP,Tarjeta,SmartTV,Media,EU,Pickup
VIP,Tarjeta,SmartTV,Media,US,Economico
VIP,Tarjeta,SmartTV,Media,US,Estandar
VIP,Tarjeta,SmartTV,Media,US,Express
VIP,Tarjeta,SmartTV,Media,US,Pickup
VIP,Tarjeta,SmartTV,Media,APAC,Economico
VIP,Tarjeta,SmartTV,Media,APAC,Estandar
VIP,Tarjeta,SmartTV,Media,APAC,Express
VIP,Tarjeta,SmartTV,Media,APAC,Pickup
VIP,Tarjeta,SmartTV,Lenta,LATAM,Economico
VIP,Tarjeta,SmartTV,Lenta,LATAM,Estandar
VIP,Tarjeta,SmartTV,Lenta,LATAM,Express
VIP,Tarjeta,SmartTV,Lenta,LATAM,Pickup
VIP,Tarjeta,SmartTV,Lenta,EU,Economico
VIP,Tarjeta,SmartTV,Lenta,EU,Estandar
VIP,Tarjeta,SmartTV,Lenta,EU,Express
VIP,Tarjeta,SmartTV,Lenta,EU,Pickup
VIP,Tarjeta,SmartTV,Lenta,US,Economico
VIP,Tarjeta,SmartTV,Lenta,US,Estandar
VIP,Tarjeta,SmartTV,Lenta,US,Express
VIP,Tarjeta,SmartTV,Lenta,US,Pickup
VIP,Tarjeta,SmartTV,Lenta,APAC,Economico
VIP,Tarjeta,SmartTV,Lenta,APAC,Estandar
VIP,Tarjeta,SmartTV,Lenta,APAC,Express
VIP,Tarjeta,SmartTV,Lenta,APAC,Pickup
VIP,Tarjeta,SmartTV,Intermitente,LATAM,Economico
VIP,Tarjeta,SmartTV,Intermitente,LATAM,Estandar
VIP,Tarjeta,SmartTV,Intermitente,LATAM,Express
VIP,Tarjeta,SmartTV,Intermitente,LATAM,Pickup
VIP,Tarjeta,SmartTV,Intermitente,EU,Economico
VIP,Tarjeta,SmartTV,Intermitente,EU,Estandar
VIP,Tarjeta,SmartTV,Intermitente,EU,Express
VIP,Tarjeta,SmartTV,Intermitente,EU,Pickup
VIP,Tarjeta,SmartTV,Intermitente,US,Economico
VIP,Tarjeta,SmartTV,Intermitente,US,Estandar
VIP,Tarjeta,SmartTV,Intermitente,US,Express
VIP,Tarjeta,SmartTV,Intermitente,US,Pickup
VIP,Tarjeta,SmartTV,Intermitente,APAC,Economico
VIP,Tarjeta,SmartTV,Intermitente,APAC,Estandar
VIP,Tarjeta,SmartTV,Intermitente,APAC,Express
VIP,Tarjeta,SmartTV,Intermitente,APAC,Pickup
VIP,Tarjeta,SmartTV,SinConexion,LATAM,Economico
VIP,Tarjeta,SmartTV,SinConexion,LATAM,Estandar
VIP,Tarjeta,SmartTV,SinConexion,LATAM,Express
VIP,Tarjeta,SmartTV,SinConexion,LATAM,Pickup
VIP,Tarjeta,SmartTV,SinConexion,EU,Economico
VIP,Tarjeta,SmartTV,SinConexion,EU,Estandar
VIP,Tarjeta,SmartTV,SinConexion,EU,Express
VIP,Tarjeta,SmartTV,SinConexion,EU,Pickup
VIP,Tarjeta,SmartTV,SinConexion,US,Economico
VIP,Tarjeta,SmartTV,SinConexion,US,Estandar
VIP,Tarjeta,SmartTV,SinConexion,US,Express
VIP,Tarjeta,SmartTV,SinConexion,US,Pickup
VIP,Tarjeta,SmartTV,SinConexion,APAC,Economico
VIP,Tarjeta,SmartTV,SinConexion,APAC,Estandar
VIP,Tarjeta,SmartTV,SinConexion,APAC,Express
VIP,Tarjeta,SmartTV,SinConexion,APAC,Pickup
VIP,Tarjeta,Consola,Buena,LATAM,Economico
VIP,Tarjeta,Consola,Buena,LATAM,Estandar
VIP,Tarjeta,Consola,Buena,LATAM,Express
VIP,Tarjeta,Consola,Buena,LATAM,Pickup
VIP,Tarjeta,Consola,Buena,EU,Economico
VIP,Tarjeta,Consola,Buena,EU,Estandar
VIP,Tarjeta,Consola,Buena,EU,Express
VIP,Tarjeta,Consola,Buena,EU,Pickup
VIP,Tarjeta,Consola,Buena,US,Economico
VIP,Tarjeta,Consola,Buena,US,Estandar
VIP,Tarjeta,Consola,Buena,US,Express
VIP,Tarjeta,Consola,Buena,US,Pickup
VIP,Tarjeta,Consola,Buena,APAC,Economico
VIP,Tarjeta,Consola,Buena,APAC,Estandar
VIP,Tarjeta,Consola,Buena,APAC,Express
VIP,Tarjeta,Consola,Buena,APAC,Pickup
VIP,Tarjeta,Consola,Media,LATAM,Economico
VIP,Tarjeta,Consola,Media,LATAM,Estandar
VIP,Tarjeta,Consola,Media,LATAM,Express
VIP,Tarjeta,Consola,Media,LATAM,Pickup
VIP,Tarjeta,Consola,Media,EU,Economico
VIP,Tarjeta,Consola,Media,EU,Estandar
VIP,Tarjeta,Consola,Media,EU,Express
VIP,Tarjeta,Consola,Media,EU,Pickup
VIP,Tarjeta,Consola,Media,US,Economico
VIP,Tarjeta,Consola,Media,US,Estandar
VIP,Tarjeta,Consola,Media,US,Express
VIP,Tarjeta,Consola,Media,US,Pickup
VIP,Tarjeta,Consola,Media,APAC,Economico
VIP,Tarjeta,Consola,Media,APAC,Estandar
VIP,Tarjeta,Consola,Media,APAC,Express
VIP,Tarjeta,Consola,Media,APAC,Pickup
VIP,Tarjeta,Consola,Lenta,LATAM,Economico
VIP,Tarjeta,Consola,Lenta,LATAM,Estandar
VIP,Tarjeta,Consola,Lenta,LATAM,Express
VIP,Tarjeta,Consola,Lenta,LATAM,Pickup
VIP,Tarjeta,Consola,Lenta,EU,Economico
VIP,Tarjeta,Consola,Lenta,EU,Estandar
VIP,Tarjeta,Consola,Lenta,EU,Express
VIP,Tarjeta,Consola,Lenta,EU,Pickup
VIP,Tarjeta,Consola,Lenta,US,Economico
VIP,Tarjeta,Consola,Lenta,US,Estandar
VIP,Tarjeta,Consola,Lenta,US,Express
VIP,Tarjeta,Consola,Lenta,US,Pickup
VIP,Tarjeta,Consola,Lenta,APAC,Economico
VIP,Tarjeta,Consola,Lenta,APAC,Estandar
VIP,Tarjeta,Consola,Lenta,APAC,Express
VIP,Tarjeta,Consola,Lenta,APAC,Pickup
VIP,Tarjeta,Consola,Intermitente,LATAM,Economico
VIP,Tarjeta,Consola,Intermitente,LATAM,Estandar
VIP,Tarjeta,Consola,Intermitente,LATAM,Express
VIP,Tarjeta,Consola,Intermitente,LATAM,Pickup
VIP,Tarjeta,Consola,Intermitente,EU,Economico
VIP,Tarjeta,Consola,Intermitente,EU,Estandar
VIP,Tarjeta,Consola,Intermitente,EU,Express
VIP,Tarjeta,Consola,Intermitente,EU,Pickup
VIP,Tarjeta,Consola,Intermitente,US,Economico
VIP,Tarjeta,Consola,Intermitente,US,Estandar
VIP,Tarjeta,Consola,Intermitente,US,Express
VIP,Tarjeta,Consola,Intermitente,US,Pickup
VIP,Tarjeta,Consola,Intermitente,APAC,Economico
VIP,Tarjeta,Consola,Intermitente,APAC,Estandar
VIP,Tarjeta,Consola,Intermitente,APAC,Express
VIP,Tarjeta,Consola,Intermitente,APAC,Pickup
VIP,Tarjeta,Consola,SinConexion,LATAM,Economico
VIP,Tarjeta,Consola,SinConexion,LATAM,Estandar
VIP,Tarjeta,Consola,SinConexion,LATAM,Express
VIP,Tarjeta,Consola,SinConexion,LATAM,Pickup
VIP,Tarjeta,Consola,SinConexion,EU,Economico
VIP,Tarjeta,Consola,SinConexion,EU,Estandar
VIP,Tarjeta,Consola,SinConexion,EU,Express
VIP,Tarjeta,Consola,SinConexion,EU,Pickup
VIP,Tarjeta,Consola,SinConexion,US,Economico
VIP,Tarjeta,Consola,SinConexion,US,Estandar
VIP,Tarjeta,Consola,SinConexion,US,Express
VIP,Tarjeta,Consola,SinConexion,US,Pickup
VIP,Tarjeta,Consola,SinConexion,APAC,Economico
VIP,Tarjeta,Consola,SinConexion,APAC,Estandar
VIP,Tarjeta,Consola,SinConexion,APAC,Express
VIP,Tarjeta,Consola,SinConexion,APAC,Pickup
VIP,PayPal,Movil,Buena,LATAM,Economico
VIP,PayPal,Movil,Buena,LATAM,Estandar
VIP,PayPal,Movil,Buena,LATAM,Express
VIP,PayPal,Movil,Buena,LATAM,Pickup
VIP,PayPal,Movil,Buena,EU,Economico
VIP,PayPal,Movil,Buena,EU,Estandar
VIP,PayPal,Movil,Buena,EU,Express
VIP,PayPal,Movil,Buena,EU,Pickup
VIP,PayPal,Movil,Buena,US,Economico
VIP,PayPal,Movil,Buena,US,Estandar
VIP,PayPal,Movil,Buena,US,Express
VIP,PayPal,Movil,Buena,US,Pickup
VIP,PayPal,Movil,Buena,APAC,Economico
VIP,PayPal,Movil,Buena,APAC,Estandar
VIP,PayPal,Movil,Buena,APAC,Express
VIP,PayPal,Movil,Buena,APAC,Pickup
VIP,PayPal,Movil,Media,LATAM,Economico
VIP,PayPal,Movil,Media,LATAM,Estandar
VIP,PayPal,Movil,Media,LATAM,Express
VIP,PayPal,Movil,Media,LATAM,Pickup
VIP,PayPal,Movil,Media,EU,Economico
VIP,PayPal,Movil,Media,EU,Estandar
VIP,PayPal,Movil,Media,EU,Express
VIP,PayPal,Movil,Media,EU,Pickup
VIP,PayPal,Movil,Media,US,Economico
VIP,PayPal,Movil,Media,US,Estandar
VIP,PayPal,Movil,Media,US,Express
VIP,PayPal,Movil,Media,US,Pickup
VIP,PayPal,Movil,Media,APAC,Economico
VIP,PayPal,Movil,Media,APAC,Estandar
VIP,PayPal,Movil,Media,APAC,Express
VIP,PayPal,Movil,Media,APAC,Pickup
VIP,PayPal,Movil,Lenta,LATAM,Economico
VIP,PayPal,Movil,Lenta,LATAM,Estandar
VIP,PayPal,Movil,Lenta,LATAM,Express
VIP,PayPal,Movil,Lenta,LATAM,Pickup
VIP,PayPal,Movil,Lenta,EU,Economico
VIP,PayPal,Movil,Lenta,EU,Estandar
VIP,PayPal,Movil,Lenta,EU,Express
VIP,PayPal,Movil,Lenta,EU,Pickup
VIP,PayPal,Movil,Lenta,US,Economico
VIP,PayPal,Movil,Lenta,US,Estandar
VIP,PayPal,Movil,Lenta,US,Express
VIP,PayPal,Movil,Lenta,US,Pickup
VIP,PayPal,Movil,Lenta,APAC,Economico
VIP,PayPal,Movil,Lenta,APAC,Estandar
VIP,PayPal,Movil,Lenta,APAC,Express
VIP,PayPal,Movil,Lenta,APAC,Pickup
VIP,PayPal,Movil,Intermitente,LATAM,Economico
VIP,PayPal,Movil,Intermitente,LATAM,Estandar
VIP,PayPal,Movil,Intermitente,LATAM,Express
VIP,PayPal,Movil,Intermitente,LATAM,Pickup
VIP,PayPal,Movil,Intermitente,EU,Economico
VIP,PayPal,Movil,Intermitente,EU,Estandar
VIP,PayPal,Movil,Intermitente,EU,Express
VIP,PayPal,Movil,Intermitente,EU,Pickup
VIP,PayPal,Movil,Intermitente,US,Economico
VIP,PayPal,Movil,Intermitente,US,Estandar
VIP,PayPal,Movil,Intermitente,US,Express
VIP,PayPal,Movil,Intermitente,US,Pickup
VIP,PayPal,Movil,Intermitente,APAC,Economico
VIP,PayPal,Movil,Intermitente,APAC,Estandar
VIP,PayPal,Movil,Intermitente,APAC,Express
VIP,PayPal,Movil,Intermitente,APAC,Pickup
VIP,PayPal,Movil,SinConexion,LATAM,Economico
VIP,PayPal,Movil,SinConexion,LATAM,Estandar
VIP,PayPal,Movil,SinConexion,LATAM,Express
VIP,PayPal,Movil,SinConexion,LATAM,Pickup
VIP,PayPal,Movil,SinConexion,EU,Economico
VIP,PayPal,Movil,SinConexion,EU,Estandar
VIP,PayPal,Movil,SinConexion,EU,Express
VIP,PayPal,Movil,SinConexion,EU,Pickup
VIP,PayPal,Movil,SinConexion,US,Economico
VIP,PayPal,Movil,SinConexion,US,Estandar
VIP,PayPal,Movil,SinConexion,US,Express
VIP,PayPal,Movil,SinConexion,US,Pickup
VIP,PayPal,Movil,SinConexion,APAC,Economico
VIP,PayPal,Movil,SinConexion,APAC,Estandar
VIP,PayPal,Movil,SinConexion,APAC,Express
VIP,PayPal,Movil,SinConexion,APAC,Pickup
VIP,PayPal,Desktop,Buena,LATAM,Economico
VIP,PayPal,Desktop,Buena,LATAM,Estandar
VIP,PayPal,Desktop,Buena,LATAM,Express
VIP,PayPal,Desktop,Buena,LATAM,Pickup
VIP,PayPal,Desktop,Buena,EU,Economico
VIP,PayPal,Desktop,Buena,EU,Estandar
VIP,PayPal,Desktop,Buena,EU,Express
VIP,PayPal,Desktop,Buena,EU,Pickup
VIP,PayPal,Desktop,Buena,US,Economico
VIP,PayPal,Desktop,Buena,US,Estandar
VIP,PayPal,Desktop,Buena,US,Express
VIP,PayPal,Desktop,Buena,US,Pickup
VIP,PayPal,Desktop,Buena,APAC,Economico
VIP,PayPal,Desktop,Buena,APAC,Estandar
VIP,PayPal,Desktop,Buena,APAC,Express
VIP,PayPal,Desktop,Buena,APAC,Pickup
VIP,PayPal,Desktop,Media,LATAM,Economico
VIP,PayPal,Desktop,Media,LATAM,Estandar
VIP,PayPal,Desktop,Media,LATAM,Express
VIP,PayPal,Desktop,Media,LATAM,Pickup
VIP,PayPal,Desktop,Media,EU,Economico
VIP,PayPal,Desktop,Media,EU,Estandar
VIP,PayPal,Desktop,Media,EU,Express
VIP,PayPal,Desktop,Media,EU,Pickup
VIP,PayPal,Desktop,Media,US,Economico
VIP,PayPal,Desktop,Media,US,Estandar
VIP,PayPal,Desktop,Media,US,Express
VIP,PayPal,Desktop,Media,US,Pickup
VIP,PayPal,Desktop,Media,APAC,Economico
VIP,PayPal,Desktop,Media,APAC,Estandar
VIP,PayPal,Desktop,Media,APAC,Express
VIP,PayPal,Desktop,Media,APAC,Pickup
VIP,PayPal,Desktop,Lenta,LATAM,Economico
VIP,PayPal,Desktop,Lenta,LATAM,Estandar
VIP,PayPal,Desktop,Lenta,LATAM,Express
VIP,PayPal,Desktop,Lenta,LATAM,Pickup
VIP,PayPal,Desktop,Lenta,EU,Economico
VIP,PayPal,Desktop,Lenta,EU,Estandar
VIP,PayPal,Desktop,Lenta,EU,Express
VIP,PayPal,Desktop,Lenta,EU,Pickup
VIP,PayPal,Desktop,Lenta,US,Economico
VIP,PayPal,Desktop,Lenta,US,Estandar
VIP,PayPal,Desktop,Lenta,US,Express
VIP,PayPal,Desktop,Lenta,US,Pickup
VIP,PayPal,Desktop,Lenta,APAC,Economico
VIP,PayPal,Desktop,Lenta,APAC,Estandar
VIP,PayPal,Desktop,Lenta,APAC,Express
VIP,PayPal,Desktop,Lenta,APAC,Pickup
VIP,PayPal,Desktop,Intermitente,LATAM,Economico
VIP,PayPal,Desktop,Intermitente,LATAM,Estandar
VIP,PayPal,Desktop,Intermitente,LATAM,Express
VIP,PayPal,Desktop,Intermitente,LATAM,Pickup
VIP,PayPal,Desktop,Intermitente,EU,Economico
VIP,PayPal,Desktop,Intermitente,EU,Estandar
VIP,PayPal,Desktop,Intermitente,EU,Express
VIP,PayPal,Desktop,Intermitente,EU,Pickup
VIP,PayPal,Desktop,Intermitente,US,Economico
VIP,PayPal,Desktop,Intermitente,US,Estandar
VIP,PayPal,Desktop,Intermitente,US,Express
VIP,PayPal,Desktop,Intermitente,US,Pickup
VIP,PayPal,Desktop,Intermitente,APAC,Economico
VIP,PayPal,Desktop,Intermitente,APAC,Estandar
VIP,PayPal,Desktop,Intermitente,APAC,Express
VIP,PayPal,Desktop,Intermitente,APAC,Pickup
VIP,PayPal,Desktop,SinConexion,LATAM,Economico
VIP,PayPal,Desktop,SinConexion,LATAM,Estandar
VIP,PayPal,Desktop,SinConexion,LATAM,Express
VIP,PayPal,Desktop,SinConexion,LATAM,Pickup
VIP,PayPal,Desktop,SinConexion,EU,Economico
VIP,PayPal,Desktop,SinConexion,EU,Estandar
VIP,PayPal,Desktop,SinConexion,EU,Express
VIP,PayPal,Desktop,SinConexion,EU,Pickup
VIP,PayPal,Desktop,SinConexion,US,Economico
VIP,PayPal,Desktop,SinConexion,US,Estandar
VIP,PayPal,Desktop,SinConexion,US,Express
VIP,PayPal,Desktop,SinConexion,US,Pickup
VIP,PayPal,Desktop,SinConexion,APAC,Economico
VIP,PayPal,Desktop,SinConexion,APAC,Estandar
VIP,PayPal,Desktop,SinConexion,APAC,Express
VIP,PayPal,Desktop,SinConexion,APAC,Pickup
VIP,PayPal,Tableta,Buena,LATAM,Economico
VIP,PayPal,Tableta,Buena,LATAM,Estandar
VIP,PayPal,Tableta,Buena,LATAM,Express
VIP,PayPal,Tableta,Buena,LATAM,Pickup
VIP,PayPal,Tableta,Buena,EU,Economico
VIP,PayPal,Tableta,Buena,EU,Estandar
VIP,PayPal,Tableta,Buena,EU,Express
VIP,PayPal,Tableta,Buena,EU,Pickup
VIP,PayPal,Tableta,Buena,US,Economico
VIP,PayPal,Tableta,Buena,US,Estandar
VIP,PayPal,Tableta,Buena,US,Express
VIP,PayPal,Tableta,Buena,US,Pickup
VIP,PayPal,Tableta,Buena,APAC,Economico
VIP,PayPal,Tableta,Buena,APAC,Estandar
VIP,PayPal,Tableta,Buena,APAC,Express
VIP,PayPal,Tableta,Buena,APAC,Pickup
VIP,PayPal,Tableta,Media,LATAM,Economico
VIP,PayPal,Tableta,Media,LATAM,Estandar
VIP,PayPal,Tableta,Media,LATAM,Express
VIP,PayPal,Tableta,Media,LATAM,Pickup
VIP,PayPal,Tableta,Media,EU,Economico
VIP,PayPal,Tableta,Media,EU,Estandar
VIP,PayPal,Tableta,Media,EU,Express
VIP,PayPal,Tableta,Media,EU,Pickup
VIP,PayPal,Tableta,Media,US,Economico
VIP,PayPal,Tableta,Media,US,Estandar
VIP,PayPal,Tableta,Media,US,Express
VIP,PayPal,Tableta,Media,US,Pickup
VIP,PayPal,Tableta,Media,APAC,Economico
VIP,PayPal,Tableta,Media,APAC,Estandar
VIP,PayPal,Tableta,Media,APAC,Express
VIP,PayPal,Tableta,Media,APAC,Pickup
VIP,PayPal,Tableta,Lenta,LATAM,Economico
VIP,PayPal,Tableta,Lenta,LATAM,Estandar
VIP,PayPal,Tableta,Lenta,LATAM,Express
VIP,PayPal,Tableta,Lenta,LATAM,Pickup
VIP,PayPal,Tableta,Lenta,EU,Economico
VIP,PayPal,Tableta,Lenta,EU,Estandar
VIP,PayPal,Tableta,Lenta,EU,Express
VIP,PayPal,Tableta,Lenta,EU,Pickup
VIP,PayPal,Tableta,Lenta,US,Economico
VIP,PayPal,Tableta,Lenta,US,Estandar
VIP,PayPal,Tableta,Lenta,US,Express
VIP,PayPal,Tableta,Lenta,US,Pickup
VIP,PayPal,Tableta,Lenta,APAC,Economico
VIP,PayPal,Tableta,Lenta,APAC,Estandar
VIP,PayPal,Tableta,Lenta,APAC,Express
VIP,PayPal,Tableta,Lenta,APAC,Pickup
VIP,PayPal,Tableta,Intermitente,LATAM,Economico
VIP,PayPal,Tableta,Intermitente,LATAM,Estandar
VIP,PayPal,Tableta,Intermitente,LATAM,Express
VIP,PayPal,Tableta,Intermitente,LATAM,Pickup
VIP,PayPal,Tableta,Intermitente,EU,Economico
VIP,PayPal,Tableta,Intermitente,EU,Estandar
VIP,PayPal,Tableta,Intermitente,EU,Express
VIP,PayPal,Tableta,Intermitente,EU,Pickup
VIP,PayPal,Tableta,Intermitente,US,Economico
VIP,PayPal,Tableta,Intermitente,US,Estandar
VIP,PayPal,Tableta,Intermitente,US,Express
VIP,PayPal,Tableta,Intermitente,US,Pickup
VIP,PayPal,Tableta,Intermitente,APAC,Economico
VIP,PayPal,Tableta,Intermitente,APAC,Estandar
VIP,PayPal,Tableta,Intermitente,APAC,Express
VIP,PayPal,Tableta,Intermitente,APAC,Pickup
VIP,PayPal,Tableta,SinConexion,LATAM,Economico
VIP,PayPal,Tableta,SinConexion,LATAM,Estandar
VIP,PayPal,Tableta,SinConexion,LATAM,Express
VIP,PayPal,Tableta,SinConexion,LATAM,Pickup
VIP,PayPal,Tableta,SinConexion,EU,Economico
VIP,PayPal,Tableta,SinConexion,EU,Estandar
VIP,PayPal,Tableta,SinConexion,EU,Express
VIP,PayPal,Tableta,SinConexion,EU,Pickup
VIP,PayPal,Tableta,SinConexion,US,Economico
VIP,PayPal,Tableta,SinConexion,US,Estandar
VIP,PayPal,Tableta,SinConexion,US,Express
VIP,PayPal,Tableta,SinConexion,US,Pickup
VIP,PayPal,Tableta,SinConexion,APAC,Economico
VIP,PayPal,Tableta,SinConexion,APAC,Estandar
VIP,PayPal,Tableta,SinConexion,APAC,Express
VIP,PayPal,Tableta,SinConexion,APAC,Pickup
VIP,PayPal,SmartTV,Buena,LATAM,Economico
VIP,PayPal,SmartTV,Buena,LATAM,Estandar
VIP,PayPal,SmartTV,Buena,LATAM,Express
VIP,PayPal,SmartTV,Buena,LATAM,Pickup
VIP,PayPal,SmartTV,Buena,EU,Economico
VIP,PayPal,SmartTV,Buena,EU,Estandar
VIP,PayPal,SmartTV,Buena,EU,Express
VIP,PayPal,SmartTV,Buena,EU,Pickup
VIP,PayPal,SmartTV,Buena,US,Economico
VIP,PayPal,SmartTV,Buena,US,Estandar
VIP,PayPal,SmartTV,Buena,US,Express
VIP,PayPal,SmartTV,Buena,US,Pickup
VIP,PayPal,SmartTV,Buena,APAC,Economico
VIP,PayPal,SmartTV,Buena,APAC,Estandar
VIP,PayPal,SmartTV,Buena,APAC,Express
VIP,PayPal,SmartTV,Buena,APAC,Pickup
VIP,PayPal,SmartTV,Media,LATAM,Economico
VIP,PayPal,SmartTV,Media,LATAM,Estandar
VIP,PayPal,SmartTV,Media,LATAM,Express
VIP,PayPal,SmartTV,Media,LATAM,Pickup
VIP,PayPal,SmartTV,Media,EU,Economico
VIP,PayPal,SmartTV,Media,EU,Estandar
VIP,PayPal,SmartTV,Media,EU,Express
VIP,PayPal,SmartTV,Media,EU,Pickup
VIP,PayPal,SmartTV,Media,US,Economico
VIP,PayPal,SmartTV,Media,US,Estandar
VIP,PayPal,SmartTV,Media,US,Express
VIP,PayPal,SmartTV,Media,US,Pickup
VIP,PayPal,SmartTV,Media,APAC,Economico
VIP,PayPal,SmartTV,Media,APAC,Estandar
VIP,PayPal,SmartTV,Media,APAC,Express
VIP,PayPal,SmartTV,Media,APAC,Pickup
VIP,PayPal,SmartTV,Lenta,LATAM,Economico
VIP,PayPal,SmartTV,Lenta,LATAM,Estandar
VIP,PayPal,SmartTV,Lenta,LATAM,Express
VIP,PayPal,SmartTV,Lenta,LATAM,Pickup
VIP,PayPal,SmartTV,Lenta,EU,Economico
VIP,PayPal,SmartTV,Lenta,EU,Estandar
VIP,PayPal,SmartTV,Lenta,EU,Express
VIP,PayPal,SmartTV,Lenta,EU,Pickup
VIP,PayPal,SmartTV,Lenta,US,Economico
VIP,PayPal,SmartTV,Lenta,US,Estandar
VIP,PayPal,SmartTV,Lenta,US,Express
VIP,PayPal,SmartTV,Lenta,US,Pickup
VIP,PayPal,SmartTV,Lenta,APAC,Economico
VIP,PayPal,SmartTV,Lenta,APAC,Estandar
VIP,PayPal,SmartTV,Lenta,APAC,Express
VIP,PayPal,SmartTV,Lenta,APAC,Pickup
VIP,PayPal,SmartTV,Intermitente,LATAM,Economico
VIP,PayPal,SmartTV,Intermitente,LATAM,Estandar
VIP,PayPal,SmartTV,Intermitente,LATAM,Express
VIP,PayPal,SmartTV,Intermitente,LATAM,Pickup
VIP,PayPal,SmartTV,Intermitente,EU,Economico
VIP,PayPal,SmartTV,Intermitente,EU,Estandar
VIP,PayPal,SmartTV,Intermitente,EU,Express
VIP,PayPal,SmartTV,Intermitente,EU,Pickup
VIP,PayPal,SmartTV,Intermitente,US,Economico
VIP,PayPal,SmartTV,Intermitente,US,Estandar
VIP,PayPal,SmartTV,Intermitente,US,Express
VIP,PayPal,SmartTV,Intermitente,US,Pickup
VIP,PayPal,SmartTV,Intermitente,APAC,Economico
VIP,PayPal,SmartTV,Intermitente,APAC,Estandar
VIP,PayPal,SmartTV,Intermitente,APAC,Express
VIP,PayPal,SmartTV,Intermitente,APAC,Pickup
VIP,PayPal,SmartTV,SinConexion,LATAM,Economico
VIP,PayPal,SmartTV,SinConexion,LATAM,Estandar
VIP,PayPal,SmartTV,SinConexion,LATAM,Express
VIP,PayPal,SmartTV,SinConexion,LATAM,Pickup
VIP,PayPal,SmartTV,SinConexion,EU,Economico
VIP,PayPal,SmartTV,SinConexion,EU,Estandar
VIP,PayPal,SmartTV,SinConexion,EU,Express
VIP,PayPal,SmartTV,SinConexion,EU,Pickup
VIP,PayPal,SmartTV,SinConexion,US,Economico
VIP,PayPal,SmartTV,SinConexion,US,Estandar
VIP,PayPal,SmartTV,SinConexion,US,Express
VIP,PayPal,SmartTV,SinConexion,US,Pickup
VIP,PayPal,SmartTV,SinConexion,APAC,Economico
VIP,PayPal,SmartTV,SinConexion,APAC,Estandar
VIP,PayPal,SmartTV,SinConexion,APAC,Express
VIP,PayPal,SmartTV,SinConexion,APAC,Pickup
VIP,PayPal,Consola,Buena,LATAM,Economico
VIP,PayPal,Consola,Buena,LATAM,Estandar
VIP,PayPal,Consola,Buena,LATAM,Express
VIP,PayPal,Consola,Buena,LATAM,Pickup
VIP,PayPal,Consola,Buena,EU,Economico
VIP,PayPal,Consola,Buena,EU,Estandar
VIP,PayPal,Consola,Buena,EU,Express
VIP,PayPal,Consola,Buena,EU,Pickup
VIP,PayPal,Consola,Buena,US,Economico
VIP,PayPal,Consola,Buena,US,Estandar
VIP,PayPal,Consola,Buena,US,Express
VIP,PayPal,Consola,Buena,US,Pickup
VIP,PayPal,Consola,Buena,APAC,Economico
VIP,PayPal,Consola,Buena,APAC,Estandar
VIP,PayPal,Consola,Buena,APAC,Express
VIP,PayPal,Consola,Buena,APAC,Pickup
VIP,PayPal,Consola,Media,LATAM,Economico
VIP,PayPal,Consola,Media,LATAM,Estandar
VIP,PayPal,Consola,Media,LATAM,Express
VIP,PayPal,Consola,Media,LATAM,Pickup
VIP,PayPal,Consola,Media,EU,Economico
VIP,PayPal,Consola,Media,EU,Estandar
VIP,PayPal,Consola,Media,EU,Express
VIP,PayPal,Consola,Media,EU,Pickup
VIP,PayPal,Consola,Media,US,Economico
VIP,PayPal,Consola,Media,US,Estandar
VIP,PayPal,Consola,Media,US,Express
VIP,PayPal,Consola,Media,US,Pickup
VIP,PayPal,Consola,Media,APAC,Economico
VIP,PayPal,Consola,Media,APAC,Estandar
VIP,PayPal,Consola,Media,APAC,Express
VIP,PayPal,Consola,Media,APAC,Pickup
VIP,PayPal,Consola,Lenta,LATAM,Economico
VIP,PayPal,Consola,Lenta,LATAM,Estandar
VIP,PayPal,Consola,Lenta,LATAM,Express
VIP,PayPal,Consola,Lenta,LATAM,Pickup
VIP,PayPal,Consola,Lenta,EU,Economico
VIP,PayPal,Consola,Lenta,EU,Estandar
VIP,PayPal,Consola,Lenta,EU,Express
VIP,PayPal,Consola,Lenta,EU,Pickup
VIP,PayPal,Consola,Lenta,US,Economico
VIP,PayPal,Consola,Lenta,US,Estandar
VIP,PayPal,Consola,Lenta,US,Express
VIP,PayPal,Consola,Lenta,US,Pickup
VIP,PayPal,Consola,Lenta,APAC,Economico
VIP,PayPal,Consola,Lenta,APAC,Estandar
VIP,PayPal,Consola,Lenta,APAC,Express
VIP,PayPal,Consola,Lenta,APAC,Pickup
VIP,PayPal,Consola,Intermitente,LATAM,Economico
VIP,PayPal,Consola,Intermitente,LATAM,Estandar
VIP,PayPal,Consola,Intermitente,LATAM,Express
VIP,PayPal,Consola,Intermitente,LATAM,Pickup
VIP,PayPal,Consola,Intermitente,EU,Economico
VIP,PayPal,Consola,Intermitente,EU,Estandar
VIP,PayPal,Consola,Intermitente,EU,Express
VIP,PayPal,Consola,Intermitente,EU,Pickup
VIP,PayPal,Consola,Intermitente,US,Economico
VIP,PayPal,Consola,Intermitente,US,Estandar
VIP,PayPal,Consola,Intermitente,US,Express
VIP,PayPal,Consola,Intermitente,US,Pickup
VIP,PayPal,Consola,Intermitente,APAC,Economico
VIP,PayPal,Consola,Intermitente,APAC,Estandar
VIP,PayPal,Consola,Intermitente,APAC,Express
VIP,PayPal,Consola,Intermitente,APAC,Pickup
VIP,PayPal,Consola,SinConexion,LATAM,Economico
VIP,PayPal,Consola,SinConexion,LATAM,Estandar
VIP,PayPal,Consola,SinConexion,LATAM,Express
VIP,PayPal,Consola,SinConexion,LATAM,Pickup
VIP,PayPal,Consola,SinConexion,EU,Economico
VIP,PayPal,Consola,SinConexion,EU,Estandar
VIP,PayPal,Consola,SinConexion,EU,Express
VIP,PayPal,Consola,SinConexion,EU,Pickup
VIP,PayPal,Consola,SinConexion,US,Economico
VIP,PayPal,Consola,SinConexion,US,Estandar
VIP,PayPal,Consola,SinConexion,US,Express
VIP,PayPal,Consola,SinConexion,US,Pickup
VIP,PayPal,Consola,SinConexion,APAC,Economico
VIP,PayPal,Consola,SinConexion,APAC,Estandar
VIP,PayPal,Consola,SinConexion,APAC,Express
VIP,PayPal,Consola,SinConexion,APAC,Pickup
VIP,Transferencia,Movil,Buena,LATAM,Economico
VIP,Transferencia,Movil,Buena,LATAM,Estandar
VIP,Transferencia,Movil,Buena,LATAM,Express
VIP,Transferencia,Movil,Buena,LATAM,Pickup
VIP,Transferencia,Movil,Buena,EU,Economico
VIP,Transferencia,Movil,Buena,EU,Estandar
VIP,Transferencia,Movil,Buena,EU,Express
VIP,Transferencia,Movil,Buena,EU,Pickup
VIP,Transferencia,Movil,Buena,US,Economico
VIP,Transferencia,Movil,Buena,US,Estandar
VIP,Transferencia,Movil,Buena,US,Express
VIP,Transferencia,Movil,Buena,US,Pickup
VIP,Transferencia,Movil,Buena,APAC,Economico
VIP,Transferencia,Movil,Buena,APAC,Estandar
VIP,Transferencia,Movil,Buena,APAC,Express
VIP,Transferencia,Movil,Buena,APAC,Pickup
VIP,Transferencia,Movil,Media,LATAM,Economico
VIP,Transferencia,Movil,Media,LATAM,Estandar
VIP,Transferencia,Movil,Media,LATAM,Express
VIP,Transferencia,Movil,Media,LATAM,Pickup
VIP,Transferencia,Movil,Media,EU,Economico
VIP,Transferencia,Movil,Media,EU,Estandar
VIP,Transferencia,Movil,Media,EU,Express
VIP,Transferencia,Movil,Media,EU,Pickup
VIP,Transferencia,Movil,Media,US,Economico
VIP,Transferencia,Movil,Media,US,Estandar
VIP,Transferencia,Movil,Media,US,Express
VIP,Transferencia,Movil,Media,US,Pickup
VIP,Transferencia,Movil,Media,APAC,Economico
VIP,Transferencia,Movil,Media,APAC,Estandar
VIP,Transferencia,Movil,Media,APAC,Express
VIP,Transferencia,Movil,Media,APAC,Pickup
VIP,Transferencia,Movil,Lenta,LATAM,Economico
VIP,Transferencia,Movil,Lenta,LATAM,Estandar
VIP,Transferencia,Movil,Lenta,LATAM,Express
VIP,Transferencia,Movil,Lenta,LATAM,Pickup
VIP,Transferencia,Movil,Lenta,EU,Economico
VIP,Transferencia,Movil,Lenta,EU,Estandar
VIP,Transferencia,Movil,Lenta,EU,Express
VIP,Transferencia,Movil,Lenta,EU,Pickup
VIP,Transferencia,Movil,Lenta,US,Economico
VIP,Transferencia,Movil,Lenta,US,Estandar
VIP,Transferencia,Movil,Lenta,US,Express
VIP,Transferencia,Movil,Lenta,US,Pickup
VIP,Transferencia,Movil,Lenta,APAC,Economico
VIP,Transferencia,Movil,Lenta,APAC,Estandar
VIP,Transferencia,Movil,Lenta,APAC,Express
VIP,Transferencia,Movil,Lenta,APAC,Pickup
VIP,Transferencia,Movil,Intermitente,LATAM,Economico
VIP,Transferencia,Movil,Intermitente,LATAM,Estandar
VIP,Transferencia,Movil,Intermitente,LATAM,Express
VIP,Transferencia,Movil,Intermitente,LATAM,Pickup
VIP,Transferencia,Movil,Intermitente,EU,Economico
VIP,Transferencia,Movil,Intermitente,EU,Estandar
VIP,Transferencia,Movil,Intermitente,EU,Express
VIP,Transferencia,Movil,Intermitente,EU,Pickup
VIP,Transferencia,Movil,Intermitente,US,Economico
VIP,Transferencia,Movil,Intermitente,US,Estandar
VIP,Transferencia,Movil,Intermitente,US,Express
VIP,Transferencia,Movil,Intermitente,US,Pickup
VIP,Transferencia,Movil,Intermitente,APAC,Economico
VIP,Transferencia,Movil,Intermitente,APAC,Estandar
VIP,Transferencia,Movil,Intermitente,APAC,Express
VIP,Transferencia,Movil,Intermitente,APAC,Pickup
VIP,Transferencia,Movil,SinConexion,LATAM,Economico
VIP,Transferencia,Movil,SinConexion,LATAM,Estandar
VIP,Transferencia,Movil,SinConexion,LATAM,Express
VIP,Transferencia,Movil,SinConexion,LATAM,Pickup
VIP,Transferencia,Movil,SinConexion,EU,Economico
VIP,Transferencia,Movil,SinConexion,EU,Estandar
VIP,Transferencia,Movil,SinConexion,EU,Express
VIP,Transferencia,Movil,SinConexion,EU,Pickup
VIP,Transferencia,Movil,SinConexion,US,Economico
VIP,Transferencia,Movil,SinConexion,US,Estandar
VIP,Transferencia,Movil,SinConexion,US,Express
VIP,Transferencia,Movil,SinConexion,US,Pickup
VIP,Transferencia,Movil,SinConexion,APAC,Economico
VIP,Transferencia,Movil,SinConexion,APAC,Estandar
VIP,Transferencia,Movil,SinConexion,APAC,Express
VIP,Transferencia,Movil,SinConexion,APAC,Pickup
VIP,Transferencia,Desktop,Buena,LATAM,Economico
VIP,Transferencia,Desktop,Buena,LATAM,Estandar
VIP,Transferencia,Desktop,Buena,LATAM,Express
VIP,Transferencia,Desktop,Buena,LATAM,Pickup
VIP,Transferencia,Desktop,Buena,EU,Economico
VIP,Transferencia,Desktop,Buena,EU,Estandar
VIP,Transferencia,Desktop,Buena,EU,Express
VIP,Transferencia,Desktop,Buena,EU,Pickup
VIP,Transferencia,Desktop,Buena,US,Economico
VIP,Transferencia,Desktop,Buena,US,Estandar
VIP,Transferencia,Desktop,Buena,US,Express
VIP,Transferencia,Desktop,Buena,US,Pickup
VIP,Transferencia,Desktop,Buena,APAC,Economico
VIP,Transferencia,Desktop,Buena,APAC,Estandar
VIP,Transferencia,Desktop,Buena,APAC,Express
VIP,Transferencia,Desktop,Buena,APAC,Pickup
VIP,Transferencia,Desktop,Media,LATAM,Economico
VIP,Transferencia,Desktop,Media,LATAM,Estandar
VIP,Transferencia,Desktop,Media,LATAM,Express
VIP,Transferencia,Desktop,Media,LATAM,Pickup
VIP,Transferencia,Desktop,Media,EU,Economico
VIP,Transferencia,Desktop,Media,EU,Estandar
VIP,Transferencia,Desktop,Media,EU,Express
VIP,Transferencia,Desktop,Media,EU,Pickup
VIP,Transferencia,Desktop,Media,US,Economico
VIP,Transferencia,Desktop,Media,US,Estandar
VIP,Transferencia,Desktop,Media,US,Express
VIP,Transferencia,Desktop,Media,US,Pickup
VIP,Transferencia,Desktop,Media,APAC,Economico
VIP,Transferencia,Desktop,Media,APAC,Estandar
VIP,Transferencia,Desktop,Media,APAC,Express
VIP,Transferencia,Desktop,Media,APAC,Pickup
VIP,Transferencia,Desktop,Lenta,LATAM,Economico
VIP,Transferencia,Desktop,Lenta,LATAM,Estandar
VIP,Transferencia,Desktop,Lenta,LATAM,Express
VIP,Transferencia,Desktop,Lenta,LATAM,Pickup
VIP,Transferencia,Desktop,Lenta,EU,Economico
VIP,Transferencia,Desktop,Lenta,EU,Estandar
VIP,Transferencia,Desktop,Lenta,EU,Express
VIP,Transferencia,Desktop,Lenta,EU,Pickup
VIP,Transferencia,Desktop,Lenta,US,Economico
VIP,Transferencia,Desktop,Lenta,US,Estandar
VIP,Transferencia,Desktop,Lenta,US,Express
VIP,Transferencia,Desktop,Lenta,US,Pickup
VIP,Transferencia,Desktop,Lenta,APAC,Economico
VIP,Transferencia,Desktop,Lenta,APAC,Estandar
VIP,Transferencia,Desktop,Lenta,APAC,Express
VIP,Transferencia,Desktop,Lenta,APAC,Pickup
VIP,Transferencia,Desktop,Intermitente,LATAM,Economico
VIP,Transferencia,Desktop,Intermitente,LATAM,Estandar
VIP,Transferencia,Desktop,Intermitente,LATAM,Express
VIP,Transferencia,Desktop,Intermitente,LATAM,Pickup
VIP,Transferencia,Desktop,Intermitente,EU,Economico
VIP,Transferencia,Desktop,Intermitente,EU,Estandar
VIP,Transferencia,Desktop,Intermitente,EU,Express
VIP,Transferencia,Desktop,Intermitente,EU,Pickup
VIP,Transferencia,Desktop,Intermitente,US,Economico
VIP,Transferencia,Desktop,Intermitente,US,Estandar
VIP,Transferencia,Desktop,Intermitente,US,Express
VIP,Transferencia,Desktop,Intermitente,US,Pickup
VIP,Transferencia,Desktop,Intermitente,APAC,Economico
VIP,Transferencia,Desktop,Intermitente,APAC,Estandar
VIP,Transferencia,Desktop,Intermitente,APAC,Express
VIP,Transferencia,Desktop,Intermitente,APAC,Pickup
VIP,Transferencia,Desktop,SinConexion,LATAM,Economico
VIP,Transferencia,Desktop,SinConexion,LATAM,Estandar
VIP,Transferencia,Desktop,SinConexion,LATAM,Express
VIP,Transferencia,Desktop,SinConexion,LATAM,Pickup
VIP,Transferencia,Desktop,SinConexion,EU,Economico
VIP,Transferencia,Desktop,SinConexion,EU,Estandar
VIP,Transferencia,Desktop,SinConexion,EU,Express
VIP,Transferencia,Desktop,SinConexion,EU,Pickup
VIP,Transferencia,Desktop,SinConexion,US,Economico
VIP,Transferencia,Desktop,SinConexion,US,Estandar
VIP,Transferencia,Desktop,SinConexion,US,Express
VIP,Transferencia,Desktop,SinConexion,US,Pickup
VIP,Transferencia,Desktop,SinConexion,APAC,Economico
VIP,Transferencia,Desktop,SinConexion,APAC,Estandar
VIP,Transferencia,Desktop,SinConexion,APAC,Express
VIP,Transferencia,Desktop,SinConexion,APAC,Pickup
VIP,Transferencia,Tableta,Buena,LATAM,Economico
VIP,Transferencia,Tableta,Buena,LATAM,Estandar
VIP,Transferencia,Tableta,Buena,LATAM,Express
VIP,Transferencia,Tableta,Buena,LATAM,Pickup
VIP,Transferencia,Tableta,Buena,EU,Economico
VIP,Transferencia,Tableta,Buena,EU,Estandar
VIP,Transferencia,Tableta,Buena,EU,Express
VIP,Transferencia,Tableta,Buena,EU,Pickup
VIP,Transferencia,Tableta,Buena,US,Economico
VIP,Transferencia,Tableta,Buena,US,Estandar
VIP,Transferencia,Tableta,Buena,US,Express
VIP,Transferencia,Tableta,Buena,US,Pickup
VIP,Transferencia,Tableta,Buena,APAC,Economico
VIP,Transferencia,Tableta,Buena,APAC,Estandar
VIP,Transferencia,Tableta,Buena,APAC,Express
VIP,Transferencia,Tableta,Buena,APAC,Pickup
VIP,Transferencia,Tableta,Media,LATAM,Economico
VIP,Transferencia,Tableta,Media,LATAM,Estandar
VIP,Transferencia,Tableta,Media,LATAM,Express
VIP,Transferencia,Tableta,Media,LATAM,Pickup
VIP,Transferencia,Tableta,Media,EU,Economico
VIP,Transferencia,Tableta,Media,EU,Estandar
VIP,Transferencia,Tableta,Media,EU,Express
VIP,Transferencia,Tableta,Media,EU,Pickup
VIP,Transferencia,Tableta,Media,US,Economico
VIP,Transferencia,Tableta,Media,US,Estandar
VIP,Transferencia,Tableta,Media,US,Express
VIP,Transferencia,Tableta,Media,US,Pickup
VIP,Transferencia,Tableta,Media,APAC,Economico
VIP,Transferencia,Tableta,Media,APAC,Estandar
VIP,Transferencia,Tableta,Media,APAC,Express
VIP,Transferencia,Tableta,Media,APAC,Pickup
VIP,Transferencia,Tableta,Lenta,LATAM,Economico
VIP,Transferencia,Tableta,Lenta,LATAM,Estandar
VIP,Transferencia,Tableta,Lenta,LATAM,Express
VIP,Transferencia,Tableta,Lenta,LATAM,Pickup
VIP,Transferencia,Tableta,Lenta,EU,Economico
VIP,Transferencia,Tableta,Lenta,EU,Estandar
VIP,Transferencia,Tableta,Lenta,EU,Express
VIP,Transferencia,Tableta,Lenta,EU,Pickup
VIP,Transferencia,Tableta,Lenta,US,Economico
VIP,Transferencia,Tableta,Lenta,US,Estandar
VIP,Transferencia,Tableta,Lenta,US,Express
VIP,Transferencia,Tableta,Lenta,US,Pickup
VIP,Transferencia,Tableta,Lenta,APAC,Economico
VIP,Transferencia,Tableta,Lenta,APAC,Estandar
VIP,Transferencia,Tableta,Lenta,APAC,Express
VIP,Transferencia,Tableta,Lenta,APAC,Pickup
VIP,Transferencia,Tableta,Intermitente,LATAM,Economico
VIP,Transferencia,Tableta,Intermitente,LATAM,Estandar
VIP,Transferencia,Tableta,Intermitente,LATAM,Express
VIP,Transferencia,Tableta,Intermitente,LATAM,Pickup
VIP,Transferencia,Tableta,Intermitente,EU,Economico
VIP,Transferencia,Tableta,Intermitente,EU,Estandar
VIP,Transferencia,Tableta,Intermitente,EU,Express
VIP,Transferencia,Tableta,Intermitente,EU,Pickup
VIP,Transferencia,Tableta,Intermitente,US,Economico
VIP,Transferencia,Tableta,Intermitente,US,Estandar
VIP,Transferencia,Tableta,Intermitente,US,Express
VIP,Transferencia,Tableta,Intermitente,US,Pickup
VIP,Transferencia,Tableta,Intermitente,APAC,Economico
VIP,Transferencia,Tableta,Intermitente,APAC,Estandar
VIP,Transferencia,Tableta,Intermitente,APAC,Express
VIP,Transferencia,Tableta,Intermitente,APAC,Pickup
VIP,Transferencia,Tableta,SinConexion,LATAM,Economico
VIP,Transferencia,Tableta,SinConexion,LATAM,Estandar
VIP,Transferencia,Tableta,SinConexion,LATAM,Express
VIP,Transferencia,Tableta,SinConexion,LATAM,Pickup
VIP,Transferencia,Tableta,SinConexion,EU,Economico
VIP,Transferencia,Tableta,SinConexion,EU,Estandar
VIP,Transferencia,Tableta,SinConexion,EU,Express
VIP,Transferencia,Tableta,SinConexion,EU,Pickup
VIP,Transferencia,Tableta,SinConexion,US,Economico
VIP,Transferencia,Tableta,SinConexion,US,Estandar
VIP,Transferencia,Tableta,SinConexion,US,Express
VIP,Transferencia,Tableta,SinConexion,US,Pickup
VIP,Transferencia,Tableta,SinConexion,APAC,Economico
VIP,Transferencia,Tableta,SinConexion,APAC,Estandar
VIP,Transferencia,Tableta,SinConexion,APAC,Express
VIP,Transferencia,Tableta,SinConexion,APAC,Pickup
VIP,Transferencia,SmartTV,Buena,LATAM,Economico
VIP,Transferencia,SmartTV,Buena,LATAM,Estandar
VIP,Transferencia,SmartTV,Buena,LATAM,Express
VIP,Transferencia,SmartTV,Buena,LATAM,Pickup
VIP,Transferencia,SmartTV,Buena,EU,Economico
VIP,Transferencia,SmartTV,Buena,EU,Estandar
VIP,Transferencia,SmartTV,Buena,EU,Express
VIP,Transferencia,SmartTV,Buena,EU,Pickup
VIP,Transferencia,SmartTV,Buena,US,Economico
VIP,Transferencia,SmartTV,Buena,US,Estandar
VIP,Transferencia,SmartTV,Buena,US,Express
VIP,Transferencia,SmartTV,Buena,US,Pickup
VIP,Transferencia,SmartTV,Buena,APAC,Economico
VIP,Transferencia,SmartTV,Buena,APAC,Estandar
VIP,Transferencia,SmartTV,Buena,APAC,Express
VIP,Transferencia,SmartTV,Buena,APAC,Pickup
VIP,Transferencia,SmartTV,Media,LATAM,Economico
VIP,Transferencia,SmartTV,Media,LATAM,Estandar
VIP,Transferencia,SmartTV,Media,LATAM,Express
VIP,Transferencia,SmartTV,Media,LATAM,Pickup
VIP,Transferencia,SmartTV,Media,EU,Economico
VIP,Transferencia,SmartTV,Media,EU,Estandar
VIP,Transferencia,SmartTV,Media,EU,Express
VIP,Transferencia,SmartTV,Media,EU,Pickup
VIP,Transferencia,SmartTV,Media,US,Economico
VIP,Transferencia,SmartTV,Media,US,Estandar
VIP,Transferencia,SmartTV,Media,US,Express
VIP,Transferencia,SmartTV,Media,US,Pickup
VIP,Transferencia,SmartTV,Media,APAC,Economico
VIP,Transferencia,SmartTV,Media,APAC,Estandar
VIP,Transferencia,SmartTV,Media,APAC,Express
VIP,Transferencia,SmartTV,Media,APAC,Pickup
VIP,Transferencia,SmartTV,Lenta,LATAM,Economico
VIP,Transferencia,SmartTV,Lenta,LATAM,Estandar
VIP,Transferencia,SmartTV,Lenta,LATAM,Express
VIP,Transferencia,SmartTV,Lenta,LATAM,Pickup
VIP,Transferencia,SmartTV,Lenta,EU,Economico
VIP,Transferencia,SmartTV,Lenta,EU,Estandar
VIP,Transferencia,SmartTV,Lenta,EU,Express
VIP,Transferencia,SmartTV,Lenta,EU,Pickup
VIP,Transferencia,SmartTV,Lenta,US,Economico
VIP,Transferencia,SmartTV,Lenta,US,Estandar
VIP,Transferencia,SmartTV,Lenta,US,Express
VIP,Transferencia,SmartTV,Lenta,US,Pickup
VIP,Transferencia,SmartTV,Lenta,APAC,Economico
VIP,Transferencia,SmartTV,Lenta,APAC,Estandar
VIP,Transferencia,SmartTV,Lenta,APAC,Express
VIP,Transferencia,SmartTV,Lenta,APAC,Pickup
VIP,Transferencia,SmartTV,Intermitente,LATAM,Economico
VIP,Transferencia,SmartTV,Intermitente,LATAM,Estandar
VIP,Transferencia,SmartTV,Intermitente,LATAM,Express
VIP,Transferencia,SmartTV,Intermitente,LATAM,Pickup
VIP,Transferencia,SmartTV,Intermitente,EU,Economico
VIP,Transferencia,SmartTV,Intermitente,EU,Estandar
VIP,Transferencia,SmartTV,Intermitente,EU,Express
VIP,Transferencia,SmartTV,Intermitente,EU,Pickup
VIP,Transferencia,SmartTV,Intermitente,US,Economico
VIP,Transferencia,SmartTV,Intermitente,US,Estandar
VIP,Transferencia,SmartTV,Intermitente,US,Express
VIP,Transferencia,SmartTV,Intermitente,US,Pickup
VIP,Transferencia,SmartTV,Intermitente,APAC,Economico
VIP,Transferencia,SmartTV,Intermitente,APAC,Estandar
VIP,Transferencia,SmartTV,Intermitente,APAC,Express
VIP,Transferencia,SmartTV,Intermitente,APAC,Pickup
VIP,Transferencia,SmartTV,SinConexion,LATAM,Economico
VIP,Transferencia,SmartTV,SinConexion,LATAM,Estandar
VIP,Transferencia,SmartTV,SinConexion,LATAM,Express
VIP,Transferencia,SmartTV,SinConexion,LATAM,Pickup
VIP,Transferencia,SmartTV,SinConexion,EU,Economico
VIP,Transferencia,SmartTV,SinConexion,EU,Estandar
VIP,Transferencia,SmartTV,SinConexion,EU,Express
VIP,Transferencia,SmartTV,SinConexion,EU,Pickup
VIP,Transferencia,SmartTV,SinConexion,US,Economico
VIP,Transferencia,SmartTV,SinConexion,US,Estandar
VIP,Transferencia,SmartTV,SinConexion,US,Express
VIP,Transferencia,SmartTV,SinConexion,US,Pickup
VIP,Transferencia,SmartTV,SinConexion,APAC,Economico
VIP,Transferencia,SmartTV,SinConexion,APAC,Estandar
VIP,Transferencia,SmartTV,SinConexion,APAC,Express
VIP,Transferencia,SmartTV,SinConexion,APAC,Pickup
VIP,Transferencia,Consola,Buena,LATAM,Economico
VIP,Transferencia,Consola,Buena,LATAM,Estandar
VIP,Transferencia,Consola,Buena,LATAM,Express
VIP,Transferencia,Consola,Buena,LATAM,Pickup
VIP,Transferencia,Consola,Buena,EU,Economico
VIP,Transferencia,Consola,Buena,EU,Estandar
VIP,Transferencia,Consola,Buena,EU,Express
VIP,Transferencia,Consola,Buena,EU,Pickup
VIP,Transferencia,Consola,Buena,US,Economico
VIP,Transferencia,Consola,Buena,US,Estandar
VIP,Transferencia,Consola,Buena,US,Express
VIP,Transferencia,Consola,Buena,US,Pickup
VIP,Transferencia,Consola,Buena,APAC,Economico
VIP,Transferencia,Consola,Buena,APAC,Estandar
VIP,Transferencia,Consola,Buena,APAC,Express
VIP,Transferencia,Consola,Buena,APAC,Pickup
VIP,Transferencia,Consola,Media,LATAM,Economico
VIP,Transferencia,Consola,Media,LATAM,Estandar
VIP,Transferencia,Consola,Media,LATAM,Express
VIP,Transferencia,Consola,Media,LATAM,Pickup
VIP,Transferencia,Consola,Media,EU,Economico
VIP,Transferencia,Consola,Media,EU,Estandar
VIP,Transferencia,Consola,Media,EU,Express
VIP,Transferencia,Consola,Media,EU,Pickup
VIP,Transferencia,Consola,Media,US,Economico
VIP,Transferencia,Consola,Media,US,Estandar
VIP,Transferencia,Consola,Media,US,Express
VIP,Transferencia,Consola,Media,US,Pickup
VIP,Transferencia,Consola,Media,APAC,Economico
VIP,Transferencia,Consola,Media,APAC,Estandar
VIP,Transferencia,Consola,Media,APAC,Express
VIP,Transferencia,Consola,Media,APAC,Pickup
VIP,Transferencia,Consola,Lenta,LATAM,Economico
VIP,Transferencia,Consola,Lenta,LATAM,Estandar
VIP,Transferencia,Consola,Lenta,LATAM,Express
VIP,Transferencia,Consola,Lenta,LATAM,Pickup
VIP,Transferencia,Consola,Lenta,EU,Economico
VIP,Transferencia,Consola,Lenta,EU,Estandar
VIP,Transferencia,Consola,Lenta,EU,Express
VIP,Transferencia,Consola,Lenta,EU,Pickup
VIP,Transferencia,Consola,Lenta,US,Economico
VIP,Transferencia,Consola,Lenta,US,Estandar
VIP,Transferencia,Consola,Lenta,US,Express
VIP,Transferencia,Consola,Lenta,US,Pickup
VIP,Transferencia,Consola,Lenta,APAC,Economico
VIP,Transferencia,Consola,Lenta,APAC,Estandar
VIP,Transferencia,Consola,Lenta,APAC,Express
VIP,Transferencia,Consola,Lenta,APAC,Pickup
VIP,Transferencia,Consola,Intermitente,LATAM,Economico
VIP,Transferencia,Consola,Intermitente,LATAM,Estandar
VIP,Transferencia,Consola,Intermitente,LATAM,Express
VIP,Transferencia,Consola,Intermitente,LATAM,Pickup
VIP,Transferencia,Consola,Intermitente,EU,Economico
VIP,Transferencia,Consola,Intermitente,EU,Estandar
VIP,Transferencia,Consola,Intermitente,EU,Express
VIP,Transferencia,Consola,Intermitente,EU,Pickup
VIP,Transferencia,Consola,Intermitente,US,Economico
VIP,Transferencia,Consola,Intermitente,US,Estandar
VIP,Transferencia,Consola,Intermitente,US,Express
VIP,Transferencia,Consola,Intermitente,US,Pickup
VIP,Transferencia,Consola,Intermitente,APAC,Economico
VIP,Transferencia,Consola,Intermitente,APAC,Estandar
VIP,Transferencia,Consola,Intermitente,APAC,Express
VIP,Transferencia,Consola,Intermitente,APAC,Pickup
VIP,Transferencia,Consola,SinConexion,LATAM,Economico
VIP,Transferencia,Consola,SinConexion,LATAM,Estandar
VIP,Transferencia,Consola,SinConexion,LATAM,Express
VIP,Transferencia,Consola,SinConexion,LATAM,Pickup
VIP,Transferencia,Consola,SinConexion,EU,Economico
VIP,Transferencia,Consola,SinConexion,EU,Estandar
VIP,Transferencia,Consola,SinConexion,EU,Express
VIP,Transferencia,Consola,SinConexion,EU,Pickup
VIP,Transferencia,Consola,SinConexion,US,Economico
VIP,Transferencia,Consola,SinConexion,US,Estandar
VIP,Transferencia,Consola,SinConexion,US,Express
VIP,Transferencia,Consola,SinConexion,US,Pickup
VIP,Transferencia,Consola,SinConexion,APAC,Economico
VIP,Transferencia,Consola,SinConexion,APAC,Estandar
VIP,Transferencia,Consola,SinConexion,APAC,Express
VIP,Transferencia,Consola,SinConexion,APAC,Pickup
VIP,Contraentrega,Movil,Buena,LATAM,Economico
VIP,Contraentrega,Movil,Buena,LATAM,Estandar
VIP,Contraentrega,Movil,Buena,LATAM,Express
VIP,Contraentrega,Movil,Buena,LATAM,Pickup
VIP,Contraentrega,Movil,Buena,EU,Economico
VIP,Contraentrega,Movil,Buena,EU,Estandar
VIP,Contraentrega,Movil,Buena,EU,Express
VIP,Contraentrega,Movil,Buena,EU,Pickup
VIP,Contraentrega,Movil,Buena,US,Economico
VIP,Contraentrega,Movil,Buena,US,Estandar
VIP,Contraentrega,Movil,Buena,US,Express
VIP,Contraentrega,Movil,Buena,US,Pickup
VIP,Contraentrega,Movil,Buena,APAC,Economico
VIP,Contraentrega,Movil,Buena,APAC,Estandar
VIP,Contraentrega,Movil,Buena,APAC,Express
VIP,Contraentrega,Movil,Buena,APAC,Pickup
VIP,Contraentrega,Movil,Media,LATAM,Economico
VIP,Contraentrega,Movil,Media,LATAM,Estandar
VIP,Contraentrega,Movil,Media,LATAM,Express
VIP,Contraentrega,Movil,Media,LATAM,Pickup
VIP,Contraentrega,Movil,Media,EU,Economico
VIP,Contraentrega,Movil,Media,EU,Estandar
VIP,Contraentrega,Movil,Media,EU,Express
VIP,Contraentrega,Movil,Media,EU,Pickup
VIP,Contraentrega,Movil,Media,US,Economico
VIP,Contraentrega,Movil,Media,US,Estandar
VIP,Contraentrega,Movil,Media,US,Express
VIP,Contraentrega,Movil,Media,US,Pickup
VIP,Contraentrega,Movil,Media,APAC,Economico
VIP,Contraentrega,Movil,Media,APAC,Estandar
VIP,Contraentrega,Movil,Media,APAC,Express
VIP,Contraentrega,Movil,Media,APAC,Pickup
VIP,Contraentrega,Movil,Lenta,LATAM,Economico
VIP,Contraentrega,Movil,Lenta,LATAM,Estandar
VIP,Contraentrega,Movil,Lenta,LATAM,Express
VIP,Contraentrega,Movil,Lenta,LATAM,Pickup
VIP,Contraentrega,Movil,Lenta,EU,Economico
VIP,Contraentrega,Movil,Lenta,EU,Estandar
VIP,Contraentrega,Movil,Lenta,EU,Express
VIP,Contraentrega,Movil,Lenta,EU,Pickup
VIP,Contraentrega,Movil,Lenta,US,Economico
VIP,Contraentrega,Movil,Lenta,US,Estandar
VIP,Contraentrega,Movil,Lenta,US,Express
VIP,Contraentrega,Movil,Lenta,US,Pickup
VIP,Contraentrega,Movil,Lenta,APAC,Economico
VIP,Contraentrega,Movil,Lenta,APAC,Estandar
VIP,Contraentrega,Movil,Lenta,APAC,Express
VIP,Contraentrega,Movil,Lenta,APAC,Pickup
VIP,Contraentrega,Movil,Intermitente,LATAM,Economico
VIP,Contraentrega,Movil,Intermitente,LATAM,Estandar
VIP,Contraentrega,Movil,Intermitente,LATAM,Express
VIP,Contraentrega,Movil,Intermitente,LATAM,Pickup
VIP,Contraentrega,Movil,Intermitente,EU,Economico
VIP,Contraentrega,Movil,Intermitente,EU,Estandar
VIP,Contraentrega,Movil,Intermitente,EU,Express
VIP,Contraentrega,Movil,Intermitente,EU,Pickup
VIP,Contraentrega,Movil,Intermitente,US,Economico
VIP,Contraentrega,Movil,Intermitente,US,Estandar
VIP,Contraentrega,Movil,Intermitente,US,Express
VIP,Contraentrega,Movil,Intermitente,US,Pickup
VIP,Contraentrega,Movil,Intermitente,APAC,Economico
VIP,Contraentrega,Movil,Intermitente,APAC,Estandar
VIP,Contraentrega,Movil,Intermitente,APAC,Express
VIP,Contraentrega,Movil,Intermitente,APAC,Pickup
VIP,Contraentrega,Movil,SinConexion,LATAM,Economico
VIP,Contraentrega,Movil,SinConexion,LATAM,Estandar
VIP,Contraentrega,Movil,SinConexion,LATAM,Express
VIP,Contraentrega,Movil,SinConexion,LATAM,Pickup
VIP,Contraentrega,Movil,SinConexion,EU,Economico
VIP,Contraentrega,Movil,SinConexion,EU,Estandar
VIP,Contraentrega,Movil,SinConexion,EU,Express
VIP,Contraentrega,Movil,SinConexion,EU,Pickup
VIP,Contraentrega,Movil,SinConexion,US,Economico
VIP,Contraentrega,Movil,SinConexion,US,Estandar
VIP,Contraentrega,Movil,SinConexion,US,Express
VIP,Contraentrega,Movil,SinConexion,US,Pickup
VIP,Contraentrega,Movil,SinConexion,APAC,Economico
VIP,Contraentrega,Movil,SinConexion,APAC,Estandar
VIP,Contraentrega,Movil,SinConexion,APAC,Express
VIP,Contraentrega,Movil,SinConexion,APAC,Pickup
VIP,Contraentrega,Desktop,Buena,LATAM,Economico
VIP,Contraentrega,Desktop,Buena,LATAM,Estandar
VIP,Contraentrega,Desktop,Buena,LATAM,Express
VIP,Contraentrega,Desktop,Buena,LATAM,Pickup
VIP,Contraentrega,Desktop,Buena,EU,Economico
VIP,Contraentrega,Desktop,Buena,EU,Estandar
VIP,Contraentrega,Desktop,Buena,EU,Express
VIP,Contraentrega,Desktop,Buena,EU,Pickup
VIP,Contraentrega,Desktop,Buena,US,Economico
VIP,Contraentrega,Desktop,Buena,US,Estandar
VIP,Contraentrega,Desktop,Buena,US,Express
VIP,Contraentrega,Desktop,Buena,US,Pickup
VIP,Contraentrega,Desktop,Buena,APAC,Economico
VIP,Contraentrega,Desktop,Buena,APAC,Estandar
VIP,Contraentrega,Desktop,Buena,APAC,Express
VIP,Contraentrega,Desktop,Buena,APAC,Pickup
VIP,Contraentrega,Desktop,Media,LATAM,Economico
VIP,Contraentrega,Desktop,Media,LATAM,Estandar
VIP,Contraentrega,Desktop,Media,LATAM,Express
VIP,Contraentrega,Desktop,Media,LATAM,Pickup
VIP,Contraentrega,Desktop,Media,EU,Economico
VIP,Contraentrega,Desktop,Media,EU,Estandar
VIP,Contraentrega,Desktop,Media,EU,Express
VIP,Contraentrega,Desktop,Media,EU,Pickup
VIP,Contraentrega,Desktop,Media,US,Economico
VIP,Contraentrega,Desktop,Media,US,Estandar
VIP,Contraentrega,Desktop,Media,US,Express
VIP,Contraentrega,Desktop,Media,US,Pickup
VIP,Contraentrega,Desktop,Media,APAC,Economico
VIP,Contraentrega,Desktop,Media,APAC,Estandar
VIP,Contraentrega,Desktop,Media,APAC,Express
VIP,Contraentrega,Desktop,Media,APAC,Pickup
VIP,Contraentrega,Desktop,Lenta,LATAM,Economico
VIP,Contraentrega,Desktop,Lenta,LATAM,Estandar
VIP,Contraentrega,Desktop,Lenta,LATAM,Express
VIP,Contraentrega,Desktop,Lenta,LATAM,Pickup
VIP,Contraentrega,Desktop,Lenta,EU,Economico
VIP,Contraentrega,Desktop,Lenta,EU,Estandar
VIP,Contraentrega,Desktop,Lenta,EU,Express
VIP,Contraentrega,Desktop,Lenta,EU,Pickup
VIP,Contraentrega,Desktop,Lenta,US,Economico
VIP,Contraentrega,Desktop,Lenta,US,Estandar
VIP,Contraentrega,Desktop,Lenta,US,Express
VIP,Contraentrega,Desktop,Lenta,US,Pickup
VIP,Contraentrega,Desktop,Lenta,APAC,Economico
VIP,Contraentrega,Desktop,Lenta,APAC,Estandar
VIP,Contraentrega,Desktop,Lenta,APAC,Express
VIP,Contraentrega,Desktop,Lenta,APAC,Pickup
VIP,Contraentrega,Desktop,Intermitente,LATAM,Economico
VIP,Contraentrega,Desktop,Intermitente,LATAM,Estandar
VIP,Contraentrega,Desktop,Intermitente,LATAM,Express
VIP,Contraentrega,Desktop,Intermitente,LATAM,Pickup
VIP,Contraentrega,Desktop,Intermitente,EU,Economico
VIP,Contraentrega,Desktop,Intermitente,EU,Estandar
VIP,Contraentrega,Desktop,Intermitente,EU,Express
VIP,Contraentrega,Desktop,Intermitente,EU,Pickup
VIP,Contraentrega,Desktop,Intermitente,US,Economico
VIP,Contraentrega,Desktop,Intermitente,US,Estandar
VIP,Contraentrega,Desktop,Intermitente,US,Express
VIP,Contraentrega,Desktop,Intermitente,US,Pickup
VIP,Contraentrega,Desktop,Intermitente,APAC,Economico
VIP,Contraentrega,Desktop,Intermitente,APAC,Estandar
VIP,Contraentrega,Desktop,Intermitente,APAC,Express
VIP,Contraentrega,Desktop,Intermitente,APAC,Pickup
VIP,Contraentrega,Desktop,SinConexion,LATAM,Economico
VIP,Contraentrega,Desktop,SinConexion,LATAM,Estandar
VIP,Contraentrega,Desktop,SinConexion,LATAM,Express
VIP,Contraentrega,Desktop,SinConexion,LATAM,Pickup
VIP,Contraentrega,Desktop,SinConexion,EU,Economico
VIP,Contraentrega,Desktop,SinConexion,EU,Estandar
VIP,Contraentrega,Desktop,SinConexion,EU,Express
VIP,Contraentrega,Desktop,SinConexion,EU,Pickup
VIP,Contraentrega,Desktop,SinConexion,US,Economico
VIP,Contraentrega,Desktop,SinConexion,US,Estandar
VIP,Contraentrega,Desktop,SinConexion,US,Express
VIP,Contraentrega,Desktop,SinConexion,US,Pickup
VIP,Contraentrega,Desktop,SinConexion,APAC,Economico
VIP,Contraentrega,Desktop,SinConexion,APAC,Estandar
VIP,Contraentrega,Desktop,SinConexion,APAC,Express
VIP,Contraentrega,Desktop,SinConexion,APAC,Pickup
VIP,Contraentrega,Tableta,Buena,LATAM,Economico
VIP,Contraentrega,Tableta,Buena,LATAM,Estandar
VIP,Contraentrega,Tableta,Buena,LATAM,Express
VIP,Contraentrega,Tableta,Buena,LATAM,Pickup
VIP,Contraentrega,Tableta,Buena,EU,Economico
VIP,Contraentrega,Tableta,Buena,EU,Estandar
VIP,Contraentrega,Tableta,Buena,EU,Express
VIP,Contraentrega,Tableta,Buena,EU,Pickup
VIP,Contraentrega,Tableta,Buena,US,Economico
VIP,Contraentrega,Tableta,Buena,US,Estandar
VIP,Contraentrega,Tableta,Buena,US,Express
VIP,Contraentrega,Tableta,Buena,US,Pickup
VIP,Contraentrega,Tableta,Buena,APAC,Economico
VIP,Contraentrega,Tableta,Buena,APAC,Estandar
VIP,Contraentrega,Tableta,Buena,APAC,Express
VIP,Contraentrega,Tableta,Buena,APAC,Pickup
VIP,Contraentrega,Tableta,Media,LATAM,Economico
VIP,Contraentrega,Tableta,Media,LATAM,Estandar
VIP,Contraentrega,Tableta,Media,LATAM,Express
VIP,Contraentrega,Tableta,Media,LATAM,Pickup
VIP,Contraentrega,Tableta,Media,EU,Economico
VIP,Contraentrega,Tableta,Media,EU,Estandar
VIP,Contraentrega,Tableta,Media,EU,Express
VIP,Contraentrega,Tableta,Media,EU,Pickup
VIP,Contraentrega,Tableta,Media,US,Economico
VIP,Contraentrega,Tableta,Media,US,Estandar
VIP,Contraentrega,Tableta,Media,US,Express
VIP,Contraentrega,Tableta,Media,US,Pickup
VIP,Contraentrega,Tableta,Media,APAC,Economico
VIP,Contraentrega,Tableta,Media,APAC,Estandar
VIP,Contraentrega,Tableta,Media,APAC,Express
VIP,Contraentrega,Tableta,Media,APAC,Pickup
VIP,Contraentrega,Tableta,Lenta,LATAM,Economico
VIP,Contraentrega,Tableta,Lenta,LATAM,Estandar
VIP,Contraentrega,Tableta,Lenta,LATAM,Express
VIP,Contraentrega,Tableta,Lenta,LATAM,Pickup
VIP,Contraentrega,Tableta,Lenta,EU,Economico
VIP,Contraentrega,Tableta,Lenta,EU,Estandar
VIP,Contraentrega,Tableta,Lenta,EU,Express
VIP,Contraentrega,Tableta,Lenta,EU,Pickup
VIP,Contraentrega,Tableta,Lenta,US,Economico
VIP,Contraentrega,Tableta,Lenta,US,Estandar
VIP,Contraentrega,Tableta,Lenta,US,Express
VIP,Contraentrega,Tableta,Lenta,US,Pickup
VIP,Contraentrega,Tableta,Lenta,APAC,Economico
VIP,Contraentrega,Tableta,Lenta,APAC,Estandar
VIP,Contraentrega,Tableta,Lenta,APAC,Express
VIP,Contraentrega,Tableta,Lenta,APAC,Pickup
VIP,Contraentrega,Tableta,Intermitente,LATAM,Economico
VIP,Contraentrega,Tableta,Intermitente,LATAM,Estandar
VIP,Contraentrega,Tableta,Intermitente,LATAM,Express
VIP,Contraentrega,Tableta,Intermitente,LATAM,Pickup
VIP,Contraentrega,Tableta,Intermitente,EU,Economico
VIP,Contraentrega,Tableta,Intermitente,EU,Estandar
VIP,Contraentrega,Tableta,Intermitente,EU,Express
VIP,Contraentrega,Tableta,Intermitente,EU,Pickup
VIP,Contraentrega,Tableta,Intermitente,US,Economico
VIP,Contraentrega,Tableta,Intermitente,US,Estandar
VIP,Contraentrega,Tableta,Intermitente,US,Express
VIP,Contraentrega,Tableta,Intermitente,US,Pickup
VIP,Contraentrega,Tableta,Intermitente,APAC,Economico
VIP,Contraentrega,Tableta,Intermitente,APAC,Estandar
VIP,Contraentrega,Tableta,Intermitente,APAC,Express
VIP,Contraentrega,Tableta,Intermitente,APAC,Pickup
VIP,Contraentrega,Tableta,SinConexion,LATAM,Economico
VIP,Contraentrega,Tableta,SinConexion,LATAM,Estandar
VIP,Contraentrega,Tableta,SinConexion,LATAM,Express
VIP,Contraentrega,Tableta,SinConexion,LATAM,Pickup
VIP,Contraentrega,Tableta,SinConexion,EU,Economico
VIP,Contraentrega,Tableta,SinConexion,EU,Estandar
VIP,Contraentrega,Tableta,SinConexion,EU,Express
VIP,Contraentrega,Tableta,SinConexion,EU,Pickup
VIP,Contraentrega,Tableta,SinConexion,US,Economico
VIP,Contraentrega,Tableta,SinConexion,US,Estandar
VIP,Contraentrega,Tableta,SinConexion,US,Express
VIP,Contraentrega,Tableta,SinConexion,US,Pickup
VIP,Contraentrega,Tableta,SinConexion,APAC,Economico
VIP,Contraentrega,Tableta,SinConexion,APAC,Estandar
VIP,Contraentrega,Tableta,SinConexion,APAC,Express
VIP,Contraentrega,Tableta,SinConexion,APAC,Pickup
VIP,Contraentrega,SmartTV,Buena,LATAM,Economico
VIP,Contraentrega,SmartTV,Buena,LATAM,Estandar
VIP,Contraentrega,SmartTV,Buena,LATAM,Express
VIP,Contraentrega,SmartTV,Buena,LATAM,Pickup
VIP,Contraentrega,SmartTV,Buena,EU,Economico
VIP,Contraentrega,SmartTV,Buena,EU,Estandar
VIP,Contraentrega,SmartTV,Buena,EU,Express
VIP,Contraentrega,SmartTV,Buena,EU,Pickup
VIP,Contraentrega,SmartTV,Buena,US,Economico
VIP,Contraentrega,SmartTV,Buena,US,Estandar
VIP,Contraentrega,SmartTV,Buena,US,Express
VIP,Contraentrega,SmartTV,Buena,US,Pickup
VIP,Contraentrega,SmartTV,Buena,APAC,Economico
VIP,Contraentrega,SmartTV,Buena,APAC,Estandar
VIP,Contraentrega,SmartTV,Buena,APAC,Express
VIP,Contraentrega,SmartTV,Buena,APAC,Pickup
VIP,Contraentrega,SmartTV,Media,LATAM,Economico
VIP,Contraentrega,SmartTV,Media,LATAM,Estandar
VIP,Contraentrega,SmartTV,Media,LATAM,Express
VIP,Contraentrega,SmartTV,Media,LATAM,Pickup
VIP,Contraentrega,SmartTV,Media,EU,Economico
VIP,Contraentrega,SmartTV,Media,EU,Estandar
VIP,Contraentrega,SmartTV,Media,EU,Express
VIP,Contraentrega,SmartTV,Media,EU,Pickup
VIP,Contraentrega,SmartTV,Media,US,Economico
VIP,Contraentrega,SmartTV,Media,US,Estandar
VIP,Contraentrega,SmartTV,Media,US,Express
VIP,Contraentrega,SmartTV,Media,US,Pickup
VIP,Contraentrega,SmartTV,Media,APAC,Economico
VIP,Contraentrega,SmartTV,Media,APAC,Estandar
VIP,Contraentrega,SmartTV,Media,APAC,Express
VIP,Contraentrega,SmartTV,Media,APAC,Pickup
VIP,Contraentrega,SmartTV,Lenta,LATAM,Economico
VIP,Contraentrega,SmartTV,Lenta,LATAM,Estandar
VIP,Contraentrega,SmartTV,Lenta,LATAM,Express
VIP,Contraentrega,SmartTV,Lenta,LATAM,Pickup
VIP,Contraentrega,SmartTV,Lenta,EU,Economico
VIP,Contraentrega,SmartTV,Lenta,EU,Estandar
VIP,Contraentrega,SmartTV,Lenta,EU,Express
VIP,Contraentrega,SmartTV,Lenta,EU,Pickup
VIP,Contraentrega,SmartTV,Lenta,US,Economico
VIP,Contraentrega,SmartTV,Lenta,US,Estandar
VIP,Contraentrega,SmartTV,Lenta,US,Express
VIP,Contraentrega,SmartTV,Lenta,US,Pickup
VIP,Contraentrega,SmartTV,Lenta,APAC,Economico
VIP,Contraentrega,SmartTV,Lenta,APAC,Estandar
VIP,Contraentrega,SmartTV,Lenta,APAC,Express
VIP,Contraentrega,SmartTV,Lenta,APAC,Pickup
VIP,Contraentrega,SmartTV,Intermitente,LATAM,Economico
VIP,Contraentrega,SmartTV,Intermitente,LATAM,Estandar
VIP,Contraentrega,SmartTV,Intermitente,LATAM,Express
VIP,Contraentrega,SmartTV,Intermitente,LATAM,Pickup
VIP,Contraentrega,SmartTV,Intermitente,EU,Economico
VIP,Contraentrega,SmartTV,Intermitente,EU,Estandar
VIP,Contraentrega,SmartTV,Intermitente,EU,Express
VIP,Contraentrega,SmartTV,Intermitente,EU,Pickup
VIP,Contraentrega,SmartTV,Intermitente,US,Economico
VIP,Contraentrega,SmartTV,Intermitente,US,Estandar
VIP,Contraentrega,SmartTV,Intermitente,US,Express
VIP,Contraentrega,SmartTV,Intermitente,US,Pickup
VIP,Contraentrega,SmartTV,Intermitente,APAC,Economico
VIP,Contraentrega,SmartTV,Intermitente,APAC,Estandar
VIP,Contraentrega,SmartTV,Intermitente,APAC,Express
VIP,Contraentrega,SmartTV,Intermitente,APAC,Pickup
VIP,Contraentrega,SmartTV,SinConexion,LATAM,Economico
VIP,Contraentrega,SmartTV,SinConexion,LATAM,Estandar
VIP,Contraentrega,SmartTV,SinConexion,LATAM,Express
VIP,Contraentrega,SmartTV,SinConexion,LATAM,Pickup
VIP,Contraentrega,SmartTV,SinConexion,EU,Economico
VIP,Contraentrega,SmartTV,SinConexion,EU,Estandar
VIP,Contraentrega,SmartTV,SinConexion,EU,Express
VIP,Contraentrega,SmartTV,SinConexion,EU,Pickup
VIP,Contraentrega,SmartTV,SinConexion,US,Economico
VIP,Contraentrega,SmartTV,SinConexion,US,Estandar
VIP,Contraentrega,SmartTV,SinConexion,US,Express
VIP,Contraentrega,SmartTV,SinConexion,US,Pickup
VIP,Contraentrega,SmartTV,SinConexion,APAC,Economico
VIP,Contraentrega,SmartTV,SinConexion,APAC,Estandar
VIP,Contraentrega,SmartTV,SinConexion,APAC,Express
VIP,Contraentrega,SmartTV,SinConexion,APAC,Pickup
VIP,Contraentrega,Consola,Buena,LATAM,Economico
VIP,Contraentrega,Consola,Buena,LATAM,Estandar
VIP,Contraentrega,Consola,Buena,LATAM,Express
VIP,Contraentrega,Consola,Buena,LATAM,Pickup
VIP,Contraentrega,Consola,Buena,EU,Economico
VIP,Contraentrega,Consola,Buena,EU,Estandar
VIP,Contraentrega,Consola,Buena,EU,Express
VIP,Contraentrega,Consola,Buena,EU,Pickup
VIP,Contraentrega,Consola,Buena,US,Economico
VIP,Contraentrega,Consola,Buena,US,Estandar
VIP,Contraentrega,Consola,Buena,US,Express
VIP,Contraentrega,Consola,Buena,US,Pickup
VIP,Contraentrega,Consola,Buena,APAC,Economico
VIP,Contraentrega,Consola,Buena,APAC,Estandar
VIP,Contraentrega,Consola,Buena,APAC,Express
VIP,Contraentrega,Consola,Buena,APAC,Pickup
VIP,Contraentrega,Consola,Media,LATAM,Economico
VIP,Contraentrega,Consola,Media,LATAM,Estandar
VIP,Contraentrega,Consola,Media,LATAM,Express
VIP,Contraentrega,Consola,Media,LATAM,Pickup
VIP,Contraentrega,Consola,Media,EU,Economico
VIP,Contraentrega,Consola,Media,EU,Estandar
VIP,Contraentrega,Consola,Media,EU,Express
VIP,Contraentrega,Consola,Media,EU,Pickup
VIP,Contraentrega,Consola,Media,US,Economico
VIP,Contraentrega,Consola,Media,US,Estandar
VIP,Contraentrega,Consola,Media,US,Express
VIP,Contraentrega,Consola,Media,US,Pickup
VIP,Contraentrega,Consola,Media,APAC,Economico
VIP,Contraentrega,Consola,Media,APAC,Estandar
VIP,Contraentrega,Consola,Media,APAC,Express
VIP,Contraentrega,Consola,Media,APAC,Pickup
VIP,Contraentrega,Consola,Lenta,LATAM,Economico
VIP,Contraentrega,Consola,Lenta,LATAM,Estandar
VIP,Contraentrega,Consola,Lenta,LATAM,Express
VIP,Contraentrega,Consola,Lenta,LATAM,Pickup
VIP,Contraentrega,Consola,Lenta,EU,Economico
VIP,Contraentrega,Consola,Lenta,EU,Estandar
VIP,Contraentrega,Consola,Lenta,EU,Express
VIP,Contraentrega,Consola,Lenta,EU,Pickup
VIP,Contraentrega,Consola,Lenta,US,Economico
VIP,Contraentrega,Consola,Lenta,US,Estandar
VIP,Contraentrega,Consola,Lenta,US,Express
VIP,Contraentrega,Consola,Lenta,US,Pickup
VIP,Contraentrega,Consola,Lenta,APAC,Economico
VIP,Contraentrega,Consola,Lenta,APAC,Estandar
VIP,Contraentrega,Consola,Lenta,APAC,Express
VIP,Contraentrega,Consola,Lenta,APAC,Pickup
VIP,Contraentrega,Consola,Intermitente,LATAM,Economico
VIP,Contraentrega,Consola,Intermitente,LATAM,Estandar
VIP,Contraentrega,Consola,Intermitente,LATAM,Express
VIP,Contraentrega,Consola,Intermitente,LATAM,Pickup
VIP,Contraentrega,Consola,Intermitente,EU,Economico
VIP,Contraentrega,Consola,Intermitente,EU,Estandar
VIP,Contraentrega,Consola,Intermitente,EU,Express
VIP,Contraentrega,Consola,Intermitente,EU,Pickup
VIP,Contraentrega,Consola,Intermitente,US,Economico
VIP,Contraentrega,Consola,Intermitente,US,Estandar
VIP,Contraentrega,Consola,Intermitente,US,Express
VIP,Contraentrega,Consola,Intermitente,US,Pickup
VIP,Contraentrega,Consola,Intermitente,APAC,Economico
VIP,Contraentrega,Consola,Intermitente,APAC,Estandar
VIP,Contraentrega,Consola,Intermitente,APAC,Express
VIP,Contraentrega,Consola,Intermitente,APAC,Pickup
VIP,Contraentrega,Consola,SinConexion,LATAM,Economico
VIP,Contraentrega,Consola,SinConexion,LATAM,Estandar
VIP,Contraentrega,Consola,SinConexion,LATAM,Express
VIP,Contraentrega,Consola,SinConexion,LATAM,Pickup
VIP,Contraentrega,Consola,SinConexion,EU,Economico
VIP,Contraentrega,Consola,SinConexion,EU,Estandar
VIP,Contraentrega,Consola,SinConexion,EU,Express
VIP,Contraentrega,Consola,SinConexion,EU,Pickup
VIP,Contraentrega,Consola,SinConexion,US,Economico
VIP,Contraentrega,Consola,SinConexion,US,Estandar
VIP,Contraentrega,Consola,SinConexion,US,Express
VIP,Contraentrega,Consola,SinConexion,US,Pickup
VIP,Contraentrega,Consola,SinConexion,APAC,Economico
VIP,Contraentrega,Consola,SinConexion,APAC,Estandar
VIP,Contraentrega,Consola,SinConexion,APAC,Express
VIP,Contraentrega,Consola,SinConexion,APAC,Pickup
VIP,Cripto,Movil,Buena,LATAM,Economico
VIP,Cripto,Movil,Buena,LATAM,Estandar
VIP,Cripto,Movil,Buena,LATAM,Express
VIP,Cripto,Movil,Buena,LATAM,Pickup
VIP,Cripto,Movil,Buena,EU,Economico
VIP,Cripto,Movil,Buena,EU,Estandar
VIP,Cripto,Movil,Buena,EU,Express
VIP,Cripto,Movil,Buena,EU,Pickup
VIP,Cripto,Movil,Buena,US,Economico
VIP,Cripto,Movil,Buena,US,Estandar
VIP,Cripto,Movil,Buena,US,Express
VIP,Cripto,Movil,Buena,US,Pickup
VIP,Cripto,Movil,Buena,APAC,Economico
VIP,Cripto,Movil,Buena,APAC,Estandar
VIP,Cripto,Movil,Buena,APAC,Express
VIP,Cripto,Movil,Buena,APAC,Pickup
VIP,Cripto,Movil,Media,LATAM,Economico
VIP,Cripto,Movil,Media,LATAM,Estandar
VIP,Cripto,Movil,Media,LATAM,Express
VIP,Cripto,Movil,Media,LATAM,Pickup
VIP,Cripto,Movil,Media,EU,Economico
VIP,Cripto,Movil,Media,EU,Estandar
VIP,Cripto,Movil,Media,EU,Express
VIP,Cripto,Movil,Media,EU,Pickup
VIP,Cripto,Movil,Media,US,Economico
VIP,Cripto,Movil,Media,US,Estandar
VIP,Cripto,Movil,Media,US,Express
VIP,Cripto,Movil,Media,US,Pickup
VIP,Cripto,Movil,Media,APAC,Economico
VIP,Cripto,Movil,Media,APAC,Estandar
VIP,Cripto,Movil,Media,APAC,Express
VIP,Cripto,Movil,Media,APAC,Pickup
VIP,Cripto,Movil,Lenta,LATAM,Economico
VIP,Cripto,Movil,Lenta,LATAM,Estandar
VIP,Cripto,Movil,Lenta,LATAM,Express
VIP,Cripto,Movil,Lenta,LATAM,Pickup
VIP,Cripto,Movil,Lenta,EU,Economico
VIP,Cripto,Movil,Lenta,EU,Estandar
VIP,Cripto,Movil,Lenta,EU,Express
VIP,Cripto,Movil,Lenta,EU,Pickup
VIP,Cripto,Movil,Lenta,US,Economico
VIP,Cripto,Movil,Lenta,US,Estandar
VIP,Cripto,Movil,Lenta,US,Express
VIP,Cripto,Movil,Lenta,US,Pickup
VIP,Cripto,Movil,Lenta,APAC,Economico
VIP,Cripto,Movil,Lenta,APAC,Estandar
VIP,Cripto,Movil,Lenta,APAC,Express
VIP,Cripto,Movil,Lenta,APAC,Pickup
VIP,Cripto,Movil,Intermitente,LATAM,Economico
VIP,Cripto,Movil,Intermitente,LATAM,Estandar
VIP,Cripto,Movil,Intermitente,LATAM,Express
VIP,Cripto,Movil,Intermitente,LATAM,Pickup
VIP,Cripto,Movil,Intermitente,EU,Economico
VIP,Cripto,Movil,Intermitente,EU,Estandar
VIP,Cripto,Movil,Intermitente,EU,Express
VIP,Cripto,Movil,Intermitente,EU,Pickup
VIP,Cripto,Movil,Intermitente,US,Economico
VIP,Cripto,Movil,Intermitente,US,Estandar
VIP,Cripto,Movil,Intermitente,US,Express
VIP,Cripto,Movil,Intermitente,US,Pickup
VIP,Cripto,Movil,Intermitente,APAC,Economico
VIP,Cripto,Movil,Intermitente,APAC,Estandar
VIP,Cripto,Movil,Intermitente,APAC,Express
VIP,Cripto,Movil,Intermitente,APAC,Pickup
VIP,Cripto,Movil,SinConexion,LATAM,Economico
VIP,Cripto,Movil,SinConexion,LATAM,Estandar
VIP,Cripto,Movil,SinConexion,LATAM,Express
VIP,Cripto,Movil,SinConexion,LATAM,Pickup
VIP,Cripto,Movil,SinConexion,EU,Economico
VIP,Cripto,Movil,SinConexion,EU,Estandar
VIP,Cripto,Movil,SinConexion,EU,Express
VIP,Cripto,Movil,SinConexion,EU,Pickup
VIP,Cripto,Movil,SinConexion,US,Economico
VIP,Cripto,Movil,SinConexion,US,Estandar
VIP,Cripto,Movil,SinConexion,US,Express
VIP,Cripto,Movil,SinConexion,US,Pickup
VIP,Cripto,Movil,SinConexion,APAC,Economico
VIP,Cripto,Movil,SinConexion,APAC,Estandar
VIP,Cripto,Movil,SinConexion,APAC,Express
VIP,Cripto,Movil,SinConexion,APAC,Pickup
VIP,Cripto,Desktop,Buena,LATAM,Economico
VIP,Cripto,Desktop,Buena,LATAM,Estandar
VIP,Cripto,Desktop,Buena,LATAM,Express
VIP,Cripto,Desktop,Buena,LATAM,Pickup
VIP,Cripto,Desktop,Buena,EU,Economico
VIP,Cripto,Desktop,Buena,EU,Estandar
VIP,Cripto,Desktop,Buena,EU,Express
VIP,Cripto,Desktop,Buena,EU,Pickup
VIP,Cripto,Desktop,Buena,US,Economico
VIP,Cripto,Desktop,Buena,US,Estandar
VIP,Cripto,Desktop,Buena,US,Express
VIP,Cripto,Desktop,Buena,US,Pickup
VIP,Cripto,Desktop,Buena,APAC,Economico
VIP,Cripto,Desktop,Buena,APAC,Estandar
VIP,Cripto,Desktop,Buena,APAC,Express
VIP,Cripto,Desktop,Buena,APAC,Pickup
VIP,Cripto,Desktop,Media,LATAM,Economico
VIP,Cripto,Desktop,Media,LATAM,Estandar
VIP,Cripto,Desktop,Media,LATAM,Express
VIP,Cripto,Desktop,Media,LATAM,Pickup
VIP,Cripto,Desktop,Media,EU,Economico
VIP,Cripto,Desktop,Media,EU,Estandar
VIP,Cripto,Desktop,Media,EU,Express
VIP,Cripto,Desktop,Media,EU,Pickup
VIP,Cripto,Desktop,Media,US,Economico
VIP,Cripto,Desktop,Media,US,Estandar
VIP,Cripto,Desktop,Media,US,Express
VIP,Cripto,Desktop,Media,US,Pickup
VIP,Cripto,Desktop,Media,APAC,Economico
VIP,Cripto,Desktop,Media,APAC,Estandar
VIP,Cripto,Desktop,Media,APAC,Express
VIP,Cripto,Desktop,Media,APAC,Pickup
VIP,Cripto,Desktop,Lenta,LATAM,Economico
VIP,Cripto,Desktop,Lenta,LATAM,Estandar
VIP,Cripto,Desktop,Lenta,LATAM,Express
VIP,Cripto,Desktop,Lenta,LATAM,Pickup
VIP,Cripto,Desktop,Lenta,EU,Economico
VIP,Cripto,Desktop,Lenta,EU,Estandar
VIP,Cripto,Desktop,Lenta,EU,Express
VIP,Cripto,Desktop,Lenta,EU,Pickup
VIP,Cripto,Desktop,Lenta,US,Economico
VIP,Cripto,Desktop,Lenta,US,Estandar
VIP,Cripto,Desktop,Lenta,US,Express
VIP,Cripto,Desktop,Lenta,US,Pickup
VIP,Cripto,Desktop,Lenta,APAC,Economico
VIP,Cripto,Desktop,Lenta,APAC,Estandar
VIP,Cripto,Desktop,Lenta,APAC,Express
VIP,Cripto,Desktop,Lenta,APAC,Pickup
VIP,Cripto,Desktop,Intermitente,LATAM,Economico
VIP,Cripto,Desktop,Intermitente,LATAM,Estandar
VIP,Cripto,Desktop,Intermitente,LATAM,Express
VIP,Cripto,Desktop,Intermitente,LATAM,Pickup
VIP,Cripto,Desktop,Intermitente,EU,Economico
VIP,Cripto,Desktop,Intermitente,EU,Estandar
VIP,Cripto,Desktop,Intermitente,EU,Express
VIP,Cripto,Desktop,Intermitente,EU,Pickup
VIP,Cripto,Desktop,Intermitente,US,Economico
VIP,Cripto,Desktop,Intermitente,US,Estandar
VIP,Cripto,Desktop,Intermitente,US,Express
VIP,Cripto,Desktop,Intermitente,US,Pickup
VIP,Cripto,Desktop,Intermitente,APAC,Economico
VIP,Cripto,Desktop,Intermitente,APAC,Estandar
VIP,Cripto,Desktop,Intermitente,APAC,Express
VIP,Cripto,Desktop,Intermitente,APAC,Pickup
VIP,Cripto,Desktop,SinConexion,LATAM,Economico
VIP,Cripto,Desktop,SinConexion,LATAM,Estandar
VIP,Cripto,Desktop,SinConexion,LATAM,Express
VIP,Cripto,Desktop,SinConexion,LATAM,Pickup
VIP,Cripto,Desktop,SinConexion,EU,Economico
VIP,Cripto,Desktop,SinConexion,EU,Estandar
VIP,Cripto,Desktop,SinConexion,EU,Express
VIP,Cripto,Desktop,SinConexion,EU,Pickup
VIP,Cripto,Desktop,SinConexion,US,Economico
VIP,Cripto,Desktop,SinConexion,US,Estandar
VIP,Cripto,Desktop,SinConexion,US,Express
VIP,Cripto,Desktop,SinConexion,US,Pickup
VIP,Cripto,Desktop,SinConexion,APAC,Economico
VIP,Cripto,Desktop,SinConexion,APAC,Estandar
VIP,Cripto,Desktop,SinConexion,APAC,Express
VIP,Cripto,Desktop,SinConexion,APAC,Pickup
VIP,Cripto,Tableta,Buena,LATAM,Economico
VIP,Cripto,Tableta,Buena,LATAM,Estandar
VIP,Cripto,Tableta,Buena,LATAM,Express
VIP,Cripto,Tableta,Buena,LATAM,Pickup
VIP,Cripto,Tableta,Buena,EU,Economico
VIP,Cripto,Tableta,Buena,EU,Estandar
VIP,Cripto,Tableta,Buena,EU,Express
VIP,Cripto,Tableta,Buena,EU,Pickup
VIP,Cripto,Tableta,Buena,US,Economico
VIP,Cripto,Tableta,Buena,US,Estandar
VIP,Cripto,Tableta,Buena,US,Express
VIP,Cripto,Tableta,Buena,US,Pickup
VIP,Cripto,Tableta,Buena,APAC,Economico
VIP,Cripto,Tableta,Buena,APAC,Estandar
VIP,Cripto,Tableta,Buena,APAC,Express
VIP,Cripto,Tableta,Buena,APAC,Pickup
VIP,Cripto,Tableta,Media,LATAM,Economico
VIP,Cripto,Tableta,Media,LATAM,Estandar
VIP,Cripto,Tableta,Media,LATAM,Express
VIP,Cripto,Tableta,Media,LATAM,Pickup
VIP,Cripto,Tableta,Media,EU,Economico
VIP,Cripto,Tableta,Media,EU,Estandar
VIP,Cripto,Tableta,Media,EU,Express
VIP,Cripto,Tableta,Media,EU,Pickup
VIP,Cripto,Tableta,Media,US,Economico
VIP,Cripto,Tableta,Media,US,Estandar
VIP,Cripto,Tableta,Media,US,Express
VIP,Cripto,Tableta,Media,US,Pickup
VIP,Cripto,Tableta,Media,APAC,Economico
VIP,Cripto,Tableta,Media,APAC,Estandar
VIP,Cripto,Tableta,Media,APAC,Express
VIP,Cripto,Tableta,Media,APAC,Pickup
VIP,Cripto,Tableta,Lenta,LATAM,Economico
VIP,Cripto,Tableta,Lenta,LATAM,Estandar
VIP,Cripto,Tableta,Lenta,LATAM,Express
VIP,Cripto,Tableta,Lenta,LATAM,Pickup
VIP,Cripto,Tableta,Lenta,EU,Economico
VIP,Cripto,Tableta,Lenta,EU,Estandar
VIP,Cripto,Tableta,Lenta,EU,Express
VIP,Cripto,Tableta,Lenta,EU,Pickup
VIP,Cripto,Tableta,Lenta,US,Economico
VIP,Cripto,Tableta,Lenta,US,Estandar
VIP,Cripto,Tableta,Lenta,US,Express
VIP,Cripto,Tableta,Lenta,US,Pickup
VIP,Cripto,Tableta,Lenta,APAC,Economico
VIP,Cripto,Tableta,Lenta,APAC,Estandar
VIP,Cripto,Tableta,Lenta,APAC,Express
VIP,Cripto,Tableta,Lenta,APAC,Pickup
VIP,Cripto,Tableta,Intermitente,LATAM,Economico
VIP,Cripto,Tableta,Intermitente,LATAM,Estandar
VIP,Cripto,Tableta,Intermitente,LATAM,Express
VIP,Cripto,Tableta,Intermitente,LATAM,Pickup
VIP,Cripto,Tableta,Intermitente,EU,Economico
VIP,Cripto,Tableta,Intermitente,EU,Estandar
VIP,Cripto,Tableta,Intermitente,EU,Express
VIP,Cripto,Tableta,Intermitente,EU,Pickup
VIP,Cripto,Tableta,Intermitente,US,Economico
VIP,Cripto,Tableta,Intermitente,US,Estandar
VIP,Cripto,Tableta,Intermitente,US,Express
VIP,Cripto,Tableta,Intermitente,US,Pickup
VIP,Cripto,Tableta,Intermitente,APAC,Economico
VIP,Cripto,Tableta,Intermitente,APAC,Estandar
VIP,Cripto,Tableta,Intermitente,APAC,Express
VIP,Cripto,Tableta,Intermitente,APAC,Pickup
VIP,Cripto,Tableta,SinConexion,LATAM,Economico
VIP,Cripto,Tableta,SinConexion,LATAM,Estandar
VIP,Cripto,Tableta,SinConexion,LATAM,Express
VIP,Cripto,Tableta,SinConexion,LATAM,Pickup
VIP,Cripto,Tableta,SinConexion,EU,Economico
VIP,Cripto,Tableta,SinConexion,EU,Estandar
VIP,Cripto,Tableta,SinConexion,EU,Express
VIP,Cripto,Tableta,SinConexion,EU,Pickup
VIP,Cripto,Tableta,SinConexion,US,Economico
VIP,Cripto,Tableta,SinConexion,US,Estandar
VIP,Cripto,Tableta,SinConexion,US,Express
VIP,Cripto,Tableta,SinConexion,US,Pickup
VIP,Cripto,Tableta,SinConexion,APAC,Economico
VIP,Cripto,Tableta,SinConexion,APAC,Estandar
VIP,Cripto,Tableta,SinConexion,APAC,Express
VIP,Cripto,Tableta,SinConexion,APAC,Pickup
VIP,Cripto,SmartTV,Buena,LATAM,Economico
VIP,Cripto,SmartTV,Buena,LATAM,Estandar
VIP,Cripto,SmartTV,Buena,LATAM,Express
VIP,Cripto,SmartTV,Buena,LATAM,Pickup
VIP,Cripto,SmartTV,Buena,EU,Economico
VIP,Cripto,SmartTV,Buena,EU,Estandar
VIP,Cripto,SmartTV,Buena,EU,Express
VIP,Cripto,SmartTV,Buena,EU,Pickup
VIP,Cripto,SmartTV,Buena,US,Economico
VIP,Cripto,SmartTV,Buena,US,Estandar
VIP,Cripto,SmartTV,Buena,US,Express
VIP,Cripto,SmartTV,Buena,US,Pickup
VIP,Cripto,SmartTV,Buena,APAC,Economico
VIP,Cripto,SmartTV,Buena,APAC,Estandar
VIP,Cripto,SmartTV,Buena,APAC,Express
VIP,Cripto,SmartTV,Buena,APAC,Pickup
VIP,Cripto,SmartTV,Media,LATAM,Economico
VIP,Cripto,SmartTV,Media,LATAM,Estandar
VIP,Cripto,SmartTV,Media,LATAM,Express
VIP,Cripto,SmartTV,Media,LATAM,Pickup
VIP,Cripto,SmartTV,Media,EU,Economico
VIP,Cripto,SmartTV,Media,EU,Estandar
VIP,Cripto,SmartTV,Media,EU,Express
VIP,Cripto,SmartTV,Media,EU,Pickup
VIP,Cripto,SmartTV,Media,US,Economico
VIP,Cripto,SmartTV,Media,US,Estandar
VIP,Cripto,SmartTV,Media,US,Express
VIP,Cripto,SmartTV,Media,US,Pickup
VIP,Cripto,SmartTV,Media,APAC,Economico
VIP,Cripto,SmartTV,Media,APAC,Estandar
VIP,Cripto,SmartTV,Media,APAC,Express
VIP,Cripto,SmartTV,Media,APAC,Pickup
VIP,Cripto,SmartTV,Lenta,LATAM,Economico
VIP,Cripto,SmartTV,Lenta,LATAM,Estandar
VIP,Cripto,SmartTV,Lenta,LATAM,Express
VIP,Cripto,SmartTV,Lenta,LATAM,Pickup
VIP,Cripto,SmartTV,Lenta,EU,Economico
VIP,Cripto,SmartTV,Lenta,EU,Estandar
VIP,Cripto,SmartTV,Lenta,EU,Express
VIP,Cripto,SmartTV,Lenta,EU,Pickup
VIP,Cripto,SmartTV,Lenta,US,Economico
VIP,Cripto,SmartTV,Lenta,US,Estandar
VIP,Cripto,SmartTV,Lenta,US,Express
VIP,Cripto,SmartTV,Lenta,US,Pickup
VIP,Cripto,SmartTV,Lenta,APAC,Economico
VIP,Cripto,SmartTV,Lenta,APAC,Estandar
VIP,Cripto,SmartTV,Lenta,APAC,Express
VIP,Cripto,SmartTV,Lenta,APAC,Pickup
VIP,Cripto,SmartTV,Intermitente,LATAM,Economico
VIP,Cripto,SmartTV,Intermitente,LATAM,Estandar
VIP,Cripto,SmartTV,Intermitente,LATAM,Express
VIP,Cripto,SmartTV,Intermitente,LATAM,Pickup
VIP,Cripto,SmartTV,Intermitente,EU,Economico
VIP,Cripto,SmartTV,Intermitente,EU,Estandar
VIP,Cripto,SmartTV,Intermitente,EU,Express
VIP,Cripto,SmartTV,Intermitente,EU,Pickup
VIP,Cripto,SmartTV,Intermitente,US,Economico
VIP,Cripto,SmartTV,Intermitente,US,Estandar
VIP,Cripto,SmartTV,Intermitente,US,Express
VIP,Cripto,SmartTV,Intermitente,US,Pickup
VIP,Cripto,SmartTV,Intermitente,APAC,Economico
VIP,Cripto,SmartTV,Intermitente,APAC,Estandar
VIP,Cripto,SmartTV,Intermitente,APAC,Express
VIP,Cripto,SmartTV,Intermitente,APAC,Pickup
VIP,Cripto,SmartTV,SinConexion,LATAM,Economico
VIP,Cripto,SmartTV,SinConexion,LATAM,Estandar
VIP,Cripto,SmartTV,SinConexion,LATAM,Express
VIP,Cripto,SmartTV,SinConexion,LATAM,Pickup
VIP,Cripto,SmartTV,SinConexion,EU,Economico
VIP,Cripto,SmartTV,SinConexion,EU,Estandar
VIP,Cripto,SmartTV,SinConexion,EU,Express
VIP,Cripto,SmartTV,SinConexion,EU,Pickup
VIP,Cripto,SmartTV,SinConexion,US,Economico
VIP,Cripto,SmartTV,SinConexion,US,Estandar
VIP,Cripto,SmartTV,SinConexion,US,Express
VIP,Cripto,SmartTV,SinConexion,US,Pickup
VIP,Cripto,SmartTV,SinConexion,APAC,Economico
VIP,Cripto,SmartTV,SinConexion,APAC,Estandar
VIP,Cripto,SmartTV,SinConexion,APAC,Express
VIP,Cripto,SmartTV,SinConexion,APAC,Pickup
VIP,Cripto,Consola,Buena,LATAM,Economico
VIP,Cripto,Consola,Buena,LATAM,Estandar
VIP,Cripto,Consola,Buena,LATAM,Express
VIP,Cripto,Consola,Buena,LATAM,Pickup
VIP,Cripto,Consola,Buena,EU,Economico
VIP,Cripto,Consola,Buena,EU,Estandar
VIP,Cripto,Consola,Buena,EU,Express
VIP,Cripto,Consola,Buena,EU,Pickup
VIP,Cripto,Consola,Buena,US,Economico
VIP,Cripto,Consola,Buena,US,Estandar
VIP,Cripto,Consola,Buena,US,Express
VIP,Cripto,Consola,Buena,US,Pickup
VIP,Cripto,Consola,Buena,APAC,Economico
VIP,Cripto,Consola,Buena,APAC,Estandar
VIP,Cripto,Consola,Buena,APAC,Express
VIP,Cripto,Consola,Buena,APAC,Pickup
VIP,Cripto,Consola,Media,LATAM,Economico
VIP,Cripto,Consola,Media,LATAM,Estandar
VIP,Cripto,Consola,Media,LATAM,Express
VIP,Cripto,Consola,Media,LATAM,Pickup
VIP,Cripto,Consola,Media,EU,Economico
VIP,Cripto,Consola,Media,EU,Estandar
VIP,Cripto,Consola,Media,EU,Express
VIP,Cripto,Consola,Media,EU,Pickup
VIP,Cripto,Consola,Media,US,Economico
VIP,Cripto,Consola,Media,US,Estandar
VIP,Cripto,Consola,Media,US,Express
VIP,Cripto,Consola,Media,US,Pickup
VIP,Cripto,Consola,Media,APAC,Economico
VIP,Cripto,Consola,Media,APAC,Estandar
VIP,Cripto,Consola,Media,APAC,Express
VIP,Cripto,Consola,Media,APAC,Pickup
VIP,Cripto,Consola,Lenta,LATAM,Economico
VIP,Cripto,Consola,Lenta,LATAM,Estandar
VIP,Cripto,Consola,Lenta,LATAM,Express
VIP,Cripto,Consola,Lenta,LATAM,Pickup
VIP,Cripto,Consola,Lenta,EU,Economico
VIP,Cripto,Consola,Lenta,EU,Estandar
VIP,Cripto,Consola,Lenta,EU,Express
VIP,Cripto,Consola,Lenta,EU,Pickup
VIP,Cripto,Consola,Lenta,US,Economico
VIP,Cripto,Consola,Lenta,US,Estandar
VIP,Cripto,Consola,Lenta,US,Express
VIP,Cripto,Consola,Lenta,US,Pickup
VIP,Cripto,Consola,Lenta,APAC,Economico
VIP,Cripto,Consola,Lenta,APAC,Estandar
VIP,Cripto,Consola,Lenta,APAC,Express
VIP,Cripto,Consola,Lenta,APAC,Pickup
VIP,Cripto,Consola,Intermitente,LATAM,Economico
VIP,Cripto,Consola,Intermitente,LATAM,Estandar
VIP,Cripto,Consola,Intermitente,LATAM,Express
VIP,Cripto,Consola,Intermitente,LATAM,Pickup
VIP,Cripto,Consola,Intermitente,EU,Economico
VIP,Cripto,Consola,Intermitente,EU,Estandar
VIP,Cripto,Consola,Intermitente,EU,Express
VIP,Cripto,Consola,Intermitente,EU,Pickup
VIP,Cripto,Consola,Intermitente,US,Economico
VIP,Cripto,Consola,Intermitente,US,Estandar
VIP,Cripto,Consola,Intermitente,US,Express
VIP,Cripto,Consola,Intermitente,US,Pickup
VIP,Cripto,Consola,Intermitente,APAC,Economico
VIP,Cripto,Consola,Intermitente,APAC,Estandar
VIP,Cripto,Consola,Intermitente,APAC,Express
VIP,Cripto,Consola,Intermitente,APAC,Pickup
VIP,Cripto,Consola,SinConexion,LATAM,Economico
VIP,Cripto,Consola,SinConexion,LATAM,Estandar
VIP,Cripto,Consola,SinConexion,LATAM,Express
VIP,Cripto,Consola,SinConexion,LATAM,Pickup
VIP,Cripto,Consola,SinConexion,EU,Economico
VIP,Cripto,Consola,SinConexion,EU,Estandar
VIP,Cripto,Consola,SinConexion,EU,Express
VIP,Cripto,Consola,SinConexion,EU,Pickup
VIP,Cripto,Consola,SinConexion,US,Economico
VIP,Cripto,Consola,SinConexion,US,Estandar
VIP,Cripto,Consola,SinConexion,US,Express
VIP,Cripto,Consola,SinConexion,US,Pickup
VIP,Cripto,Consola,SinConexion,APAC,Economico
VIP,Cripto,Consola,SinConexion,APAC,Estandar
VIP,Cripto,Consola,SinConexion,APAC,Express
VIP,Cripto,Consola,SinConexion,APAC,Pickup
